mof_name,csd_code,parsed_pld,parsed_lcd,parsed_density,parsed_asa,parsed_pvol,pred_pld,pred_lcd,pred_asa,pred_pvol,true_pld,true_lcd,true_lfpd,true_density,true_asa,true_pvol,true_vf,pred_co2_1bar,pred_n2_1bar,pred_co2_015bar,pred_sel,pred_qst,pred_pe_vsa,true_co2_1bar,true_n2_1bar,true_co2_015bar,true_sel,true_qst
ABAYIO_clean,ABAYIO,4.3225998878479,11.39486026763916,0.9491136009526916,1505.31005859375,0.9491260051727295,4.32,11.39,1505.3,0.95,4.3226,11.39486,11.33724,0.949119,2511.18,0.529539808,0.5026,2.17,0.41,0.7,12.51,27.66,16.4,2.1764030826,0.0041125218,0.289364,12.56625430206838,11.72918975909299
ABAYOU_clean,ABAYOU,4.510799884796143,11.27344036102295,0.9792550407659546,1494.4000244140625,0.9792670011520386,4.51,11.27,1494.47,0.98,4.5108,11.27344,11.27344,0.979263,2493.59,0.519878644,0.5091,2.24,0.42,0.7,12.31,27.51,16.4,2.2534756888,0.0041529719,0.161291,12.36030591384507,11.56526186961049
ABETIN_clean,ABETIN,7.837440013885498,9.474180221557617,0.5972325866170202,3810.889892578125,0.59723299741745,7.84,9.47,3810.89,0.6,7.83744,9.47418,9.45292,0.597236,3966.71,1.064576137,0.6358,3.36,0.43,0.46,7.01,18.55,15.5,0.160845566,0.272539535,0.183221,0.5901733339348363,7.722709854693727
ABEXEN_clean,ABEXEN,13.718669891357422,18.807899475097656,0.6743635080220312,2447.090087890625,0.6743710041046143,13.72,18.81,2447.09,0.67,13.71867,18.8079,18.7996,0.674371,2515.69,0.948735933,0.6358,3.14,0.42,0.7,11.27,25.96,16.1,3.1483202986,0.0042002093,0.421775,11.2721790506447,12.51958734406711
ABIXOZ_clean,ABIXOZ,4.051499843597412,6.227280139923096,1.91760335756167,977.27197265625,1.9175100326538086,4.05,6.23,977.31,1.92,,,,1.917604457977555,,,,0.36,0.08,0.06,4.94,15.2,17.0,0.20249615,0.0004960709,0.033531,3.978188706690645,4.586064046577363
ABULOB_clean,ABULOB,4.164450168609619,4.869579792022705,1.3192087356659643,898.1209716796875,1.3192100524902344,4.16,4.87,898.25,1.32,,,,1.319210299748834,,,,4.5,0.83,1.9,17.03,28.46,15.7,4.5012686221,0.008278242,0.219728,17.03629528277695,9.521166797550961
ABUWOJ_clean,ABUWOJ,4.030389785766602,5.079689979553223,1.1582674470305148,1506.6800537109375,1.158329963684082,4.03,5.08,1506.73,1.16,4.03039,5.07969,4.98773,1.158267475485832,1981.74,0.393152211,0.4554,4.76,0.48,1.2,17.49,25.24,14.2,4.7900243114,0.0048453645,0.092593,17.71753449953557,9.205041463403372
ACAJIZ_clean,ACAJIZ,5.7404398918151855,6.186500072479248,1.3014775643161367,753.8790283203125,1.3014800548553467,5.74,6.19,753.88,1.3,5.74044,6.18649,6.18649,1.30148,898.616,0.211605249,0.2754,2.51,0.32,0.66,14.87,24.42,14.4,2.5073505805,0.0030196856,0.169836,14.86953054683964,8.872030572694005
ACAJOF_clean,ACAJOF,6.1048197746276855,6.863979816436768,1.2187129607774665,920.0460205078125,1.218709945678711,6.1,6.86,919.95,1.22,6.10482,6.86398,6.86398,1.21871,1071.62,0.250839002,0.3057,2.79,0.28,0.5,12.74,23.03,14.3,2.7653180197,0.0025901392,0.063407,12.70576595986408,8.203874791064338
ACIBOE_clean,ACIBOE,7.030710220336914,8.257760047912598,1.100888193623026,1873.8599853515625,1.1009399890899658,7.03,8.26,1873.86,1.1,7.03071,8.25776,8.25776,1.100888220716341,2111.85,0.494577361,0.5445,2.88,0.31,0.39,8.45,19.42,14.7,2.9266384678,0.0031656085,0.04882,8.448307441841544,6.696740509855733
ACODON_clean,ACODON,4.655370235443115,7.143899917602539,1.1492359794346507,1505.0899658203125,1.1492400169372559,4.65,7.14,1505.09,1.15,4.65537,7.1439,7.12384,1.14923,1827.11,0.415753019,0.4778,4.59,0.49,0.96,13.5,24.21,14.6,4.6317404467,0.0049676609,0.157558,13.53308301032064,9.024898579599558
ACOGAB_clean,ACOGAB,3.8932700157165527,5.200850009918213,1.154579602161234,1240.989990234375,1.154579997062683,3.89,5.2,1241.04,1.15,3.89327,5.20085,4.84433,1.15456,1635.13,0.323927316,0.374,4.82,0.84,2.18,19.4,27.32,14.9,4.8218285609,0.008443918,0.144224,19.45039039922733,9.285755554843806
ACOGEF_clean,ACOGEF,3.9488799571990967,5.201149940490723,1.2595240945162711,1138.3499755859375,1.2595200538635254,3.95,5.2,1138.68,1.26,3.94888,5.20115,4.84777,1.25952,1452.27,0.291857215,0.3676,4.39,0.77,2.01,19.51,27.41,14.9,4.3941853155,0.0078015001,0.105588,19.51270484488519,9.399736241651656
ACOLOV_clean,ACOLOV,5.535520076751709,8.421830177307129,0.863416555473806,2579.300048828125,0.863411009311676,5.54,8.42,2579.3,0.86,5.53552,8.42183,8.41851,0.863411,2873.46,0.649401038,0.5607,3.73,0.4,0.52,8.8,19.74,14.6,3.7049810172,0.0039711122,0.248733,8.795054292904338,7.194482094427052
ACUBAB_clean,ACUBAB,4.302949905395508,6.4817399978637695,2.3092685650887397,536.4840087890625,2.3094398975372314,4.3,6.48,536.48,2.31,,,,2.309271545393732,,,,1.06,0.14,0.2,10.09,21.25,14.5,0.9952024044,0.0013889491,0.061929,9.91222940625949,6.82470946096489
ACUFEK_clean,ACUFEK,9.008970260620117,15.556269645690918,0.5594311161592258,3941.719970703125,0.5594310164451599,9.01,15.56,3941.72,0.56,,,,0.5594311298011001,,,,1.91,0.35,0.28,5.47,16.94,16.8,1.9166351821,0.0034242818,0.10818,5.470520918575987,7.019504709573244
ACUJOZ_manual,ACUJOZ,7.825389862060547,11.508060455322266,0.6942878188674568,3375.590087890625,0.6942880153656006,7.83,11.51,3375.59,0.69,,,,0.6942877612248165,,,,2.08,0.33,0.32,6.25,17.26,15.8,2.0768309828,0.0033632649,0.090425,6.248850971530698,6.519199630712677
ADARAA_clean,ADARAA,5.40077018737793,12.2920503616333,0.8819357640367619,2485.27001953125,0.8819350004196167,5.4,12.29,2485.27,0.88,,,,0.8819353885875092,,,,3.39,0.38,0.63,11.45,22.54,14.5,3.3765594625,0.0037603163,0.132832,11.45146635123943,9.136995612041865
ADASAB_charged,ADASAB,13.490139961242676,22.824020385742188,0.3439419805245551,4829.509765625,0.34394198656082153,13.49,22.82,4829.51,0.34,,,,0.343941988903366,,,,0.85,0.27,0.12,3.02,12.12,22.0,0.8405339896,0.002594186,0.179099,3.023281884873256,5.163291930049146
ADASEF_clean,ADASEF,10.923089981079102,21.6241397857666,0.4356067885581322,4179.02001953125,0.435606986284256,10.92,21.62,4179.02,0.44,,,,0.4356067991741615,,,,1.55,0.33,0.26,5.51,18.23,17.3,1.549529447,0.0034552723,0.166425,5.496176854273687,8.988948793141063
ADATAC_clean,ADATAC,10.27637004852295,26.33514976501465,0.3372609835364535,5129.27978515625,0.33726999163627625,10.28,26.34,5129.28,0.34,,,,0.3372609917547073,,,,1.56,0.37,0.27,4.89,17.77,18.2,1.5660036977,0.0038605616,0.240522,4.891459887529803,9.289705640438179
ADATEG_manual,ADATEG,13.33903980255127,27.337820053100586,0.23877676669095374,6170.7001953125,0.23877699673175812,13.34,27.34,6170.7,0.24,13.33904,27.33782,27.33782,0.238777,6033.39,3.598336523,0.8592,1.04,0.37,0.15,2.74,11.43,23.4,1.0414093324,0.0035615902,0.06478,2.737615527535001,4.89325492786787
ADATIK_clean,ADATIK,12.174260139465332,24.550819396972656,0.37757670006494365,4535.56982421875,0.377577006816864,12.17,24.55,4535.57,0.38,12.17426,24.55082,18.62931,0.377576,4474.7,2.216501535,0.8369,1.23,0.3,0.2,4.56,16.75,18.5,1.230892569,0.0029677368,0.094867,4.546628717295643,8.617821350801245
ADATOQ_clean,ADATOQ,9.076109886169434,10.542099952697754,0.6320773302697135,3677.949951171875,0.6320769786834717,9.08,10.54,3677.95,0.63,9.07611,10.5421,10.5421,0.63207,3800.98,0.996714008,0.63,3.48,0.39,0.65,10.96,22.7,14.8,3.4108316102,0.0039364035,0.235357,10.89804342039982,10.18028304006559
ADAXEK_clean,ADAXEK,4.104450225830078,5.767240047454834,1.2634293455657792,1033.3800048828125,1.2634299993515015,4.1,5.77,1033.43,1.26,4.10445,5.76724,5.76724,1.263428604984369,1277.93,0.287233958,0.3629,4.31,0.8,2.17,20.84,28.45,15.2,4.3145252698,0.0081317045,0.189015,21.15052387406449,10.88466115978525
ADAXIO_clean,ADAXIO,5.00855016708374,5.72681999206543,1.2806164165536889,890.52001953125,1.2806199789047241,5.01,5.73,891.2,1.28,5.00855,5.72682,5.71823,1.28062,1132.69,0.25222158,0.323,3.6,0.65,1.46,17.39,25.69,14.4,3.6034997236,0.0066269363,0.141413,17.62393215286723,8.887683024502973
ADOCEC_clean,ADOCEC,3.832779884338379,5.401350021362305,1.5354305840768592,613.5599975585938,1.5354399681091309,3.83,5.4,613.99,1.54,3.83278,5.40135,5.1457,1.535436224509211,831.915,0.21264263,0.2604,2.55,0.27,0.67,17.82,25.19,14.1,2.5411173293,0.0026119113,0.125778,17.83425247364708,8.96660519141476
ADODAA_charged,ADODAA,4.906499862670898,10.017000198364258,1.0387642759139448,1977.4599609375,1.0387599468231201,4.91,10.02,1977.46,1.04,4.9065,9.42482,9.42263,1.06972,1914.56,0.63381,0.678,1.11,0.17,0.16,6.1,17.04,15.9,1.1072481275,0.001729997,0.098674,6.107111473477433,6.294714881252839
ADODII_clean,ADODII,5.30364990234375,5.975409984588623,1.2166135243475629,897.4119873046875,1.2166099548339844,5.3,5.98,897.41,1.22,5.30365,5.97541,5.62846,1.2166,1209.25,0.27724579,0.3373,3.36,0.59,1.31,16.93,25.09,14.2,3.3798059363,0.0060400642,0.227576,17.21010307989061,8.607746351676322
ADODOO_clean,ADODOO,5.313310146331787,5.944300174713135,1.2879647468493833,818.9609985351562,1.2879600524902344,5.31,5.94,818.36,1.29,5.31331,5.9443,5.61744,1.28798,1040.93,0.2412342,0.3107,3.3,0.64,1.4,17.3,25.94,14.6,3.2825193589,0.0064572541,0.097476,17.3964513673966,8.815787304192149
ADODUU_clean,ADODUU,5.29095983505249,5.933380126953125,1.3157346838608004,798.4390258789062,1.3157299757003784,5.29,5.93,798.51,1.32,5.29096,5.93337,5.57799,1.31572,1011.82,0.23583866,0.3103,3.26,0.67,1.45,17.35,26.25,14.7,3.2564337869,0.006996983,0.279397,17.4696519243458,8.910837871437959
ADOGEH_clean,ADOGEH,5.052579879760742,12.714469909667969,1.0199116969425956,1958.1400146484375,1.0199099779129028,5.05,12.71,1958.14,1.02,,,,1.019911721829021,,,,4.78,1.15,1.34,12.09,33.31,19.1,4.7784072728,0.011657331,0.344673,12.10796697000601,13.60679354859374
ADUROI_clean,ADUROI,17.12424087524414,25.685529708862305,0.4025586944911479,3194.10009765625,0.4025669991970062,17.12,25.69,3194.1,0.4,17.12424,25.68553,25.68553,0.402567,3216.69,1.91794161,0.7721,0.85,0.25,0.13,3.39,13.28,20.7,0.8452195426,0.0024310906,0.087656,3.385251628643844,5.708410191798709
ADUWON_clean,ADUWON,5.99724006652832,16.379350662231445,0.5212469901297713,4587.81982421875,0.5212470293045044,6.0,16.38,4587.82,0.52,,,,0.5212467080451934,,,,3.59,0.49,0.5,6.68,17.35,15.3,3.6090143539,0.0048591052,0.082997,6.692091256794169,6.339187808610315
AFEJOK_ion_b,AFEJOK,5.126890182495117,5.9982500076293945,1.101299433779131,1489.7900390625,1.101289987564087,5.13,6.0,1489.96,1.1,,,,1.101293690783553,,,,4.26,0.46,0.79,12.14,22.51,14.2,4.2574846756,0.004541515,0.16103,12.08230268905496,7.850833810399321
AFITEP_clean,AFITEP,4.099969863891602,4.6402201652526855,1.069261592376561,1422.489990234375,1.0692800283432007,4.1,4.65,1422.49,1.07,4.08994,4.62027,4.61738,1.0693,1427.36,0.496588,0.531,5.91,0.04,3.35,21.63,29.48,15.6,5.9077104907,0.0121175086,0.361398,21.63177234913769,27.03758350401661
AFITUF_clean,AFITUF,5.085239887237549,7.140659809112549,1.322831279700654,1051.8599853515625,1.322849988937378,5.09,7.14,1051.86,1.32,5.08524,7.14066,7.12439,1.32283131206134,1256.49,0.24893223,0.3293,2.74,0.04,0.64,14.92,24.72,14.5,2.7488028889,0.0031220991,0.190827,14.92045434917717,22.24112397502694
AFIXAO_clean,AFIXAO,4.520969867706299,6.330599784851074,1.1222306377213984,1176.43994140625,1.122230052947998,4.52,6.33,1176.42,1.12,4.52097,6.3306,6.32879,1.12222953763341,1446.81,0.313037434,0.3513,2.14,0.34,0.56,11.82,25.42,15.7,2.1444518351,0.0034292031,0.404649,11.80842985592131,9.389735089169129
AFIXES_clean,AFIXES,4.7480998039245605,6.438640117645264,1.1257409409337162,1159.22998046875,1.1257400512695312,4.75,6.44,1159.21,1.13,4.7481,6.43864,6.42659,1.1257398374053,1429.94,0.312683213,0.352,2.16,0.34,0.56,11.83,25.73,15.8,2.1566135287,0.0033730928,0.2621,11.82708408124953,9.603258796166386
AFOTOF_clean,AFOTOF,6.772870063781738,8.793100357055664,1.0743899046050287,1533.6600341796875,1.0743900537490845,6.77,8.79,1533.47,1.07,6.77287,8.7931,8.7931,1.07439,1805.96,0.479062538,0.5147,4.01,0.58,1.04,13.24,28.61,16.7,4.0264947798,0.0060798273,0.375024,13.26157117628873,11.36294308970939
AFOTUL_clean,AFOTUL,6.814080238342285,8.802120208740234,1.059685873200374,1588.469970703125,1.059689998626709,6.81,8.8,1588.65,1.06,6.81408,8.80212,8.79682,1.05968,1849.73,0.491558852,0.5209,4.09,0.57,1.01,13.07,28.23,16.5,4.0988839742,0.0057969692,0.414613,13.09814740467571,11.19097518372455
AFOVAT_clean,AFOVAT,6.547540187835693,8.32882022857666,1.0407694313723168,1605.1800537109375,1.0407700538635254,6.55,8.33,1605.16,1.04,6.54754,8.32882,8.28902,1.04077,1866.19,0.488868818,0.5088,4.23,0.58,1.15,14.41,29.11,16.6,4.2318603061,0.0057714732,0.448832,14.47554378842019,12.21267570195358
AFOVEX_clean,AFOVEX,6.860509872436523,8.815150260925293,1.0220625692703624,1637.4300537109375,1.0220600366592407,6.86,8.82,1637.15,1.02,6.86051,8.81515,8.81515,1.02205,1921.36,0.511515958,0.5228,3.93,0.57,1.01,12.82,28.16,16.6,3.9275753492,0.0058678363,0.719367,12.82165821502583,11.28233456559407
AFOVIB_clean,AFOVIB,6.741179943084717,8.793339729309082,1.0948044502414789,1513.93994140625,1.0947999954223633,6.74,8.79,1513.83,1.09,6.74118,8.79334,8.79334,1.09482,1768.81,0.468852758,0.5133,4.12,0.58,1.05,13.18,28.67,16.7,4.1591508079,0.0059170821,0.563016,13.17941899764236,11.39001970224309
AFOVOH_clean,AFOVOH,6.845980167388916,8.788470268249512,1.0481680486264513,1587.3199462890625,1.0481599569320679,6.85,8.79,1587.65,1.05,6.84598,8.78847,8.77538,1.04818,1860.59,0.490669363,0.5143,4.03,0.58,1.03,12.96,28.53,16.7,4.0491303256,0.0057773876,0.473611,12.98406355969748,11.38200312868582
AFOYAW_clean,AFOYAW,4.227389812469482,5.9453301429748535,0.9781225425828556,1850.8900146484375,0.9781219959259033,4.23,5.95,1850.84,0.98,,,,0.9781225668230472,,,,5.53,0.51,1.22,16.43,23.9,13.8,5.6632575448,0.0049082665,0.21516,16.46327874640165,8.479548087584574
AFOYIE_clean,AFOYIE,8.619290351867676,9.085659980773926,0.7618868515778817,2697.60009765625,0.7618870139122009,8.62,9.09,2697.6,0.76,8.61929,9.08566,9.08005,1.1599,3033.85,0.807600077,0.6153,2.7,0.31,0.36,7.61,18.8,15.0,2.6787327312,0.0031305853,0.128279,7.589071173762113,7.231020537206298
AFOYOK_clean,AFOYOK,5.717850208282471,7.7348198890686035,0.9794479353106373,1668.1800537109375,0.9794480204582214,5.72,7.73,1668.18,0.98,,,,0.9794479595466121,,,,4.68,0.31,0.57,12.69,21.45,13.6,4.6477945888,0.0031623726,0.122442,12.69487913802142,8.261559715002969
AFUKET_clean,AFUKET,4.7743000984191895,5.966710090637207,0.959700238666479,1731.989990234375,0.9596999883651733,4.77,5.97,1732.01,0.96,4.7743,5.96671,5.96671,0.959704,2003.74,0.422006877,0.3737,5.46,0.96,1.53,13.82,31.19,17.7,5.5110275383,0.009918171,0.283397,13.81839991801368,12.70480427777607
AFUKIX_clean,AFUKIX,5.474420070648193,8.695039749145508,0.784291926215543,2572.85009765625,0.7842919826507568,5.47,8.7,2572.85,0.78,,,,0.7842918684022188,,,,3.82,0.42,0.69,10.16,22.5,15.0,3.8088221844,0.0044496824,0.306118,10.14546906395446,9.322274083823833
AFUPEX_clean,AFUPEX,4.588910102844238,5.433119773864746,1.386410019438527,1590.3900146484375,1.3864099979400635,4.59,5.43,1590.39,1.39,4.58891,5.43312,5.43311,1.38640924287445,1927.26,0.396275272,0.5494,3.35,0.34,0.59,11.64,21.62,14.0,3.3405345872,0.0033997301,0.163351,11.19564652767357,7.230979838718859
AGABIU_clean,AGABIU,10.827420234680176,12.570980072021484,0.6471208024838466,2769.2900390625,0.6471220254898071,10.83,12.57,2769.29,0.65,,,,0.6471202237130637,,,,0.48,0.15,0.07,3.24,12.34,21.0,0.449980581,0.0,0.050906,3.215606327293414,4.525214902622372
AGARUW_clean,AGARUW,6.251830101013184,6.77692985534668,1.7719457269368108,759.8040161132812,1.7719500064849854,6.25,6.78,759.68,1.77,6.25183,6.77693,6.7733,1.77195,893.016,0.211461949,0.3747,1.42,0.17,0.24,9.67,19.98,14.2,1.3800661585,0.0015712536,0.017882,9.464315787357846,6.628423154758465
AGOFEJ_clean,AGOFEJ,8.71558952331543,12.613800048828125,0.5836748811610786,3357.77001953125,0.5836750268936157,8.72,12.61,3357.77,0.58,8.71559,12.6138,12.59801,0.583675,3459.61,1.144472523,0.668,1.97,0.35,0.39,7.38,20.84,16.2,1.9669628757,0.0035085944,0.392791,7.393678681975984,9.3220330547699
AGONAM_clean,AGONAM,4.907289981842041,5.6322197914123535,1.4376897514244342,953.1710205078125,1.4376800060272217,4.91,5.63,952.95,1.44,4.90729,5.63222,5.59904,1.43768,1125.73,0.270087919,0.3883,2.67,0.35,0.6,12.21,22.56,14.2,2.672878161,0.0035880021,0.15064,12.12573241529781,7.560562215520372
AGONEQ_clean,AGONEQ,5.906109809875488,6.160990238189697,1.082541837552969,2090.610107421875,1.0825300216674805,5.91,6.16,2090.61,1.08,5.90611,6.16099,6.12795,1.08253,2293.81,0.545296666,0.5903,2.68,0.33,0.36,7.38,17.77,14.8,2.6399261172,0.0033876504,0.074059,7.308392629870688,5.672169811105732
AGOVOJ_clean,AGOVOJ,9.206910133361816,13.912010192871094,0.6160354663443613,3431.85009765625,0.616034984588623,9.21,13.91,3431.85,0.62,,,,0.6160354813675906,,,,1.47,0.27,0.23,5.73,17.17,16.5,1.470527351,0.0028283745,0.14146,5.723966062630661,7.52191573781732
AGUBUA_clean,AGUBUA,4.595630168914795,5.462180137634277,1.8330692636604522,734.1959838867188,1.8331700563430786,4.6,5.46,734.13,1.83,,,,1.833073853794756,,,,2.96,0.63,1.32,16.21,26.1,14.8,2.9574066552,0.0,0.135132,16.23571381592219,8.618229404978301
AGUVOO_charged,AGUVOO,4.111810207366943,6.072199821472168,1.1645490611003169,1302.93994140625,1.1645499467849731,4.11,6.07,1302.81,1.16,4.11157,6.07219,6.04748,1.01535,1974.58,0.62402,0.6336,2.72,0.31,0.5,11.13,22.35,14.5,2.717305111,0.0030997485,0.183947,11.13121346016679,7.572322296323255
AHEQAH_clean,AHEQAH,6.216730117797852,9.268289566040039,0.7592872283417872,3181.909912109375,0.7592869997024536,6.22,9.27,3181.91,0.76,,,,0.7592868743179318,,,,4.05,0.44,0.56,8.54,19.88,14.8,4.0480127568,0.0043082605,0.240321,8.553060082205361,7.563198969367216
AJAKON_clean,AJAKON,4.3230299949646,5.276500225067139,1.3672363755502204,780.0050048828125,1.3672300577163696,4.32,5.28,780.36,1.37,4.32303,5.2765,5.27104,1.36723,1142.13,0.206402727,0.2822,3.14,0.42,1.12,19.6,27.24,14.8,3.1313374514,0.0041135487,0.386992,19.63815102581728,9.750776452808417
AJAYIT_clean,AJAYIT,4.893010139465332,7.126110076904297,1.9839215003227937,423.7820129394531,1.9839199781417847,4.89,7.13,423.78,1.98,4.89301,7.12611,7.12611,1.98392,522.99,0.128634219,0.2552,0.02,0.27,0.56,15.58,24.99,14.5,0.0,0.0027191631,0.154121,15.84145012290162,8.58040200172369
AJIGIL_clean,AJIGIL,5.546559810638428,6.713520050048828,1.089878733694209,914.4190063476562,1.0898799896240234,5.55,6.71,914.23,1.09,,,,1.089879128511066,,,,2.15,0.24,0.42,12.0,23.33,14.7,2.0327693873,0.0020969154,0.189595,11.87575609838297,8.88483254171948
AJOTEY_clean,AJOTEY,5.200739860534668,5.910749912261963,1.2555956428127892,1546.97998046875,1.2555999755859375,5.2,5.91,1546.98,1.26,,,,1.255602242441243,,,,1.12,0.18,0.18,6.84,17.21,15.1,1.1114071453,0.0018268136,0.043762,6.527134935439431,5.486219355552242
AJOXAA_clean,AJOXAA,4.381569862365723,6.608570098876953,1.529111643678117,902.947998046875,1.5291399955749512,4.38,6.61,903.1,1.53,4.38157,6.60857,6.58169,1.52911168134621,1114.17,0.25295264,0.3868,2.92,0.35,0.73,14.66,23.49,14.0,3.0720585809,0.0036430283,0.320606,14.60774077594806,8.272792131846277
AKEDIF_clean,AKEDIF,5.312620162963867,5.9440598487854,0.9258331395341719,1808.02001953125,0.9258509874343872,5.31,5.94,1807.84,0.93,5.31262,5.94406,5.94406,0.9258331623254675,2040.02,0.463249486,0.4289,6.43,0.87,1.79,14.92,24.81,14.5,6.4394222705,0.0085988112,0.276187,14.85869507536357,8.701011485608852
AKUKUO_clean,AKUKUO,4.38484001159668,5.047920227050781,1.304772289682378,814.426025390625,1.3047699928283691,4.38,5.05,814.44,1.3,4.38484,5.04792,5.0448,1.30477,1135.53,0.249622539,0.3257,3.53,0.65,1.62,20.13,27.72,15.0,3.5400838381,0.0067033044,0.17256,20.15554208456709,9.801123814950113
ALAHUS_clean,ALAHUS,5.454659938812256,7.18120002746582,1.3660441572942037,1122.760009765625,1.3660399913787842,5.45,7.18,1122.8,1.37,5.45466,7.1812,7.18023,1.36604,1347.43,0.290108635,0.3963,2.53,0.25,0.4,10.56,21.08,14.2,2.4954456125,0.0024724455,0.154667,10.50072857204655,7.631854791083427
ALAMUW_clean,ALAMUW,5.98268985748291,11.926779747009277,0.649969783852108,3766.219970703125,0.6499699950218201,5.98,11.93,3766.22,0.65,,,,0.6499697998032052,,,,2.47,0.41,0.51,8.65,22.02,15.7,2.4845953762,0.0041545495,0.356613,8.65109115500579,10.12993728817027
ALANAD_clean,ALANAD,5.8094000816345215,8.580650329589844,0.6972654266165145,4035.3701171875,0.6972860097885132,5.81,8.58,4035.37,0.7,,,,0.6972654436465375,,,,2.38,0.37,0.34,6.01,16.55,15.8,2.3601962489,0.003801684,0.087655,6.009962183756916,5.799923322030068
ALEJEI_clean,ALEJEI,7.13824987411499,18.065080642700195,0.6007819506794665,3701.1298828125,0.6007819771766663,7.14,18.07,3701.13,0.6,7.13825,18.06508,11.29555,0.600785,3821.85,1.188284602,0.7139,2.02,0.35,0.36,6.73,19.1,16.0,2.0225920069,0.0033699553,0.196503,6.742931214404237,8.603163968709712
ALEJIM_clean,ALEJIM,7.109839916229248,18.209169387817383,0.5920561292389613,3730.300048828125,0.592074990272522,7.11,18.21,3730.3,0.59,7.10984,18.20917,11.83987,0.592068,3842.65,1.211164126,0.7171,2.08,0.36,0.34,6.4,18.74,16.2,2.0817761164,0.0038044741,0.234028,6.415655912608909,8.35317585552805
ALIXOJ_clean,ALIXOJ,5.0197601318359375,7.860300064086914,0.9798350044957596,2049.1201171875,0.9798330068588257,5.02,7.86,2049.12,0.98,5.01976,7.8603,7.84665,0.9798333806431849,2290.7,0.526008003,0.5154,2.31,0.29,0.36,8.37,20.12,15.0,2.3293739712,0.0028514017,0.119452,8.349257392360943,7.642687023957503
ALIXUP_clean,ALIXUP,5.757130146026611,6.3838701248168945,1.338648804417301,1021.3699951171875,1.3386499881744385,5.76,6.38,1021.32,1.34,,,,1.338648837485379,,,,0.38,0.08,0.05,5.06,16.65,17.4,0.3052314437,0.0005587331,0.146489,4.861223855560234,5.886651876768953
ALOLET_charged,ALOLET,5.214109897613525,9.399299621582031,0.9012460555373596,1879.0799560546875,0.9012460112571716,5.21,9.4,1879.08,0.9,,,,0.9012460775286476,,,,3.54,0.34,0.58,11.43,28.61,17.2,3.5754948672,0.0034766727,1.720847,11.44205829773628,15.35965026071736
ALOLIX_charged,ALOLIX,5.598999977111816,9.322830200195312,0.9405697115476742,1979.4000244140625,0.9405689835548401,5.6,9.32,1979.4,0.94,,,,0.9405694883957681,,,,2.93,0.32,0.41,8.4,19.68,14.8,2.9420342633,0.0031274358,0.295349,8.407137948995686,7.580708403291915
ALOLIY_clean,ALOLIY,5.124120235443115,6.865690231323242,1.1916878865365528,832.8980102539062,1.1916899681091309,5.12,6.86,832.79,1.19,,,,1.191687684851075,,,,0.32,0.08,0.06,4.07,14.06,18.6,0.2163419553,0.0005384893,0.085602,3.744582552502171,4.293020858731609
ALOLOD_charged,ALOLOD,5.027009963989258,7.87306022644043,0.898446992071054,2004.719970703125,0.8984469771385193,5.03,7.87,2004.72,0.9,,,,0.8984470139870253,,,,4.14,0.38,0.69,12.42,26.08,15.8,4.1497131167,0.0038046428,0.788602,12.37933246599077,12.36407151659421
ALONEV_clean,ALONEV,4.840569972991943,5.599760055541992,1.4915232686058024,1107.489990234375,1.4915599822998047,4.84,5.6,1107.87,1.49,,,,1.491520953703997,,,,0.49,0.07,0.08,8.55,20.93,15.3,0.4583720998,0.0006440653,0.208734,8.441477949512112,8.160000871685083
ALUJEX_clean,ALUJEX,4.421909809112549,5.992879867553711,1.433558503452172,914.7119750976562,1.4335600137710571,4.42,5.99,915.55,1.43,4.42191,5.99288,5.93648,1.43355681578586,1127.75,0.244914758,0.3511,3.43,0.43,0.98,16.28,24.8,14.2,3.4630769172,0.0043468983,0.305426,16.39457901497445,8.873975497296222
ALUJIB_clean,ALUJIB,4.423369884490967,6.08942985534668,1.432404501178997,921.958984375,1.4323999881744385,4.42,6.09,921.67,1.43,4.42337,6.08943,5.91878,1.432404536316541,1150.16,0.250279252,0.3585,3.45,0.41,0.93,15.95,24.52,14.2,3.4884895122,0.0041867404,0.214004,15.99462998918212,8.778946810389979
ALUJOH_clean,ALUJOH,4.450809955596924,6.141970157623291,1.4153940993462526,958.4600219726562,1.4153900146484375,4.45,6.14,958.11,1.42,4.45081,6.14197,6.02384,1.415394134062677,1184.09,0.256607719,0.3632,3.32,0.38,0.83,15.52,24.11,14.1,3.3488363509,0.0038243366,0.170737,15.65858564970628,8.640356290115427
ALUKIC_clean,ALUKIC,6.7734198570251465,8.543869972229004,0.566919575496042,5085.740234375,0.5669199824333191,6.77,8.54,5085.74,0.57,,,,0.5669195893873585,,,,1.54,0.32,0.21,4.35,14.32,17.9,1.5363715608,0.0033124989,0.109591,4.353606789663611,5.028385068343683
ALUKOI_clean,ALUKOI,6.76816987991333,8.547869682312012,0.5799389411688038,4979.10986328125,0.5799390077590942,6.77,8.55,4979.11,0.58,,,,0.5799389553795002,,,,1.53,0.32,0.21,4.38,14.36,17.9,1.5122819966,0.0030757895,0.051121,4.37571090129284,5.031194439080586
ALUKUO_clean,ALUKUO,6.7831501960754395,8.547989845275879,0.5824114756579494,4970.580078125,0.582410991191864,6.78,8.55,4970.58,0.58,6.78315,8.54799,8.52991,0.582411,4867.86,1.301486407,0.758,1.55,0.32,0.21,4.39,14.39,17.9,1.5321136444,0.0030161826,0.080991,4.388928067924613,5.043669627113424
ALULAV_clean,ALULAV,6.74275016784668,8.530050277709961,0.5909086330538565,4908.10009765625,0.5909090042114258,6.74,8.53,4908.1,0.59,,,,0.5909086475339476,,,,1.54,0.32,0.21,4.47,14.46,17.7,1.5470383166,0.0031831375,0.126807,4.4732607230454,5.075689475577255
ALULEZ_clean,ALULEZ,13.379110336303711,18.7550106048584,0.42594561923865387,3463.7099609375,0.4259459972381592,13.38,18.76,3463.71,0.43,13.37911,18.755,18.68884,0.428484,3474.6,1.843426162,0.7852,0.73,0.22,0.11,3.34,13.06,20.8,0.7286681239,0.0021862877,0.124091,3.322794283729487,5.596004853532534
ALULID_clean,ALULID,5.2698798179626465,7.815130233764648,0.9295519248143501,2283.7099609375,0.9295520186424255,5.27,7.82,2283.74,0.93,,,,0.9295519476848548,,,,0.03,0.36,0.48,9.09,19.94,14.5,0.0,0.0035573358,0.13014,9.063716168393361,7.280991006123585
ALURAB_clean,ALURAB,3.732909917831421,6.8317999839782715,1.0518177995984872,1193.72998046875,1.0518200397491455,3.73,6.83,1193.7,1.05,3.73291,6.8318,6.33433,1.05182,1519.36,0.326957084,0.3439,4.86,0.47,1.31,20.04,26.28,14.3,4.891056124,0.0046937962,0.163381,19.9936262671152,10.20417738521187
AMAFOK_clean,AMAFOK,5.663139820098877,6.603139877319336,1.492488226398681,583.0260009765625,1.4924900531768799,5.66,6.6,583.02,1.49,,,,1.492488264178194,,,,2.48,0.52,1.04,16.13,25.17,14.4,2.4864850908,0.0053482248,0.233385,16.15067749425848,8.452279304643795
AMAGAX_clean,AMAGAX,6.095099925994873,6.932469844818115,1.4591598737198401,658.1740112304688,1.4591599702835083,6.1,6.93,657.93,1.46,6.0951,6.93247,6.93247,1.45916,783.0,0.196688506,0.287,2.72,0.46,0.93,15.53,24.02,14.0,2.7202214247,0.0045958037,0.189579,15.55322978922907,8.106336431770842
AMILOY_clean,AMILOY,9.178640365600586,11.030890464782715,1.007434370870664,1249.72998046875,1.0074599981307983,9.18,11.03,1249.67,1.01,9.17864,11.03089,11.01877,1.00746,1496.11,0.426915213,0.4301,2.89,0.53,0.91,13.21,29.22,16.9,2.7213221028,0.005411258,0.87001,13.23301851163525,11.99288967163696
AMILUE_clean,AMILUE,11.072629928588867,11.394180297851562,0.9823368059952724,1276.27001953125,0.9823650121688843,11.07,11.39,1276.02,0.98,11.07263,11.39418,11.39418,0.982364,1454.4,0.458587185,0.4478,2.42,0.52,0.86,12.86,29.23,17.0,2.4042667694,0.0052250738,0.762343,12.86331575125211,12.19155457375937
AMIMAL_clean,AMIMAL,9.506669998168945,11.072110176086426,0.9888981070027829,1283.280029296875,0.9889259934425354,9.51,11.07,1283.3,0.99,9.50667,11.07211,11.06415,0.98893,1457.32,0.435017382,0.4302,2.61,0.52,0.86,12.84,29.23,17.0,2.4456324335,0.005272737,0.977248,12.83779261258767,12.07701026716843
AMIMEP_clean,AMIMEP,10.874939918518066,11.215629577636719,0.9859532316112947,1278.5699462890625,0.9859809875488281,10.87,11.22,1278.28,0.99,10.87494,11.21563,11.21563,0.9859532558244086,1458.87,0.441692081,0.4355,2.39,0.53,0.85,13.08,29.74,17.2,2.3683734318,0.0053487001,1.148808,13.08645338076947,12.46246185021428
AMODUC_clean,AMODUC,6.700689792633057,8.563209533691406,0.5757342623593404,4971.91015625,0.57573401927948,6.7,8.56,4971.91,0.58,6.70069,8.56321,8.56321,0.5757339155380057,4837.99,1.308069351,0.7531,1.93,0.37,0.28,5.08,15.32,16.7,1.9367773776,0.0037726231,0.091346,5.07896588917416,5.601025138070892
AMOFAK_clean,AMOFAK,6.726940155029297,8.388420104980469,0.577283528800172,5054.08984375,0.5772830247879028,6.73,8.39,5054.09,0.58,6.72694,8.38842,8.33928,0.618189,4951.23,1.275111167,0.7361,1.89,0.37,0.27,5.01,14.97,16.7,1.8915985892,0.0034489986,0.088889,5.007599024044416,5.237356270652203
AMUWIP_charged,AMUWIP,8.786359786987305,9.985980033874512,0.7715576273018167,3144.949951171875,0.7715669870376587,8.79,9.99,3144.95,0.77,,,,0.7715574579188715,,,,3.46,0.41,0.56,9.3,21.12,14.9,3.4575395392,0.004171649,0.17405,9.307777182012405,8.376219884095335
AMUWUB_clean,AMUWUB,8.695320129394531,10.40349006652832,0.9141512446417812,1565.4200439453125,0.9141510128974915,8.7,10.4,1565.42,0.91,,,,0.9141512671801888,,,,0.88,0.17,0.15,5.62,17.48,16.8,0.877505644,0.0016779653,0.080424,5.621920465273956,6.815921620635784
AMUXAI_clean,AMUXAI,7.796140193939209,8.642970085144043,1.0244220829513226,1368.8299560546875,1.0244200229644775,7.8,8.64,1369.14,1.02,,,,1.024422108217702,,,,1.07,0.16,0.2,6.92,19.0,15.8,1.0724431653,0.001605515,0.046683,6.917102207071005,7.104831582291373
ANAWIX_clean,ANAWIX,5.019690036773682,5.456669807434082,1.528238766660699,972.7050170898438,1.5282299518585205,5.02,5.46,972.44,1.53,5.01969,5.45667,5.45667,1.52823,1185.23,0.260759179,0.3985,2.16,0.29,0.49,12.21,22.58,14.3,2.1240360491,0.0027711992,0.150961,11.85820453899233,7.741587956167534
ANAWOD_clean,ANAWOD,6.105949878692627,6.927619934082031,1.4382712848126966,1086.1700439453125,1.4382599592208862,6.11,6.93,1086.48,1.44,6.10595,6.92762,6.92762,1.43826,1262.5,0.308358711,0.4435,3.42,0.32,0.58,12.14,22.31,14.2,3.4841030936,0.0032574862,0.214577,12.16513096543759,8.192174590020697
ANOMOG_clean,ANOMOG,5.501659870147705,12.800299644470215,0.7845592202275243,2698.050048828125,0.7845590114593506,5.5,12.8,2698.05,0.78,,,,0.7845592394066325,,,,3.91,0.46,0.78,11.61,26.67,16.3,3.9056445644,0.0046069036,0.895935,11.63126400195959,12.31775493369063
ANOMUM_clean,ANOMUM,4.987520217895508,7.289690017700195,0.833729485168951,2990.18994140625,0.8337290287017822,4.99,7.29,2990.19,0.83,4.98752,7.28969,7.24267,0.833749,3242.76,0.745326119,0.6214,4.11,0.45,0.6,9.12,20.3,14.6,4.1467199171,0.0047531951,0.265483,9.128491278738583,7.551063617732217
ANONAT_manual,ANONAT,5.884729862213135,7.804289817810059,0.8008226858612202,2885.949951171875,0.8008229732513428,5.88,7.8,2885.95,0.8,5.88473,7.80429,7.80429,0.800823,3141.81,0.789687609,0.6324,3.26,0.41,0.49,8.17,19.52,14.9,3.2651953173,0.0042189325,0.282919,8.165780756234518,7.461721828378314
ANUGIA_clean,ANUGIA,6.758379936218262,13.853090286254883,0.5679726456988112,4060.6201171875,0.5679730176925659,6.76,13.85,4060.62,0.57,,,,0.5679726596335113,,,,2.17,0.36,0.31,5.68,16.55,16.2,2.1689854895,0.0036333663,0.193495,5.682700313590245,6.683161560774893
ANUGOG_clean,ANUGOG,7.088490009307861,11.390049934387207,0.5846700583145737,4228.06982421875,0.5846700072288513,7.09,11.39,4228.07,0.58,7.08849,11.39005,11.39005,0.584672,4243.55,1.274394103,0.7451,2.5,0.39,0.37,6.39,17.69,15.8,2.5072214412,0.0039791554,0.223571,6.385106590210049,7.243287686059057
APACAX_clean,APACAX,4.075729846954346,5.653439998626709,1.0072447664911868,1763.3399658203125,1.0072699785232544,4.08,5.65,1763.31,1.01,4.07573,5.65344,5.64183,1.007244791143393,2689.71,0.46839477,0.4718,6.63,0.61,1.84,19.79,25.93,14.2,6.9047062523,0.0066071131,0.227718,20.44424383672818,9.570186738373117
APARAM_clean,APARAM,11.063119888305664,12.000940322875977,0.9654612693899461,1061.949951171875,0.965457022190094,11.06,12.0,1061.95,0.97,11.06312,12.00094,12.00094,0.965457,1201.96,0.430573293,0.3698,1.99,0.8,0.9,10.13,34.83,20.6,1.9720904993,0.0081537456,0.794566,10.13939154554578,12.48639178767685
APAYIB_clean,APAYIB,4.212120056152344,5.968050003051758,1.1094099594887652,1928.8599853515625,1.109410047531128,4.21,5.97,1928.86,1.11,4.21212,5.96805,5.96805,1.1094,2209.53,0.462137533,0.5127,5.43,0.73,1.49,15.08,25.19,14.7,5.4647507727,0.0072337736,0.229979,15.04697554759238,9.145268520912467
APAYOH_clean,APAYOH,4.325590133666992,6.131249904632568,1.1114653416050384,1967.56005859375,1.1114599704742432,4.32,6.13,1967.59,1.11,4.32559,6.13125,6.13125,1.11146,2216.25,0.456516654,0.5074,5.17,0.7,1.39,14.29,25.04,14.8,5.2518205326,0.0066994275,0.104697,14.27325955301355,9.123541027190907
APAYUN_clean,APAYUN,4.1055498123168945,6.024169921875,1.0467107635678286,1974.550048828125,1.0467100143432617,4.11,6.02,1974.55,1.05,4.10555,6.02417,6.02138,1.04672,2325.56,0.48590345,0.5086,5.12,0.62,1.23,14.06,24.01,14.4,5.1239018006,0.0062629878,0.204053,13.99855984836734,8.680243549379679
APAZAU_clean,APAZAU,4.518439769744873,6.571939945220947,0.9703141108506655,2333.139892578125,0.9703140258789062,4.52,6.57,2333.14,0.97,4.51844,6.57194,6.57194,0.970316,2467.76,0.542813976,0.5267,5.57,0.68,1.22,12.83,24.17,14.8,5.5699633064,0.006711594,0.270686,12.82992060250357,9.075103604028483
APAZEY_clean,APAZEY,4.7052202224731445,6.610489845275879,0.9717109505219689,2316.35009765625,0.9717100262641907,4.7,6.61,2316.35,0.97,4.70522,6.61049,6.60448,0.971711,2441.07,0.553045662,0.5374,5.22,0.65,1.16,12.72,24.21,14.8,5.2249788338,0.0065225675,0.086925,12.71314658370777,9.271213040037136
APAZIC_clean,APAZIC,4.862249851226807,7.109499931335449,0.8936059005936027,2443.31005859375,0.8936070203781128,4.86,7.11,2443.31,0.89,4.86225,7.1095,7.09773,0.893604,2583.17,0.611790194,0.5467,4.64,0.59,0.98,11.68,23.27,14.8,4.6534113399,0.0059718311,0.312219,11.7022765598814,8.954797505920746
APAZOI_clean,APAZOI,4.282279968261719,6.386119842529297,1.146482051364777,1786.1300048828125,1.1464799642562866,4.28,6.39,1786.13,1.15,4.28228,6.38612,6.36726,1.14647,2215.24,0.432628567,0.496,4.34,0.57,1.14,14.24,24.51,14.5,4.3654210091,0.0056060234,0.299126,14.24981813446164,8.871450913388307
APEBEE_clean,APEBEE,4.062719821929932,5.4072699546813965,1.3104152203222221,910.3330078125,1.3104100227355957,4.06,5.41,910.76,1.31,4.06272,5.40727,5.33928,1.310415253281496,1065.14,0.239848597,0.3143,3.68,0.7,1.69,18.71,28.28,15.4,3.6831357803,0.0068152551,0.66931,18.70941210513043,10.10036411851697
AQEGUY_clean,AQEGUY,4.6613898277282715,5.543950080871582,1.4635260246339294,871.6199951171875,1.4635499715805054,4.66,5.55,871.63,1.46,,,,1.463526060753023,,,,3.47,0.69,1.51,16.45,26.61,15.0,3.4793661147,0.0074420464,0.30024,16.96884056514855,9.506838726310814
AQEQES_clean,AQEQES,5.3760600090026855,5.685299873352051,1.0758728652079723,1619.5799560546875,1.0758700370788574,5.38,5.68,1619.5,1.08,5.37606,5.6853,5.65305,1.07587221660961,1980.25,0.461486983,0.4965,3.21,0.39,0.53,9.54,20.23,14.3,3.212365071,0.0039637384,0.143068,9.5880179818981,6.607993485614731
AQEQIW_clean,AQEQIW,5.130159854888916,6.306359767913818,1.100535221372887,1567.3299560546875,1.1005699634552002,5.13,6.31,1567.33,1.1,5.13016,6.30636,6.19765,1.10057,1837.25,0.449221767,0.4944,3.43,0.42,0.62,9.94,20.5,14.3,3.5063977397,0.0043335759,0.19472,9.9805704510204,6.64364248909826
AQIXUV_clean,AQIXUV,5.459000110626221,8.649189949035645,0.9345015353279564,1181.8599853515625,0.9345009922981262,5.46,8.65,1181.93,0.93,,,,0.9345011840885921,,,,1.71,0.21,0.37,8.83,20.96,15.1,1.5377702738,0.0019206514,0.186264,8.730969592137166,8.189304858729251
AQOLUP_clean,AQOLUP,9.659239768981934,15.582200050354004,0.7882822965828445,1632.8900146484375,0.7882840037345886,9.66,15.58,1632.89,0.79,9.65759,15.58175,15.56346,0.788287,1630.35,0.905001,0.7134,3.22,0.45,0.81,12.49,23.88,14.7,3.2144387706,0.0045002374,0.096341,12.48857924471848,10.46369108420471
AQOMEA01_clean,AQOMEA,9.728389739990234,15.719510078430176,0.7669181122486444,1670.9000244140625,0.7669199705123901,9.73,15.72,1670.99,0.77,,,,0.766917540430167,,,,3.14,0.43,0.72,11.84,23.14,14.6,3.1359626505,0.004328662,0.667632,11.84277957311371,10.08693425594362
AQOMEA_clean,AQOMEA,9.824640274047852,15.835209846496582,0.7493039353894986,1701.43994140625,0.7493060231208801,9.82,15.84,1701.37,0.75,,,,0.7493033767039232,,,,3.11,0.41,0.64,10.78,22.52,14.8,3.1031193926,0.0041632881,0.293085,10.78375816561086,9.788011936164716
AQOTIK_clean,AQOTIK,3.8688700199127197,6.781700134277344,1.4734938305179528,874.3590087890625,1.473479986190796,3.87,6.78,874.55,1.47,,,,1.473493868489304,,,,4.3,0.49,1.06,15.86,24.37,14.1,4.3494664745,0.0049490884,0.205932,15.85502406885303,7.974809785412294
AQUCOF_clean,AQUCOF,5.594709873199463,9.381540298461914,1.0421864828268992,1876.5899658203125,1.0421899557113647,5.59,9.38,1876.59,1.04,5.59471,9.38154,9.38154,1.042186508527892,2247.37,0.538385515,0.5611,1.42,0.21,0.21,6.99,18.2,15.3,1.4325306725,0.0021459171,0.198961,6.996557335754473,6.753161947010943
AQUDAS_clean,AQUDAS,5.624460220336914,9.384079933166504,1.03958015965961,1887.52001953125,1.03957998752594,5.62,9.38,1887.52,1.04,5.62446,9.38408,8.32943,1.039580185295511,2239.66,0.542045826,0.5635,1.43,0.21,0.2,6.75,18.14,15.6,1.4295640117,0.0020274737,0.20545,6.751663173636748,6.733188264140711
AQUDIB_clean,AQUDIB,10.544790267944336,11.360799789428711,1.1994348463911226,1315.300048828125,1.199429988861084,10.54,11.36,1315.3,1.2,10.54479,11.3608,11.36063,1.19938,1411.68,0.488315283,0.5857,1.47,0.21,0.2,6.57,17.88,15.7,1.4753936554,0.0020299272,0.16991,6.570071641669011,6.607180627599794
ARADEE_clean,ARADEE,5.3867998123168945,5.982729911804199,1.1817703802858421,2211.320068359375,1.1817599534988403,5.39,5.98,2211.32,1.18,5.3868,5.98273,5.97846,1.18175,2319.52,0.466253723,0.551,5.17,0.43,0.8,12.56,21.77,13.8,5.2653169862,0.0043914641,0.165377,12.63251516164387,7.766563225099128
ARAFEF_clean,ARAFEF,8.62816047668457,8.895359992980957,0.837744828344806,2222.300048828125,0.8377450108528137,8.63,8.9,2222.25,0.84,,,,0.8377448491235404,,,,4.69,0.41,0.61,10.31,20.81,14.2,4.7253252213,0.004113674,0.217032,10.30096846957265,8.428827662120764
ARAFIJ_clean,ARAFIJ,6.987679958343506,7.451210021972656,0.9453434731404013,1847.5899658203125,0.945343017578125,6.99,7.45,1847.59,0.95,,,,0.9453434966434582,,,,5.65,0.45,0.81,12.49,22.22,14.0,5.7158537296,0.0042968817,0.10576,12.51052316811695,8.710198689086756
ARAFOP_clean,ARAFOP,5.044189929962158,5.667500019073486,1.1688025267406759,1151.25,1.1687999963760376,5.04,5.67,1151.81,1.17,,,,1.168802555941946,,,,4.34,0.46,1.43,23.0,25.74,13.8,4.3322804781,0.0048068413,0.159698,22.97946220768132,9.681115539320832
ARAGOR_clean,ARAGOR,3.9517600536346436,6.018340110778809,1.1562394058108043,1234.530029296875,1.1562700271606445,3.95,6.02,1234.92,1.16,,,,1.156239434187097,,,,3.44,0.38,0.71,13.03,22.42,13.9,3.5135389858,0.0039692309,0.178968,13.0658421417248,7.863444509006554
AROFAP_clean,AROFAP,4.305950164794922,6.180359840393066,1.1699821818715046,1222.5,1.1699700355529785,4.3,6.18,1222.54,1.17,4.30595,6.18036,6.18036,1.16997,1577.47,0.342914776,0.4012,5.23,0.94,2.2,18.16,27.53,15.1,5.2308020782,0.0096259777,0.324706,18.16831979623819,9.755737425132757
AROFET_clean,AROFET,5.156760215759277,8.285929679870605,0.8561725291902554,2601.6201171875,0.8561660051345825,5.16,8.29,2601.62,0.86,5.15676,8.28593,8.28026,0.856166,2834.05,0.69939708,0.5988,3.42,0.4,0.59,9.96,22.12,15.0,3.4108802449,0.0040330085,0.449389,9.959927587899504,9.033388227034072
ARUYES_clean,ARUYES,4.580949783325195,5.378170013427734,1.4785629050869735,918.0750122070312,1.478559970855713,4.58,5.38,917.87,1.48,,,,1.47856249488415,,,,3.19,0.38,0.83,15.2,24.0,14.1,3.2683640316,0.0037918887,0.333651,15.35520173365259,8.47243775231706
ARUYUH01_clean,ARUYUH,4.1172099113464355,4.9405198097229,1.6750685744934661,898.1539916992188,1.6751699447631836,4.12,4.94,898.57,1.68,,,,1.675071706225922,,,,2.7,0.29,0.55,13.29,24.9,15.0,2.6946934732,0.0028335014,0.288639,13.25383299651808,8.136411106110192
ARUYUH_clean,ARUYUH,3.8463199138641357,4.622300148010254,1.6792813896442829,774.4459838867188,1.6793800592422485,3.85,4.62,774.64,1.68,,,,1.679284529255141,,,,2.27,0.22,0.41,13.03,25.39,15.3,2.2492108127,0.002178271,0.166643,12.95845381902709,8.411744886273375
ASACON_clean,ASACON,5.083700180053711,6.4202399253845215,1.778212847935848,555.7030029296875,1.7783000469207764,5.08,6.42,555.7,1.78,5.0837,6.42024,6.41252,1.778212891827631,679.72,0.157172581,0.2795,1.68,0.27,0.44,12.87,22.96,14.2,1.619137028,0.0025232384,0.219222,12.81815616339517,7.704663540318931
ASADAA_clean,ASADAA,4.612539768218994,5.767049789428711,1.521011024073113,815.8939819335938,1.5210000276565552,4.61,5.77,815.64,1.52,4.61254,5.76705,5.76705,1.521,1110.15,0.218671926,0.3326,3.01,0.35,0.83,16.87,24.42,14.0,3.046650521,0.0034795444,0.189956,16.86691208976503,8.416063036629325
ASECUY_clean,ASECUY,5.151509761810303,6.386350154876709,1.4374537572396593,782.4849853515625,1.4374500513076782,5.15,6.39,782.47,1.44,,,,1.437454163752562,,,,2.24,0.24,0.4,11.18,21.08,14.0,2.2330793541,0.0024122714,0.116005,11.0745821666804,7.164605565437347
ASEKAM_clean,ASEKAM,5.009669780731201,5.990310192108154,1.7266454540137586,812.9459838867188,1.7266199588775635,5.01,5.99,813.65,1.73,5.00967,5.99031,5.99031,1.72662,993.97,0.235257324,0.4062,2.82,0.39,0.9,16.59,27.23,15.3,2.8810850806,0.0039786696,0.203064,16.64448422411808,10.57815771816602
ASINAT_clean,ASINAT,7.734829902648926,9.76550006866455,0.727403712620031,2562.169921875,0.7274169921875,7.73,9.77,2562.17,0.73,7.73483,9.7655,9.74538,0.727417,2703.87,0.787168845,0.5726,3.57,0.45,0.68,9.92,22.52,15.2,3.5716263134,0.0043357793,0.225441,9.888918167087693,9.448368684667571
ASINEX_clean,ASINEX,7.2706098556518555,12.535690307617188,0.6599639510252951,2801.340087890625,0.6599760055541992,7.27,12.54,2801.34,0.66,,,,0.6599639671026493,,,,3.08,0.4,0.52,8.34,20.35,15.2,3.0412032729,0.003941271,0.262257,8.351510759164293,8.430656422489866
ASINIB_clean,ASINIB,7.226339817047119,12.400520324707031,0.6660648580201005,2773.85009765625,0.666064977645874,7.23,12.4,2773.85,0.67,,,,0.6660648742462061,,,,3.06,0.4,0.5,8.41,20.51,15.2,3.0583230921,0.0039796093,0.114329,8.371736041774854,8.609644925351915
ASIQEA_clean,ASIQEA,6.257279872894287,8.850629806518555,0.9025606469742319,1681.43994140625,0.9025610089302063,6.26,8.85,1681.47,0.9,,,,0.9025606691629532,,,,3.51,0.32,0.56,11.5,23.5,14.9,3.460129236,0.0031194116,0.355331,11.46909475037005,9.88098220406887
ASIQIE_clean,ASIQIE,6.255499839782715,9.002050399780273,0.8935747012913511,1697.06005859375,0.8935750126838684,6.26,9.0,1697.04,0.89,,,,0.8935747232570397,,,,3.44,0.32,0.57,11.45,23.45,14.9,3.4081956921,0.002985096,0.399583,11.40587129219263,9.896994655347738
ASIVAB_clean,ASIVAB,7.2706298828125,12.321319580078125,0.5382432821482783,4325.39990234375,0.5382429957389832,7.27,12.32,4325.4,0.54,,,,0.5382432952754643,,,,1.67,0.34,0.26,5.11,16.86,17.4,1.6753053297,0.0035499044,0.253466,5.113354797574954,7.132762443882825
ASIVEF_clean,ASIVEF,7.212140083312988,11.850069999694824,0.6232614060733667,3560.320068359375,0.6232609748840332,7.21,11.85,3560.32,0.62,,,,0.6232614212747715,,,,2.37,0.36,0.34,6.41,18.11,15.9,2.3506633736,0.0035398314,0.091073,6.400395695754266,7.456241541401456
ASOHUL_clean,ASOHUL,6.279170036315918,6.562819957733154,1.0390202822291874,1553.699951171875,1.0390199422836304,6.28,6.56,1552.38,1.04,,,,1.039022596584906,,,,1.71,0.23,0.26,7.67,17.94,14.6,1.7198822854,0.0022574668,0.123891,7.63200547781618,6.028725155145523
ASOSUY_clean,ASOSUY,4.329179763793945,9.00115966796875,0.8973262048286674,2551.280029296875,0.8973280191421509,4.33,9.0,2551.28,0.9,4.32918,9.00116,8.7155,0.897328,2951.67,0.660962324,0.5931,6.0,0.67,1.25,13.51,23.87,14.4,6.0414205457,0.0067901839,0.264549,13.50933221643031,8.87093083170943
ASOVEL_clean,ASOVEL,5.313300132751465,5.726329803466797,1.033789348420671,918.8489990234375,1.0337899923324585,5.31,5.73,919.02,1.03,,,,1.033789373921158,,,,3.54,0.47,0.99,14.68,23.49,14.0,3.5409410244,0.004568897,0.275263,14.64207154996791,7.939687575483209
ASOYOY_clean,ASOYOY,5.918300151824951,9.521439552307129,0.8286811967994451,2557.989990234375,0.8286759853363037,5.92,9.52,2557.99,0.83,5.9183,9.52144,9.50643,1.02428,2793.31,0.639936477,0.5303,4.1,0.47,0.82,12.04,24.61,15.2,4.0497729722,0.0045740576,0.330769,11.97816778240173,10.77806580494981
ASUBIB_clean,ASUBIB,4.255080223083496,6.135829925537109,1.5211614990227713,967.72998046875,1.5211600065231323,4.25,6.14,967.53,1.52,,,,1.521161536890824,,,,3.29,0.45,0.95,15.29,24.11,14.1,3.3306096472,0.0044230497,0.191793,15.34325672022348,8.33419008546207
ASUWUI_clean,ASUWUI,4.73321008682251,7.161129951477051,1.150820741322404,943.5170288085938,1.1508500576019287,4.73,7.16,943.34,1.15,4.73321,7.16113,7.10699,1.15085,1227.68,0.265629752,0.3057,3.42,0.34,0.87,17.75,27.65,15.3,3.4201969354,0.0034533567,0.22916,17.67440906719388,11.5360055337884
ATAFIK_clean,ATAFIK,5.703770160675049,6.40024995803833,1.2150135734612915,1722.6500244140625,1.2150800228118896,5.7,6.4,1722.67,1.22,5.70377,6.40025,6.3929,1.215013603333547,2040.4,0.44737795,0.5436,3.35,0.36,0.46,9.03,19.38,14.3,3.4110927573,0.0035452702,0.051199,9.0205312846125,6.339984195611036
ATAYAX_clean,ATAYAX,5.8506999015808105,10.419890403747559,0.7818322881789198,3072.5,0.7818589806556702,5.85,10.42,3072.5,0.78,5.8507,10.41989,10.41891,0.781859,3318.17,0.848490585,0.6634,3.86,0.47,0.73,10.58,23.06,15.1,3.8770566314,0.0047268747,0.521518,10.58037124465318,9.902090339715047
ATAYEB_clean,ATAYEB,5.754280090332031,10.547479629516602,0.8258846837713323,2845.110107421875,0.8258829712867737,5.75,10.55,2845.11,0.83,5.75428,10.54748,10.54661,0.825883,3132.59,0.787399668,0.6503,3.94,0.46,0.72,10.75,22.98,15.0,3.9617062284,0.0045382052,0.427032,10.7467919747099,9.758487143504135
ATEYOP_clean,ATEYOP,8.168149948120117,10.52737045288086,0.7223864432795508,3319.22998046875,0.7223860025405884,8.17,10.53,3319.23,0.72,8.16815,10.52737,10.52737,0.722389,3457.48,0.871971494,0.6299,4.45,0.56,0.81,10.03,21.28,14.6,4.4541618266,0.0056316375,0.489833,10.04449885083421,8.38338940147108
ATEYUV_clean,ATEYUV,8.110799789428711,10.25531005859375,0.7511333145348329,3235.830078125,0.7511330246925354,8.11,10.26,3235.83,0.75,8.11081,10.25531,10.25531,0.751125,3387.5,0.823955278,0.6189,4.82,0.6,0.92,10.7,22.09,14.6,4.8167726021,0.0059279248,0.153226,10.71299683452172,8.700587027455017
ATEZAC_clean,ATEZAC,7.740230083465576,10.539679527282715,0.687632901675853,3335.909912109375,0.6876339912414551,7.74,10.54,3335.91,0.69,7.74023,10.53968,10.36672,0.687634,3488.52,0.990352426,0.681,3.23,0.43,0.5,7.99,19.3,14.9,3.2275929104,0.0043782503,0.181328,7.988751123687979,7.791341931458831
ATEZEG_clean,ATEZEG,7.527200222015381,10.1251802444458,0.7755912881497373,3045.199951171875,0.7755740284919739,7.53,10.13,3045.2,0.78,,,,0.7755801950441452,,,,5.29,0.59,0.96,11.34,22.14,14.4,5.3066592817,0.0059433432,0.276592,11.34729353042382,8.94518484529872
ATEZIK_clean,ATEZIK,7.604879856109619,10.39834976196289,0.744294809463814,3129.330078125,0.7442950010299683,7.6,10.4,3129.33,0.74,,,,0.744295063878917,,,,4.7,0.52,0.73,9.85,20.99,14.5,4.7002223998,0.0050687785,0.204739,9.879563268667072,8.579040405090248
ATIJUJ_manual,ATIJUJ,16.954389572143555,17.440290451049805,0.7533944007360285,1675.56005859375,0.7533940076828003,16.95,17.44,1675.56,0.75,,,,0.7533945615709648,,,,0.49,0.13,0.07,3.93,14.95,19.4,0.4907720843,0.001246168,0.242615,3.893526391603287,6.129422878204748
ATIXAE_clean,ATIXAE,5.118790149688721,6.034890174865723,1.0803660930120886,1840.9200439453125,1.0803699493408203,5.12,6.04,1840.92,1.08,5.11879,6.03489,6.02804,1.08036,2132.34,0.4240214,0.4581,3.06,0.33,0.53,10.98,22.08,14.5,3.0579485426,0.0031600809,0.112998,10.97989319903402,7.848990335878932
ATOGEV_clean,ATOGEV,4.307499885559082,5.554870128631592,1.6177310542356604,874.52197265625,1.6178300380706787,4.31,5.56,875.22,1.62,,,,1.617734078741997,,,,1.87,0.24,0.36,10.77,21.92,14.5,1.8493581538,0.0023128153,0.075115,10.68660795324552,7.29002042539708
ATOWIQ_clean,ATOWIQ,7.694930076599121,9.548879623413086,0.8667154781452642,2055.18994140625,0.8667470216751099,7.69,9.55,2055.19,0.87,7.69493,9.54888,9.54888,0.866748,2369.44,0.6790909,0.5886,3.28,0.35,0.41,8.06,19.2,14.8,3.3190890598,0.0033884586,0.359849,8.063696678502367,7.156460640340592
ATOWOW_clean,ATOWOW,7.739220142364502,9.606060028076172,0.8654660072791415,2052.449951171875,0.8654969930648804,7.74,9.61,2052.45,0.87,7.73922,9.60606,9.60387,0.865501,2326.77,0.678569654,0.5873,3.16,0.34,0.39,7.78,18.71,14.8,3.1552614919,0.0033336184,0.261697,7.782965401326053,6.861779530125355
ATUXIY_clean,ATUXIY,3.787220001220703,5.424339771270752,1.5604164388655157,974.6370239257812,1.560420036315918,3.79,5.43,974.44,1.56,3.78722,5.42434,5.42045,1.56041,1222.59,0.250124966,0.3903,3.49,0.5,1.12,16.91,25.39,14.4,3.626188471,0.0049990303,0.117352,16.87572955838599,8.719483702915301
ATUZEW_clean,ATUZEW,3.847670078277588,10.584699630737305,0.9689267449159723,2190.949951171875,0.9689270257949829,3.85,10.58,2190.95,0.97,,,,0.9689267685890964,,,,3.84,0.58,1.13,14.42,27.06,15.6,3.8818182007,0.0060711004,0.245418,14.45403923085552,10.72499008466576
AVAKAL_clean,AVAKAL,12.575119972229004,26.252910614013672,0.20741481828424305,6072.1298828125,0.20741499960422516,12.58,26.25,6072.13,0.21,,,,0.2074148233385645,,,,1.06,0.41,0.16,2.6,10.95,24.2,1.0615834525,0.0039939451,0.064198,2.598450805014545,4.752486671710106
AVAKEP_clean,AVAKEP,12.49368953704834,25.175640106201172,0.24499362520445492,5799.8701171875,0.24499399960041046,12.49,25.18,5799.87,0.24,,,,0.2449936311745455,,,,1.52,0.42,0.22,3.57,14.23,20.4,1.4990174785,0.0043391988,0.319189,3.574823330135668,6.849902178844312
AVELOD_clean,AVELOD,4.981410026550293,8.083979606628418,0.9152420355515535,1842.510009765625,0.9152420163154602,4.98,8.08,1842.49,0.92,4.98141,8.08398,8.08398,0.915242,2069.67,0.495497366,0.4535,3.92,0.39,0.56,9.63,21.2,14.7,3.9579103259,0.0038540825,0.111789,9.631489184265329,7.17977259572306
AVELUJ_clean,AVELUJ,4.889269828796387,8.106380462646484,0.9026799831577231,1879.3800048828125,0.9026790261268616,4.89,8.11,1879.38,0.9,4.88927,8.10638,8.10638,0.952258,2087.26,0.488988888,0.4414,4.22,0.41,0.6,9.85,21.46,14.7,4.1984487678,0.0041492956,0.11566,9.845026769150794,7.254409536991773
AVEMAQ_clean,AVEMAQ,4.978970050811768,7.8956499099731445,0.9072706628131624,1857.8599853515625,0.9072690010070801,4.98,7.9,1857.87,0.91,4.97897,7.89565,7.87662,0.9072695786538788,2107.9,0.482326631,0.4376,3.92,0.39,0.59,10.02,21.39,14.6,3.8923965357,0.0037848626,0.137371,10.02862122560524,7.230258217365153
AVEQID_clean,AVEQID,6.227519989013672,7.54994010925293,0.801225320958607,2819.830078125,0.8012549877166748,6.23,7.55,2819.83,0.8,6.22752,7.54994,7.22874,0.801255,3059.21,0.809355324,0.6485,4.28,0.44,0.49,7.46,17.85,14.7,4.3307448808,0.004519756,0.089239,7.459689873431421,6.217815836587864
AVESOL_clean,AVESOL,4.2823100090026855,5.8721699714660645,0.9545039824272504,2500.02001953125,0.9545369744300842,4.28,5.87,2500.02,0.95,4.28231,5.87218,5.84929,0.954537,2797.35,0.597776723,0.5706,7.54,0.79,1.9,17.24,24.87,14.1,7.6962309481,0.0079336854,0.086838,17.30490758562505,9.52978978180555
AVESUR_clean,AVESUR,4.060420036315918,6.337319850921631,1.1845871702111817,1932.1199951171875,1.1845799684524536,4.06,6.34,1932.12,1.18,4.06042,6.33732,6.33561,1.18458,2153.29,0.42968816,0.509,5.4,0.51,1.07,14.78,23.23,13.8,5.4511810777,0.0051979534,0.156399,14.81240110479601,8.510327132999672
AVETAY_clean,AVETAY,4.055960178375244,5.645840167999268,1.013680426117199,1714.9200439453125,1.0137100219726562,4.06,5.65,1714.92,1.01,3.78258,5.42552,5.42552,1.0137,1491.55,0.593666,0.6018,6.77,0.67,2.06,20.47,26.04,14.2,7.1396462443,0.0075021424,0.189237,21.46490696789554,9.847618393138529
AVIHIY_clean,AVIHIY,6.45442008972168,6.883790016174316,1.6212413683301816,969.0599975585938,1.6212400197982788,6.45,6.88,968.78,1.62,6.45442,6.88379,6.88379,1.62124,1121.13,0.297241618,0.4819,3.22,0.33,0.66,13.32,22.63,13.9,3.3289776554,0.0034661821,0.110837,13.35396515597782,8.24357855264234
AVIHOE_clean,AVIHOE,6.455530166625977,6.823669910430908,1.662764119821134,944.1229858398438,1.6627600193023682,6.46,6.82,944.13,1.66,6.45553,6.82367,6.82367,1.66276,1067.64,0.288255671,0.4793,3.24,0.34,0.68,13.63,22.86,14.0,3.3711454546,0.0034329703,0.134983,13.71042993292702,8.332476136374733
AVILEY_clean,AVILEY,10.768440246582031,25.426979064941406,0.6540802167638836,2452.570068359375,0.6540820002555847,10.77,25.43,2452.57,0.65,10.76844,25.42698,21.38423,0.654077,2493.71,1.18716002,0.7765,0.85,0.2,0.14,4.75,16.18,17.8,0.8460716629,0.0019422128,0.232565,4.689466857698645,7.165773500270124
AVIMOI_clean,AVIMOI,4.385709762573242,5.732920169830322,1.2261193789734932,927.8070068359375,1.2261600494384766,4.39,5.73,927.83,1.23,4.38571,5.73292,5.54624,1.22616,1294.46,0.264892021,0.3248,3.9,0.74,1.69,17.89,28.16,15.5,3.9001225272,0.0076606353,0.504607,18.11821353777297,10.21751974679291
AVIPAX_clean,AVIPAX,5.250810146331787,7.2639899253845215,0.9638102820304753,1925.3299560546875,0.9638100266456604,5.25,7.26,1925.33,0.96,5.25081,7.26399,7.26386,0.963809,2133.1,0.503314969,0.4851,4.16,0.51,0.87,11.76,23.38,14.8,4.1952275029,0.0054335866,0.498508,11.7708198599201,9.242144999644657
AVIPOL_clean,AVIPOL,5.587299823760986,6.574510097503662,0.9391576699685514,1839.3499755859375,0.939158022403717,5.59,6.57,1839.34,0.94,5.5873,6.57451,6.57451,0.9391576931836444,2283.54,0.516845941,0.4854,5.07,0.49,0.87,12.13,21.42,13.8,5.1005787091,0.0050073691,0.264042,12.30266617984913,7.46460775448625
AVITUU_clean,AVITUU,6.932740211486816,11.692939758300781,0.7108950355198205,2507.52001953125,0.7109040021896362,6.93,11.69,2507.52,0.71,6.93274,11.69294,11.69294,0.710899,2929.65,0.744966972,0.5227,5.05,0.51,1.33,17.82,28.79,15.8,5.0518990771,0.0051138529,0.721332,17.72842817045354,13.75365788693715
AVIVAC_clean,AVIVAC,7.3981499671936035,11.840060234069824,0.7365214092068149,2337.8701171875,0.7365300059318542,7.4,11.84,2337.87,0.74,7.39815,11.84006,11.84006,0.736539,2855.07,0.732081517,0.5392,4.56,0.45,1.07,16.23,29.0,16.1,4.5281741594,0.0046639744,0.770683,16.22846107971903,14.03142540336655
AVIVEG_clean,AVIVEG,7.364920139312744,11.848010063171387,0.7330349097764054,2351.7900390625,0.7330430150032043,7.36,11.85,2351.79,0.73,7.36492,11.84801,11.84801,0.733037,2887.56,0.73870155,0.5415,4.64,0.46,1.08,15.99,28.74,16.1,4.6106423447,0.0045656046,0.920415,15.98424505674212,13.74676009745258
AVIVIK_clean,AVIVIK,6.703110218048096,11.7993803024292,0.7342797786112322,2323.18994140625,0.7342879772186279,6.7,11.8,2323.19,0.73,6.70311,11.79938,11.79938,0.734279503020905,3025.58,0.735270085,0.5399,4.56,0.47,0.99,14.78,27.59,15.8,4.5236678889,0.0045812189,0.793376,14.67379583660409,12.54001317969528
AVIVOQ_clean,AVIVOQ,7.135119915008545,11.941659927368164,0.7091339562452188,2658.679931640625,0.7091420292854309,7.14,11.94,2658.68,0.71,7.13512,11.94166,11.94166,0.709147,3186.21,0.781648809,0.5543,4.39,0.48,0.9,12.81,26.38,15.8,4.3593873166,0.0049356622,0.528503,12.79064269019713,11.5780325358789
AVIVUW_clean,AVIVUW,6.918920040130615,12.040760040283203,0.7297706352842539,2315.889892578125,0.7297790050506592,6.92,12.04,2315.89,0.73,6.91892,12.04076,12.04076,0.7297703613860548,2982.11,0.743923845,0.5429,4.46,0.45,1.0,15.24,28.29,16.0,4.4347853726,0.0045968331,0.708852,15.22471008369058,13.43376225122548
AVOSIO_charged,AVOSIO,9.61851978302002,10.841609954833984,1.0603136719379045,1111.0999755859375,1.0603100061416626,9.62,10.84,1110.9,1.06,,,,1.060311716826048,,,,0.79,0.13,0.16,6.14,19.48,16.9,0.5867457562,0.0011253725,0.260261,6.144084135025755,7.743832135259051
AVUCEA_clean,AVUCEA,4.524809837341309,10.641810417175293,0.893630887781966,2552.14990234375,0.8936300277709961,4.52,10.64,2552.15,0.89,4.52481,10.64181,5.22943,0.8936302579654528,2902.4,0.597450847,0.5339,3.63,0.4,0.65,11.01,21.1,14.0,3.6427693034,0.0042285274,0.245629,11.01477979885442,7.790652446971718
AWAGEL_clean,AWAGEL,7.286839962005615,8.54500961303711,0.990945608803037,1278.530029296875,0.9909399747848511,7.29,8.55,1278.57,0.99,7.28684,8.54501,8.54501,0.9909456331943407,1582.81,0.413445819,0.4097,3.84,0.3,0.55,11.22,21.53,14.1,3.8348519124,0.0030954967,0.133215,11.22244744996322,8.37509681121996
AWAHEM_clean,AWAHEM,4.857240200042725,7.657400131225586,2.1581967636231374,822.3740234375,2.1582000255584717,4.86,7.66,822.32,2.16,4.85724,7.6574,7.65488,2.15819863732039,946.952,0.219673802,0.4741,0.42,0.07,0.08,6.6,18.07,15.7,0.3839157207,0.0006675873,0.06156,6.107652835084648,6.494144029231816
AWASEY_clean,AWASEY,7.26209020614624,12.050909996032715,1.1577142318902292,1646.5400390625,1.1577099561691284,7.26,12.05,1646.54,1.16,,,,1.157712824747187,,,,0.51,0.11,0.08,4.86,16.0,17.5,0.5123030697,0.0010473775,0.138167,4.810957479830307,6.48986635067379
AWAWUR_clean,AWAWUR,4.272160053253174,9.424269676208496,0.9824533042645459,1610.56005859375,0.9824529886245728,4.27,9.42,1610.55,0.98,4.27216,9.42427,9.42427,1.02101,1796.21,0.494273008,0.4856,2.46,0.36,0.57,11.44,29.37,17.6,2.4537916568,0.0035750708,0.596033,11.42470904329448,15.0183114068412
AWEDOW_charged,AWEDOW,4.507199764251709,7.016479969024658,1.0603216846720414,934.0059814453125,1.0603400468826294,4.51,7.02,933.79,1.06,,,,1.060321710622512,,,,2.41,0.26,0.42,11.25,22.29,14.5,2.3339836712,0.0024922016,0.230577,11.24513508248223,7.885607512320489
AWEJIW_clean,AWEJIW,10.503870010375977,10.880009651184082,1.1937592813772429,1102.239990234375,1.193750023841858,10.5,10.88,1102.3,1.19,10.50387,10.88001,10.88001,1.19375,1282.0,0.373277487,0.4456,2.7,0.5,0.92,14.58,26.36,15.3,2.6930947555,0.0048953305,0.433593,14.59900555469085,9.958296979059163
AWEVIJ_clean,AWEVIJ,8.659310340881348,10.61970043182373,0.747203231283938,2151.159912109375,0.7472119927406311,8.66,10.62,2151.16,0.75,,,,0.7472032494992653,,,,3.54,0.52,1.21,16.17,35.87,19.2,3.4634813522,0.0051811697,1.902043,16.17382419165433,18.33761034823835
AWOFOI_clean,AWOFOI,4.192440032958984,5.445539951324463,1.3190798286023844,1587.4599609375,1.3190799951553345,4.19,5.45,1587.3,1.32,4.19244,5.44554,5.4181,1.319079861470867,1938.55,0.392394699,0.5176,3.75,0.36,0.7,13.37,22.77,14.0,3.7451340535,0.0035958925,0.146517,13.16141177100365,7.997794555667726
AWUPAL_clean,AWUPAL,9.23563003540039,18.420629501342773,0.3485526973816827,5001.080078125,0.34855300188064575,9.24,18.42,5001.08,0.35,,,,0.3485527058872429,,,,1.46,0.39,0.24,3.91,13.83,19.0,1.4593614094,0.0037344979,0.137445,3.891000048113327,5.735470628146761
AXIMUP_clean,AXIMUP,5.629930019378662,8.064760208129883,0.749361009785616,3176.31005859375,0.7493619918823242,5.63,8.06,3176.31,0.75,5.62993,8.06476,7.88344,0.7493604117814363,3551.63,0.797745282,0.5978,3.27,0.44,0.57,8.7,20.59,15.0,3.2989610214,0.0044337247,0.187037,8.689294981100327,7.490706122965367
AXINAX01_clean,AXINAX,13.27772045135498,19.47488021850586,0.40200140017538927,3753.889892578125,0.4020009934902191,13.28,19.47,3753.89,0.4,,,,0.4020011468857499,,,,2.01,0.37,0.33,6.0,18.91,16.8,2.0115480776,0.0039178733,0.251428,5.995696400012084,9.113276604050798
AXIPEE01_clean,AXIPEE,4.364099979400635,6.811110019683838,1.500774791703476,1324.81005859375,1.5007799863815308,4.36,6.81,1324.37,1.5,4.3641,6.81111,6.75959,1.50078,1568.49,0.303975266,0.4562,2.47,0.23,0.36,10.97,20.79,13.9,2.4713567119,0.0024286911,0.136688,10.9923232562918,7.179429533213876
AXIPEE02_clean,AXIPEE,4.044950008392334,6.487919807434082,1.6343478598848504,1013.739990234375,1.6343499422073364,4.05,6.49,1013.89,1.63,4.36394,6.80892,6.78867,1.50078,1333.24,0.412185,0.6186,2.62,0.24,0.47,13.37,22.15,13.7,2.7010110945,0.0023566564,0.16667,13.4152875449516,7.637529719428073
AXIPEE03_clean,AXIPEE,4.08050012588501,6.542799949645996,1.6129825500938904,1058.25,1.6129800081253052,4.08,6.54,1058.13,1.61,4.36394,6.80892,6.78867,1.50078,1333.24,0.412185,0.6186,2.59,0.23,0.46,13.1,21.97,13.7,2.6720280537,0.0023553347,0.173281,13.30736700756629,7.572110274114461
AXIPEE_clean,AXIPEE,3.9417500495910645,6.416079998016357,1.6808783066345796,923.3200073242188,1.6808799505233765,3.94,6.41,923.21,1.68,3.94175,6.41608,6.27246,1.50078,1379.64,0.239517396,0.4026,2.63,0.24,0.5,14.38,22.67,13.7,2.6956448438,0.0023632651,0.112676,14.5849494371356,7.826041529495795
AXUBAW_manual,AXUBAW,5.524219989776611,14.245719909667969,0.7416894051989245,2425.43994140625,0.741720974445343,5.52,14.25,2425.44,0.74,,,,0.741689423432505,,,,1.57,0.27,0.22,5.33,15.96,16.6,1.5315771458,0.0026344199,0.110769,5.312239384854619,5.631554212004236
AXUBOL_clean,AXUBOL,4.2993998527526855,7.859829902648926,1.05111896379628,1031.1700439453125,1.0511200428009033,4.3,7.86,1031.19,1.05,4.2994,7.85983,7.32514,1.051117423816733,2010.8,0.441433899,0.464,4.77,0.57,1.1,13.68,24.71,14.8,4.7718834,0.0057510075,0.162881,13.71912051660987,9.132678856525699
AXUHEH_clean,AXUHEH,5.632030010223389,7.214540004730225,1.0645096254897386,962.5449829101562,1.0645300149917603,5.63,7.21,962.4,1.06,,,,1.064509604993619,,,,2.77,0.51,0.82,12.56,31.63,18.2,2.6451627936,0.0051354346,0.639123,12.4890457864002,12.48330984174409
AYOXUJ_clean,AYOXUJ,5.445099830627441,6.310919761657715,1.1136216833090309,743.8330078125,1.1136200428009033,5.45,6.31,743.85,1.11,5.4451,6.31092,6.31092,1.11362,914.879,0.202313177,0.2253,1.21,0.16,0.21,9.03,21.08,15.0,1.1129987128,0.0013236072,0.119971,9.031799878415175,7.569412469411629
AYUJIP_clean,AYUJIP,7.8919901847839355,12.699359893798828,1.0878559426100807,1531.6300048828125,1.0878599882125854,7.89,12.7,1531.63,1.09,,,,1.087855689020502,,,,2.82,0.37,1.04,19.7,33.61,17.7,2.8231066666,0.0038566901,0.872142,19.77810810531592,15.21772329228157
AZAFIS_clean,AZAFIS,4.01347017288208,4.565539836883545,1.5218991253130367,787.1920166015625,1.5219000577926636,4.01,4.57,787.34,1.52,,,,1.521899164291542,,,,2.8,0.4,1.19,21.11,27.71,14.8,2.9180272965,0.0041227214,0.092079,21.68961943602806,10.37601216296077
AZAVUU_clean,AZAVUU,4.936679840087891,5.4822797775268555,1.184983957352735,955.7769775390625,1.184980034828186,4.94,5.48,955.78,1.18,4.93668,5.48228,5.47166,1.184983986417113,1244.32,0.267346284,0.3168,3.65,0.71,1.48,16.09,26.76,15.1,3.6176861063,0.007353787,0.110563,16.07963974523543,9.185028143304518
AZAWAB_clean,AZAWAB,4.897590160369873,5.656139850616455,1.113085399409971,1118.6199951171875,1.1130900382995605,4.9,5.66,1118.63,1.11,4.89759,5.65614,5.3467,1.113085426696902,1434.73,0.304647423,0.3391,3.78,0.58,1.22,15.61,25.22,14.6,3.7785705109,0.0057670663,0.249143,15.5948132617591,8.710128904762868
AZEBUE_clean,AZEBUE,4.514669895172119,5.441420078277588,1.8182424544028721,601.0150146484375,1.8182799816131592,4.51,5.44,600.95,1.82,4.51467,5.44142,5.32983,1.818241071109662,789.878,0.177090437,0.322,2.24,0.4,0.9,16.27,25.76,14.7,2.2666079909,0.0043028363,0.233641,16.41103387169601,8.790520132408297
AZIVAI_clean,AZIVAI,5.809110164642334,7.054699897766113,0.6824181322033271,3825.280029296875,0.6824179887771606,5.81,7.05,3825.28,0.68,,,,0.6824181490058769,,,,5.3,0.57,0.64,7.52,17.87,14.7,5.3056525712,0.0056847538,0.144556,7.508087808032518,6.005376449887697
AZIXUD_clean,AZIXUD,4.88169002532959,5.9999098777771,1.1045862266979907,1706.5899658203125,1.1046299934387207,4.88,6.0,1706.6,1.1,4.88169,5.99991,5.99991,1.10463,2078.69,0.449743353,0.4968,4.51,0.42,0.78,12.84,23.06,14.3,4.546646875,0.004292501,0.382074,12.87047596056193,8.635093783590513
BADYAJ_clean,BADYAJ,7.136290073394775,8.605759620666504,0.9847287152959328,2021.0400390625,0.9847279787063599,7.14,8.61,2021.04,0.98,,,,0.9847282028263312,,,,2.96,0.3,0.4,9.19,20.38,14.6,2.9645036521,0.0030552414,0.236032,9.191152694730778,7.956515099752155
BAFHAU_clean,BAFHAU,7.37185001373291,9.026350021362305,0.8585509946233217,2734.889892578125,0.858551025390625,7.37,9.03,2734.89,0.86,,,,0.8585510157696927,,,,0.4,0.14,0.07,3.58,13.7,20.1,0.3830901982,0.0010145215,0.140975,3.560612650398108,5.041671267934365
BAKGIF_manual,BAKGIF,6.309140205383301,7.5476298332214355,1.0167454918440144,1503.5999755859375,1.0167399644851685,6.31,7.55,1503.29,1.02,6.30914,7.54763,7.54763,0.992582,1790.45,0.455868757,0.4635,3.72,0.3,0.44,10.23,20.37,14.1,3.7047241815,0.0030267176,0.073272,10.22397708098656,7.411390865792006
BAKJEE_clean,BAKJEE,5.412670135498047,6.4476399421691895,0.9189776147662371,2402.06005859375,0.9189770221710205,5.41,6.45,2402.06,0.92,5.41267,6.44764,6.44764,0.918977,2648.33,0.587174652,0.5396,5.66,0.57,0.93,11.5,21.69,14.1,5.6768159144,0.005594748,0.137777,11.52439128387052,7.761746636252013
BAKJII_clean,BAKJII,5.21845006942749,6.192150115966797,0.9593399267889996,2146.43994140625,0.9593390226364136,5.22,6.19,2146.44,0.96,5.21845,6.19215,6.19129,0.959339,2537.12,0.549753528,0.5274,7.17,0.69,1.67,17.23,24.12,13.8,7.2159685839,0.0068349403,0.311778,17.25561243834557,9.02160260441267
BAKJOO_clean,BAKJOO,5.729479789733887,7.709010124206543,1.0048959693284443,1734.68994140625,1.0048999786376953,5.73,7.71,1734.69,1.0,5.72948,7.70901,7.70901,1.02275,2007.36,0.492685839,0.4951,4.88,0.44,0.74,11.66,22.25,14.3,4.9036069269,0.0043545558,0.194111,11.6533223113239,8.084798698498796
BAKYOE_clean,BAKYOE,6.192259788513184,7.116459846496582,1.030975082980472,1457.0799560546875,1.0309699773788452,6.19,7.12,1457.11,1.03,6.19226,7.11646,7.11412,1.03097,1707.89,0.427558513,0.4408,5.34,0.51,0.94,12.91,22.0,13.8,5.5598836596,0.0052719714,0.264944,13.13463785000985,7.913651425815786
BAMKIM_clean,BAMKIM,5.751339912414551,6.796150207519531,1.1076447264720348,1338.800048828125,1.107640027999878,5.75,6.8,1338.93,1.11,5.75134,6.79615,6.79615,1.107644753758919,1552.78,0.357787729,0.3963,3.1,0.25,0.42,11.15,22.32,14.5,3.0757511543,0.0025005828,0.447847,11.14711147883991,8.526051240559893
BAMKOS_clean,BAMKOS,5.818459987640381,6.763490200042725,1.1133482324502082,1357.8900146484375,1.1133500337600708,5.82,6.76,1357.68,1.11,5.81846,6.76349,6.59811,1.113348259879257,1577.82,0.363946648,0.4052,3.25,0.27,0.46,11.75,22.85,14.5,3.2278259754,0.0026830675,0.285213,11.73572578393217,8.743163266300654
BANMAG_clean,BANMAG,7.4411301612854,8.684969902038574,1.3740155178454483,817.2969970703125,1.3740099668502808,7.44,8.68,817.26,1.37,,,,1.374014915928838,,,,0.47,0.07,0.06,5.72,16.51,16.2,0.4715195961,0.0007429223,0.154225,5.715481743179101,6.055805092414568
BAPDAA_clean,BAPDAA,11.546770095825195,12.360389709472656,1.3814421250781945,1132.6700439453125,1.3814200162887573,11.55,12.36,1132.52,1.38,11.54677,12.36039,12.35976,1.38128,1234.68,0.44273284,0.6116,1.43,0.2,0.19,6.77,18.0,15.5,1.4271947688,0.0018914319,0.170416,6.753289788970715,6.775241944462117
BAQWIC_clean,BAQWIC,5.970280170440674,8.024869918823242,1.6384950520024975,877.7930297851562,1.6384899616241455,5.97,8.02,878.81,1.64,,,,1.63849334063553,,,,0.62,0.11,0.09,6.08,17.42,16.1,0.5862902347,0.000964,0.16708,5.982537110465641,6.151561123136698
BARZUR_clean,BARZUR,5.302889823913574,5.49459981918335,0.9257644850074611,1868.31005859375,0.9257829785346985,5.3,5.5,1868.31,0.93,5.30289,5.4946,5.4946,0.9257645078943153,2689.68,0.525285083,0.4863,6.73,0.95,2.56,20.06,26.44,14.4,6.9336128852,0.0096602423,0.230975,20.11096136294148,9.21714840437605
BASJUB_clean,BASJUB,4.5914201736450195,5.472439765930176,1.0302064818030179,1512.6600341796875,1.0302200317382812,4.59,5.47,1512.66,1.03,4.59142,5.47244,5.38091,1.03022,1893.28,0.37593912,0.3873,4.32,0.6,1.24,14.85,24.75,14.5,4.2569080767,0.0057913957,0.162728,14.78276761380677,8.51334247075858
BAWROI_clean,BAWROI,9.130660057067871,13.549850463867188,0.6298579923594291,3143.050048828125,0.6298819780349731,9.13,13.55,3143.05,0.63,9.13066,13.54985,13.5475,0.63085,3249.34,1.096395833,0.6906,1.64,0.28,0.26,6.17,18.41,16.4,1.6385727942,0.002874613,0.276841,6.159663866649313,8.216308208853654
BAZFUF01_clean,BAZFUF,8.546050071716309,20.14565086364746,0.34206243893405447,5353.7998046875,0.34206199645996094,8.55,20.15,5353.8,0.34,8.54605,20.14565,20.14565,0.342062,5225.08,2.460372681,0.8416,1.15,0.34,0.17,3.33,12.67,20.7,1.1483477488,0.0033209322,0.139402,3.327282037124037,5.187307695689817
BAZFUF_clean,BAZFUF,8.583840370178223,20.245969772338867,0.34005300216688134,5368.02001953125,0.340052992105484,8.58,20.25,5368.02,0.34,8.5601,20.1526,20.10669,0.342062,5368.57,2.52293,0.863,1.14,0.34,0.17,3.32,12.61,20.7,1.1392564024,0.0035211303,0.075811,3.31749633584996,5.164874159371125
BAZGAM_clean,BAZGAM,24.240610122680664,42.798179626464844,0.12652582188639075,6405.56982421875,0.12652599811553955,24.24,42.8,6405.57,0.13,,,,0.126525824968352,,,,1.24,0.53,0.18,2.24,10.03,26.8,1.2139861163,0.0052205957,0.174626,2.235850405861423,4.685823047635955
BAZGEQ_clean,BAZGEQ,13.963199615478516,27.240339279174805,0.3348947043225155,4785.0498046875,0.3348950147628784,13.96,27.24,4785.05,0.33,,,,0.3348947124813379,,,,1.74,0.37,0.29,5.24,17.22,17.3,1.741222803,0.0037812817,0.350985,5.248181845185366,8.355763681057553
BAZJET_clean,BAZJET,12.10116958618164,13.370189666748047,0.6212936554075474,3450.5,0.6212940216064453,12.1,13.37,3450.5,0.62,,,,0.6212935858897773,,,,3.81,0.41,0.67,11.16,22.15,14.4,3.8058375954,0.0040697513,0.347341,11.19540142637166,10.41242159154896
BAZJIX_clean,BAZJIX,7.464210033416748,8.75901985168457,0.7704535988069806,2718.570068359375,0.7704529762268066,7.46,8.76,2718.57,0.77,7.46421,8.75902,8.75317,0.7704534926623811,3132.44,0.763706547,0.5884,3.55,0.45,0.71,10.86,21.62,14.3,3.5444643832,0.0044767688,0.232617,10.89352346771014,8.540477619597251
BEDYEQ_clean,BEDYEQ,31.490510940551758,33.058631896972656,0.4624435777578932,3062.179931640625,0.4624449908733368,31.49,33.06,3062.18,0.46,31.49051,33.05863,33.05863,0.462445,3267.43,1.69274184,0.7828,2.02,0.32,0.34,7.14,21.02,16.5,2.0205247694,0.0032236281,0.210907,7.138673263764002,10.79955685176879
BELJIL_clean,BELJIL,5.214360237121582,7.210360050201416,1.2875380223825448,674.0700073242188,1.2875399589538574,5.21,7.21,674.07,1.29,,,,1.28753805423781,,,,2.43,0.23,0.42,13.17,22.63,14.0,2.412661716,0.0023352438,0.329879,13.15941666521643,7.860188496831547
BEPBAB_clean,BEPBAB,3.9763200283050537,5.31879997253418,1.041545040592509,1089.780029296875,1.0415400266647339,3.98,5.32,1087.84,1.04,,,,1.041545066846205,,,,4.03,0.71,1.68,17.89,29.5,16.1,4.0454825954,0.0071075649,0.254597,17.90848807962855,11.58843597180855
BEPLUF_clean,BEPLUF,10.457449913024902,10.546609878540039,0.882231901680647,1532.300048828125,0.8822680115699768,10.46,10.55,1532.3,0.88,10.45745,10.54661,10.54661,0.882268,1710.97,0.531471163,0.4689,1.45,0.21,0.2,6.49,18.7,16.1,1.4471778071,0.0020072051,0.211262,6.491081028133785,7.075337857988764
BEPMAM_clean,BEPMAM,10.232970237731934,10.357640266418457,0.8939507550646509,1532.6400146484375,0.8939869999885559,10.23,10.36,1532.6,0.89,10.23297,10.35764,10.35764,0.893987,1702.98,0.521148518,0.4566,1.44,0.22,0.21,6.6,18.72,16.0,1.4444807141,0.0021349621,0.222287,6.603537400622784,6.772678526533635
BEPMIU_clean,BEPMIU,9.954730033874512,10.070289611816406,1.0214468815389615,1119.3499755859375,1.0214899778366089,9.95,10.07,1119.08,1.02,9.95474,10.07029,10.07029,1.02149,1242.6,0.388550059,0.3969,0.75,0.12,0.1,5.53,16.69,16.6,0.7355127117,0.0012447825,0.080274,5.52446495717392,6.207534648195249
BEPNIV_clean,BEPNIV,10.198829650878906,10.322190284729004,0.8933502363842466,1494.7099609375,0.8933870196342468,10.2,10.32,1494.76,0.89,10.19883,10.32219,10.32219,0.893387,1682.29,0.517021179,0.4619,1.43,0.22,0.2,6.43,18.68,16.2,1.4307044569,0.0021979611,0.169023,6.433483772814997,6.82672924446311
BEPNOB_clean,BEPNOB,10.231269836425781,10.363109588623047,0.8902664552633386,1498.3699951171875,0.8903030157089233,10.23,10.36,1498.36,0.89,10.23127,10.36311,10.36311,0.890303,1708.43,0.5244282,0.4669,1.28,0.21,0.19,6.07,18.25,16.4,1.2837461003,0.0019299866,0.185758,6.073374497478,6.570833212259643
BEPNUH_clean,BEPNUH,10.209799766540527,10.325630187988281,1.165653082362101,946.7420043945312,1.1656899452209473,10.21,10.33,947.29,1.17,10.2098,10.32563,10.32563,1.1657,1058.22,0.343401762,0.3905,0.76,0.12,0.1,5.88,17.0,16.2,0.7586816796,0.001142754,0.15916,5.87916143955834,6.345317468469609
BEPPAP_clean,BEPPAP,9.78954029083252,9.90820026397705,1.0316809677784493,1121.8900146484375,1.031730055809021,9.79,9.91,1121.37,1.03,9.78954,9.9082,9.90791,1.03174,1230.63,0.38004129,0.3921,0.71,0.12,0.1,5.64,16.68,16.4,0.7079291252,0.0011927099,0.123223,5.638227033007103,6.198114588295486
BEPPIX_clean,BEPPIX,9.637060165405273,9.774089813232422,0.9904012908625234,1303.1300048828125,0.9904379844665527,9.64,9.77,1303.18,0.99,9.63706,9.77409,9.77409,0.990438,1472.79,0.417290128,0.4133,2.22,0.2,0.31,11.04,22.32,14.6,2.2301888481,0.0019509574,0.274394,11.0835623935205,10.29142797523256
BEPPOD_clean,BEPPOD,9.89091968536377,10.036219596862793,0.9606971450750421,1335.81005859375,0.9607319831848145,9.89,10.04,1335.68,0.96,9.89092,10.03622,10.03622,0.960732,1522.74,0.444452771,0.427,2.18,0.2,0.34,10.79,22.59,14.8,2.1911475604,0.0018533843,0.388748,10.80168887191732,10.35387409414594
ABAYIO_clean,ABAYIO,4.3225998878479,11.39486026763916,0.9491136009526916,1505.31005859375,0.9491260051727295,4.32,11.39,1505.3,0.95,4.3226,11.39486,11.33724,0.949119,2511.18,0.529539808,0.5026,2.17,0.41,0.7,12.51,27.66,16.4,2.1764030826,0.0041125218,0.289364,12.56625430206838,11.72918975909299
ABAYOU_clean,ABAYOU,4.510799884796143,11.27344036102295,0.9792550407659546,1494.4000244140625,0.9792670011520386,4.51,11.27,1494.47,0.98,4.5108,11.27344,11.27344,0.979263,2493.59,0.519878644,0.5091,2.24,0.42,0.7,12.31,27.51,16.4,2.2534756888,0.0041529719,0.161291,12.36030591384507,11.56526186961049
ABETIN_clean,ABETIN,7.837440013885498,9.474180221557617,0.5972325866170202,3810.889892578125,0.59723299741745,7.84,9.47,3810.89,0.6,7.83744,9.47418,9.45292,0.597236,3966.71,1.064576137,0.6358,3.36,0.43,0.46,7.01,18.55,15.5,0.160845566,0.272539535,0.183221,0.5901733339348363,7.722709854693727
ABEXEN_clean,ABEXEN,13.718669891357422,18.807899475097656,0.6743635080220312,2447.090087890625,0.6743710041046143,13.72,18.81,2447.09,0.67,13.71867,18.8079,18.7996,0.674371,2515.69,0.948735933,0.6358,3.14,0.42,0.7,11.27,25.96,16.1,3.1483202986,0.0042002093,0.421775,11.2721790506447,12.51958734406711
ABIXOZ_clean,ABIXOZ,4.051499843597412,6.227280139923096,1.917603357561668,977.27197265625,1.9175100326538086,4.05,6.23,977.31,1.92,,,,1.917604457977555,,,,0.36,0.08,0.06,4.94,15.2,17.0,0.20249615,0.0004960709,0.033531,3.978188706690645,4.586064046577363
ABULOB_clean,ABULOB,4.164450168609619,4.869579792022705,1.3192087356659643,898.1209716796875,1.3192100524902344,4.16,4.87,898.25,1.32,,,,1.319210299748834,,,,4.5,0.83,1.9,17.03,28.46,15.7,4.5012686221,0.008278242,0.219728,17.03629528277695,9.521166797550961
ABUWOJ_clean,ABUWOJ,4.030389785766602,5.079689979553223,1.1582674470305148,1506.6800537109375,1.158329963684082,4.03,5.08,1506.73,1.16,4.03039,5.07969,4.98773,1.158267475485832,1981.74,0.393152211,0.4554,4.76,0.48,1.2,17.49,25.24,14.2,4.7900243114,0.0048453645,0.092593,17.71753449953557,9.205041463403372
ACAJIZ_clean,ACAJIZ,5.7404398918151855,6.186500072479248,1.3014775643161367,753.8790283203125,1.3014800548553467,5.74,6.19,753.88,1.3,5.74044,6.18649,6.18649,1.30148,898.616,0.211605249,0.2754,2.51,0.32,0.66,14.87,24.42,14.4,2.5073505805,0.0030196856,0.169836,14.86953054683964,8.872030572694005
ACAJOF_clean,ACAJOF,6.1048197746276855,6.863979816436768,1.2187129607774665,920.0460205078125,1.218709945678711,6.1,6.86,919.95,1.22,6.10482,6.86398,6.86398,1.21871,1071.62,0.250839002,0.3057,2.79,0.28,0.5,12.74,23.03,14.3,2.7653180197,0.0025901392,0.063407,12.70576595986408,8.203874791064338
ACIBOE_clean,ACIBOE,7.030710220336914,8.257760047912598,1.100888193623026,1873.8599853515625,1.1009399890899658,7.03,8.26,1873.86,1.1,7.03071,8.25776,8.25776,1.100888220716341,2111.85,0.494577361,0.5445,2.88,0.31,0.39,8.45,19.42,14.7,2.9266384678,0.0031656085,0.04882,8.448307441841544,6.696740509855733
ACODON_clean,ACODON,4.655370235443115,7.143899917602539,1.1492359794346507,1505.0899658203125,1.1492400169372559,4.65,7.14,1505.09,1.15,4.65537,7.1439,7.12384,1.14923,1827.11,0.415753019,0.4778,4.59,0.49,0.96,13.5,24.21,14.6,4.6317404467,0.0049676609,0.157558,13.53308301032064,9.024898579599558
ACOGAB_clean,ACOGAB,3.8932700157165527,5.200850009918213,1.154579602161234,1240.989990234375,1.154579997062683,3.89,5.2,1241.04,1.15,3.89327,5.20085,4.84433,1.15456,1635.13,0.323927316,0.374,4.82,0.84,2.18,19.4,27.32,14.9,4.8218285609,0.008443918,0.144224,19.45039039922733,9.285755554843806
ACOGEF_clean,ACOGEF,3.9488799571990967,5.201149940490723,1.2595240945162711,1138.3499755859375,1.2595200538635254,3.95,5.2,1138.68,1.26,3.94888,5.20115,4.84777,1.25952,1452.27,0.291857215,0.3676,4.39,0.77,2.01,19.51,27.41,14.9,4.3941853155,0.0078015001,0.105588,19.51270484488519,9.399736241651656
ACOLOV_clean,ACOLOV,5.535520076751709,8.421830177307129,0.863416555473806,2579.300048828125,0.863411009311676,5.54,8.42,2579.3,0.86,5.53552,8.42183,8.41851,0.863411,2873.46,0.649401038,0.5607,3.73,0.4,0.52,8.8,19.74,14.6,3.7049810172,0.0039711122,0.248733,8.795054292904338,7.194482094427052
ACUBAB_clean,ACUBAB,4.302949905395508,6.4817399978637695,2.3092685650887397,536.4840087890625,2.3094398975372314,4.3,6.48,536.48,2.31,,,,2.309271545393732,,,,1.06,0.14,0.2,10.09,21.25,14.5,0.9952024044,0.0013889491,0.061929,9.91222940625949,6.82470946096489
ACUFEK_clean,ACUFEK,9.008970260620117,15.556269645690918,0.5594311161592258,3941.719970703125,0.5594310164451599,9.01,15.56,3941.72,0.56,,,,0.5594311298011001,,,,1.91,0.35,0.28,5.47,16.94,16.8,1.9166351821,0.0034242818,0.10818,5.470520918575987,7.019504709573244
ACUJOZ_manual,ACUJOZ,7.825389862060547,11.508060455322266,0.6942878188674568,3375.590087890625,0.6942880153656006,7.83,11.51,3375.59,0.69,,,,0.6942877612248165,,,,2.08,0.33,0.32,6.25,17.26,15.8,2.0768309828,0.0033632649,0.090425,6.248850971530698,6.519199630712677
ADARAA_clean,ADARAA,5.40077018737793,12.2920503616333,0.8819357640367619,2485.27001953125,0.8819350004196167,5.4,12.29,2485.27,0.88,,,,0.8819353885875092,,,,3.39,0.38,0.63,11.45,22.54,14.5,3.3765594625,0.0037603163,0.132832,11.45146635123943,9.136995612041865
ADASAB_charged,ADASAB,13.490139961242676,22.824020385742188,0.3439419805245551,4829.509765625,0.34394198656082153,13.49,22.82,4829.51,0.34,,,,0.343941988903366,,,,0.85,0.27,0.12,3.02,12.12,22.0,0.8405339896,0.002594186,0.179099,3.023281884873256,5.163291930049146
ADASEF_clean,ADASEF,10.923089981079102,21.6241397857666,0.4356067885581322,4179.02001953125,0.435606986284256,10.92,21.62,4179.02,0.44,,,,0.4356067991741615,,,,1.55,0.33,0.26,5.51,18.23,17.3,1.549529447,0.0034552723,0.166425,5.496176854273687,8.988948793141063
ADATAC_clean,ADATAC,10.27637004852295,26.33514976501465,0.3372609835364535,5129.27978515625,0.33726999163627625,10.28,26.34,5129.28,0.34,,,,0.3372609917547073,,,,1.56,0.37,0.27,4.89,17.77,18.2,1.5660036977,0.0038605616,0.240522,4.891459887529803,9.289705640438179
ADATEG_manual,ADATEG,13.33903980255127,27.337820053100586,0.23877676669095374,6170.7001953125,0.23877699673175812,13.34,27.34,6170.7,0.24,13.33904,27.33782,27.33782,0.238777,6033.39,3.598336523,0.8592,1.04,0.37,0.15,2.74,11.43,23.4,1.0414093324,0.0035615902,0.06478,2.737615527535001,4.89325492786787
ADATIK_clean,ADATIK,12.174260139465332,24.550819396972656,0.37757670006494365,4535.56982421875,0.377577006816864,12.17,24.55,4535.57,0.38,12.17426,24.55082,18.62931,0.377576,4474.7,2.216501535,0.8369,1.23,0.3,0.2,4.56,16.75,18.5,1.230892569,0.0029677368,0.094867,4.546628717295643,8.617821350801245
ADATOQ_clean,ADATOQ,9.076109886169434,10.542099952697754,0.6320773302697135,3677.949951171875,0.6320769786834717,9.08,10.54,3677.95,0.63,9.07611,10.5421,10.5421,0.63207,3800.98,0.996714008,0.63,3.48,0.39,0.65,10.96,22.7,14.8,3.4108316102,0.0039364035,0.235357,10.89804342039982,10.18028304006559
ADAXEK_clean,ADAXEK,4.104450225830078,5.767240047454834,1.2634293463235513,1033.3800048828125,1.2634299993515015,4.1,5.77,1033.43,1.26,4.10445,5.76724,5.76724,1.263428604984369,1277.93,0.287233958,0.3629,4.34,0.8,2.15,20.71,28.38,15.2,4.3145252698,0.0081317045,0.189015,21.15052387406449,10.88466115978525
ADAXIO_clean,ADAXIO,5.00855016708374,5.72681999206543,1.2806164165536889,890.52001953125,1.2806199789047241,5.01,5.73,891.2,1.28,5.00855,5.72682,5.71823,1.28062,1132.69,0.25222158,0.323,3.6,0.65,1.46,17.39,25.69,14.4,3.6034997236,0.0066269363,0.141413,17.62393215286723,8.887683024502973
ADOCEC_clean,ADOCEC,3.832779884338379,5.401350021362305,1.5354305840768592,613.5599975585938,1.5354399681091309,3.83,5.4,613.99,1.54,3.83278,5.40135,5.1457,1.535436224509211,831.915,0.21264263,0.2604,2.55,0.27,0.67,17.82,25.19,14.1,2.5411173293,0.0026119113,0.125778,17.83425247364708,8.96660519141476
ADODAA_charged,ADODAA,4.906499862670898,10.017000198364258,1.0387642759139448,1977.4599609375,1.0387599468231201,4.91,10.02,1977.46,1.04,4.9065,9.42482,9.42263,1.06972,1914.56,0.63381,0.678,1.11,0.17,0.16,6.1,17.04,15.9,1.1072481275,0.001729997,0.098674,6.107111473477433,6.294714881252839
ADODII_clean,ADODII,5.30364990234375,5.975409984588623,1.2166135247050578,897.4119873046875,1.2166099548339844,5.3,5.98,897.41,1.22,5.30365,5.97541,5.62846,1.2166,1209.25,0.27724579,0.3373,3.36,0.59,1.3,16.92,25.06,14.2,3.3798059363,0.0060400642,0.227576,17.21010307989061,8.607746351676322
ADODOO_clean,ADODOO,5.313310146331787,5.944300174713135,1.28796474724182,818.9609985351562,1.2879600524902344,5.31,5.94,818.36,1.29,5.31331,5.9443,5.61744,1.28798,1040.93,0.2412342,0.3107,3.31,0.64,1.4,17.31,25.98,14.6,3.2825193589,0.0064572541,0.097476,17.3964513673966,8.815787304192149
ADODUU_clean,ADODUU,5.29095983505249,5.933380126953125,1.31573468426591,798.4390258789062,1.3157299757003784,5.29,5.93,798.51,1.32,5.29096,5.93337,5.57799,1.31572,1011.82,0.23583866,0.3103,3.26,0.67,1.45,17.36,26.28,14.7,3.2564337869,0.006996983,0.279397,17.4696519243458,8.910837871437959
ADOGEH_clean,ADOGEH,5.052579879760742,12.714469909667969,1.0199116969425956,1958.1400146484375,1.0199099779129028,5.05,12.71,1958.14,1.02,,,,1.019911721829021,,,,4.78,1.15,1.34,12.09,33.31,19.1,4.7784072728,0.011657331,0.344673,12.10796697000601,13.60679354859374
ADUROI_clean,ADUROI,17.12424087524414,25.685529708862305,0.4025586944911479,3194.10009765625,0.4025669991970062,17.12,25.69,3194.1,0.4,17.12424,25.68553,25.68553,0.402567,3216.69,1.91794161,0.7721,0.85,0.25,0.13,3.39,13.28,20.7,0.8452195426,0.0024310906,0.087656,3.385251628643844,5.708410191798709
ADUWIH_clean,ADUWIH,6.551380157470703,9.283860206604004,0.7221044246535139,2844.139892578125,0.7221230268478394,6.55,9.28,2844.14,0.72,,,,0.7221044423008844,,,,3.69,0.39,0.49,8.35,19.59,14.8,3.6805135495,0.0038962225,0.136647,8.375822672058533,7.718962491751629
ADUWON_clean,ADUWON,5.99724006652832,16.379350662231445,0.5212469901297713,4587.81982421875,0.5212470293045044,6.0,16.38,4587.82,0.52,,,,0.5212467080451934,,,,3.59,0.49,0.5,6.68,17.35,15.3,3.6090143539,0.0048591052,0.082997,6.692091256794169,6.339187808610315
AFEJOK_ion_b,AFEJOK,5.126890182495117,5.9982500076293945,1.101299433779131,1489.7900390625,1.101289987564087,5.13,6.0,1489.96,1.1,,,,1.101293690783553,,,,4.26,0.46,0.79,12.14,22.51,14.2,4.2574846756,0.004541515,0.16103,12.08230268905496,7.850833810399321
AFITEP_clean,AFITEP,4.099969863891602,4.6402201652526855,1.0692615927308828,1422.489990234375,1.0692800283432007,4.1,4.65,1422.49,1.07,4.08994,4.62027,4.61738,1.0693,1427.36,0.496588,0.531,5.91,0.09,3.33,21.48,29.46,15.6,5.9077104907,0.0121175086,0.361398,21.63177234913769,27.03758350401661
AFITUF_clean,AFITUF,5.085239887237549,7.140659809112549,1.322831279700654,1051.8599853515625,1.322849988937378,5.09,7.14,1051.86,1.32,5.08524,7.14066,7.12439,1.32283131206134,1256.49,0.24893223,0.3293,2.74,0.04,0.64,14.92,24.72,14.5,2.7488028889,0.0031220991,0.190827,14.92045434917717,22.24112397502694
AFIXAO_clean,AFIXAO,4.520969867706299,6.330599784851074,1.1222306377213984,1176.43994140625,1.122230052947998,4.52,6.33,1176.42,1.12,4.52097,6.3306,6.32879,1.12222953763341,1446.81,0.313037434,0.3513,2.14,0.34,0.56,11.82,25.42,15.7,2.1444518351,0.0034292031,0.404649,11.80842985592131,9.389735089169129
AFIXES_clean,AFIXES,4.7480998039245605,6.438640117645264,1.1257409409337162,1159.22998046875,1.1257400512695312,4.75,6.44,1159.21,1.13,4.7481,6.43864,6.42659,1.1257398374053,1429.94,0.312683213,0.352,2.16,0.34,0.56,11.83,25.73,15.8,2.1566135287,0.0033730928,0.2621,11.82708408124953,9.603258796166386
AFOTOF_clean,AFOTOF,6.772870063781738,8.793100357055664,1.0743899046050287,1533.6600341796875,1.0743900537490845,6.77,8.79,1533.47,1.07,6.77287,8.7931,8.7931,1.07439,1805.96,0.479062538,0.5147,4.01,0.58,1.04,13.24,28.61,16.7,4.0264947798,0.0060798273,0.375024,13.26157117628873,11.36294308970939
AFOTUL_clean,AFOTUL,6.814080238342285,8.802120208740234,1.059685873200374,1588.469970703125,1.059689998626709,6.81,8.8,1588.65,1.06,6.81408,8.80212,8.79682,1.05968,1849.73,0.491558852,0.5209,4.09,0.57,1.01,13.07,28.23,16.5,4.0988839742,0.0057969692,0.414613,13.09814740467571,11.19097518372455
AFOVAT_clean,AFOVAT,6.547540187835693,8.32882022857666,1.0407694313723168,1605.1800537109375,1.0407700538635254,6.55,8.33,1605.16,1.04,6.54754,8.32882,8.28902,1.04077,1866.19,0.488868818,0.5088,4.23,0.58,1.15,14.41,29.11,16.6,4.2318603061,0.0057714732,0.448832,14.47554378842019,12.21267570195358
AFOVEX_clean,AFOVEX,6.860509872436523,8.815150260925293,1.0220625692703624,1637.4300537109375,1.0220600366592407,6.86,8.82,1637.15,1.02,6.86051,8.81515,8.81515,1.02205,1921.36,0.511515958,0.5228,3.93,0.57,1.01,12.82,28.16,16.6,3.9275753492,0.0058678363,0.719367,12.82165821502583,11.28233456559407
AFOVIB_clean,AFOVIB,6.741179943084717,8.793339729309082,1.0948044502414789,1513.93994140625,1.0947999954223633,6.74,8.79,1513.83,1.09,6.74118,8.79334,8.79334,1.09482,1768.81,0.468852758,0.5133,4.12,0.58,1.05,13.18,28.67,16.7,4.1591508079,0.0059170821,0.563016,13.17941899764236,11.39001970224309
AFOVOH_clean,AFOVOH,6.845980167388916,8.788470268249512,1.0481680486264513,1587.3199462890625,1.0481599569320679,6.85,8.79,1587.65,1.05,6.84598,8.78847,8.77538,1.04818,1860.59,0.490669363,0.5143,4.03,0.58,1.03,12.96,28.53,16.7,4.0491303256,0.0057773876,0.473611,12.98406355969748,11.38200312868582
AFOYAW_clean,AFOYAW,4.227389812469482,5.9453301429748535,0.9781225425828556,1850.8900146484375,0.9781219959259033,4.23,5.95,1850.84,0.98,,,,0.9781225668230472,,,,5.53,0.51,1.22,16.43,23.9,13.8,5.6632575448,0.0049082665,0.21516,16.46327874640165,8.479548087584574
AFOYIE_clean,AFOYIE,8.619290351867676,9.085659980773926,0.7618868517363369,2697.60009765625,0.7618870139122009,8.62,9.09,2697.6,0.76,8.61929,9.08566,9.08005,1.1599,3033.85,0.807600077,0.6153,2.7,0.32,0.37,7.74,18.99,15.0,2.6787327312,0.0031305853,0.128279,7.589071173762113,7.231020537206298
AFOYOK_clean,AFOYOK,5.717850208282471,7.7348198890686035,0.9794479355058976,1668.1800537109375,0.9794480204582214,5.72,7.73,1668.18,0.98,,,,0.9794479595466121,,,,4.69,0.31,0.57,12.71,21.48,13.6,4.6477945888,0.0031623726,0.122442,12.69487913802142,8.261559715002969
AFUKET_clean,AFUKET,4.7743000984191895,5.966710090637207,0.959700238666479,1731.989990234375,0.9596999883651733,4.77,5.97,1732.01,0.96,4.7743,5.96671,5.96671,0.959704,2003.74,0.422006877,0.3737,5.46,0.96,1.53,13.82,31.19,17.7,5.5110275383,0.009918171,0.283397,13.81839991801368,12.70480427777607
AFUKIX_clean,AFUKIX,5.474420070648193,8.695039749145508,0.784291926215543,2572.85009765625,0.7842919826507568,5.47,8.7,2572.85,0.78,,,,0.7842918684022188,,,,3.82,0.42,0.69,10.16,22.5,15.0,3.8088221844,0.0044496824,0.306118,10.14546906395446,9.322274083823833
AFUPEX_clean,AFUPEX,4.588910102844238,5.433119773864746,1.386410019438527,1590.3900146484375,1.3864099979400635,4.59,5.43,1590.39,1.39,4.58891,5.43312,5.43311,1.38640924287445,1927.26,0.396275272,0.5494,3.35,0.34,0.59,11.64,21.62,14.0,3.3405345872,0.0033997301,0.163351,11.19564652767357,7.230979838718859
AGABIU_clean,AGABIU,10.827420234680176,12.570980072021484,0.6471208024838466,2769.2900390625,0.6471220254898071,10.83,12.57,2769.29,0.65,,,,0.6471202237130637,,,,0.48,0.15,0.07,3.24,12.34,21.0,0.449980581,0.0,0.050906,3.215606327293414,4.525214902622372
AGARUW_clean,AGARUW,6.251830101013184,6.77692985534668,1.7719457269368108,759.8040161132812,1.7719500064849854,6.25,6.78,759.68,1.77,6.25183,6.77693,6.7733,1.77195,893.016,0.211461949,0.3747,1.42,0.17,0.24,9.67,19.98,14.2,1.3800661585,0.0015712536,0.017882,9.464315787357846,6.628423154758465
AGOFEJ_clean,AGOFEJ,8.71558952331543,12.613800048828125,0.5836748811610786,3357.77001953125,0.5836750268936157,8.72,12.61,3357.77,0.58,8.71559,12.6138,12.59801,0.583675,3459.61,1.144472523,0.668,1.97,0.35,0.39,7.38,20.84,16.2,1.9669628757,0.0035085944,0.392791,7.393678681975984,9.3220330547699
AGONAM_clean,AGONAM,4.907289981842041,5.6322197914123535,1.4376897518524296,953.1710205078125,1.4376800060272217,4.91,5.63,952.95,1.44,4.90729,5.63222,5.59904,1.43768,1125.73,0.270087919,0.3883,2.67,0.36,0.6,12.23,22.53,14.2,2.672878161,0.0035880021,0.15064,12.12573241529781,7.560562215520372
AGONEQ_clean,AGONEQ,5.906109809875488,6.160990238189697,1.082541837552969,2090.610107421875,1.0825300216674805,5.91,6.16,2090.61,1.08,5.90611,6.16099,6.12795,1.08253,2293.81,0.545296666,0.5903,2.68,0.33,0.36,7.38,17.77,14.8,2.6399261172,0.0033876504,0.074059,7.308392629870688,5.672169811105732
AGOVOJ_clean,AGOVOJ,9.206910133361816,13.912010192871094,0.6160354663443613,3431.85009765625,0.616034984588623,9.21,13.91,3431.85,0.62,,,,0.6160354813675906,,,,1.47,0.27,0.23,5.73,17.17,16.5,1.470527351,0.0028283745,0.14146,5.723966062630661,7.52191573781732
AGUBUA_clean,AGUBUA,4.595630168914795,5.462180137634277,1.8330692636604522,734.1959838867188,1.8331700563430786,4.6,5.46,734.13,1.83,,,,1.833073853794756,,,,2.96,0.63,1.32,16.21,26.1,14.8,2.9574066552,0.0,0.135132,16.23571381592219,8.618229404978301
AGUVOO_charged,AGUVOO,4.111810207366943,6.072199821472168,1.1645490611003169,1302.93994140625,1.1645499467849731,4.11,6.07,1302.81,1.16,4.11157,6.07219,6.04748,1.01535,1974.58,0.62402,0.6336,2.72,0.31,0.5,11.13,22.35,14.5,2.717305111,0.0030997485,0.183947,11.13121346016679,7.572322296323255
AHEQAH_clean,AHEQAH,6.216730117797852,9.268289566040039,0.7592872283417872,3181.909912109375,0.7592869997024536,6.22,9.27,3181.91,0.76,,,,0.7592868743179318,,,,4.05,0.44,0.56,8.54,19.88,14.8,4.0480127568,0.0043082605,0.240321,8.553060082205361,7.563198969367216
AJAKON_clean,AJAKON,4.3230299949646,5.276500225067139,1.3672363755502204,780.0050048828125,1.3672300577163696,4.32,5.28,780.36,1.37,4.32303,5.2765,5.27104,1.36723,1142.13,0.206402727,0.2822,3.14,0.42,1.12,19.6,27.24,14.8,3.1313374514,0.0041135487,0.386992,19.63815102581728,9.750776452808417
AJAYIT_clean,AJAYIT,4.893010139465332,7.126110076904297,1.9839215003227937,423.7820129394531,1.9839199781417847,4.89,7.13,423.78,1.98,4.89301,7.12611,7.12611,1.98392,522.99,0.128634219,0.2552,0.02,0.27,0.56,15.58,24.99,14.5,0.0,0.0027191631,0.154121,15.84145012290162,8.58040200172369
AJIGIL_clean,AJIGIL,5.546559810638428,6.713520050048828,1.089878733694209,914.4190063476562,1.0898799896240234,5.55,6.71,914.23,1.09,,,,1.089879128511066,,,,2.15,0.24,0.42,12.0,23.33,14.7,2.0327693873,0.0020969154,0.189595,11.87575609838297,8.88483254171948
AJOTEY_clean,AJOTEY,5.200739860534668,5.910749912261963,1.2555956428127892,1546.97998046875,1.2555999755859375,5.2,5.91,1546.98,1.26,,,,1.255602242441243,,,,1.12,0.18,0.18,6.84,17.21,15.1,1.1114071453,0.0018268136,0.043762,6.527134935439431,5.486219355552242
AJOXAA_clean,AJOXAA,4.381569862365723,6.608570098876953,1.529111643678117,902.947998046875,1.5291399955749512,4.38,6.61,903.1,1.53,4.38157,6.60857,6.58169,1.52911168134621,1114.17,0.25295264,0.3868,2.92,0.35,0.73,14.66,23.49,14.0,3.0720585809,0.0036430283,0.320606,14.60774077594806,8.272792131846277
AKEDIF_clean,AKEDIF,5.312620162963867,5.9440598487854,0.925833139659741,1808.02001953125,0.9258509874343872,5.31,5.94,1807.84,0.93,5.31262,5.94406,5.94406,0.9258331623254675,2040.02,0.463249486,0.4289,6.41,0.87,1.77,14.9,24.82,14.5,6.4394222705,0.0085988112,0.276187,14.85869507536357,8.701011485608852
AKUKUO_clean,AKUKUO,4.38484001159668,5.047920227050781,1.304772289682378,814.426025390625,1.3047699928283691,4.38,5.05,814.44,1.3,4.38484,5.04792,5.0448,1.30477,1135.53,0.249622539,0.3257,3.53,0.65,1.62,20.13,27.72,15.0,3.5400838381,0.0067033044,0.17256,20.15554208456709,9.801123814950113
ALAHUS_clean,ALAHUS,5.454659938812256,7.18120002746582,1.3660441572942037,1122.760009765625,1.3660399913787842,5.45,7.18,1122.8,1.37,5.45466,7.1812,7.18023,1.36604,1347.43,0.290108635,0.3963,2.53,0.25,0.4,10.56,21.08,14.2,2.4954456125,0.0024724455,0.154667,10.50072857204655,7.631854791083427
ALAMUW_clean,ALAMUW,5.98268985748291,11.926779747009277,0.649969783852108,3766.219970703125,0.6499699950218201,5.98,11.93,3766.22,0.65,,,,0.6499697998032052,,,,2.47,0.41,0.51,8.65,22.02,15.7,2.4845953762,0.0041545495,0.356613,8.65109115500579,10.12993728817027
ALANAD_clean,ALANAD,5.8094000816345215,8.580650329589844,0.6972654266165145,4035.3701171875,0.6972860097885132,5.81,8.58,4035.37,0.7,,,,0.6972654436465375,,,,2.38,0.37,0.34,6.01,16.55,15.8,2.3601962489,0.003801684,0.087655,6.009962183756916,5.799923322030068
ALEJAE_clean,ALEJAE,14.568619728088379,19.86540985107422,0.2746750075779284,5195.22021484375,0.27467501163482666,14.57,19.87,5195.22,0.27,14.56862,19.86541,19.86541,0.274675,5049.92,3.199417493,0.8788,1.25,0.36,0.2,3.76,15.11,20.1,1.2407979474,0.0035612512,0.581598,3.737620861564929,7.777745227458526
ALEJEI_clean,ALEJEI,7.13824987411499,18.065080642700195,0.6007819506794665,3701.1298828125,0.6007819771766663,7.14,18.07,3701.13,0.6,7.13825,18.06508,11.29555,0.600785,3821.85,1.188284602,0.7139,2.02,0.35,0.36,6.73,19.1,16.0,2.0225920069,0.0033699553,0.196503,6.742931214404237,8.603163968709712
ALEJIM_clean,ALEJIM,7.109839916229248,18.209169387817383,0.5920561292389613,3730.300048828125,0.592074990272522,7.11,18.21,3730.3,0.59,7.10984,18.20917,11.83987,0.592068,3842.65,1.211164126,0.7171,2.08,0.36,0.34,6.4,18.74,16.2,2.0817761164,0.0038044741,0.234028,6.415655912608909,8.35317585552805
ALIXOJ_clean,ALIXOJ,5.0197601318359375,7.860300064086914,0.9798350044957596,2049.1201171875,0.9798330068588257,5.02,7.86,2049.12,0.98,5.01976,7.8603,7.84665,0.9798333806431849,2290.7,0.526008003,0.5154,2.31,0.29,0.36,8.37,20.12,15.0,2.3293739712,0.0028514017,0.119452,8.349257392360943,7.642687023957503
ALIXUP_clean,ALIXUP,5.757130146026611,6.3838701248168945,1.338648804417301,1021.3699951171875,1.3386499881744385,5.76,6.38,1021.32,1.34,,,,1.338648837485379,,,,0.38,0.08,0.05,5.06,16.65,17.4,0.3052314437,0.0005587331,0.146489,4.861223855560234,5.886651876768953
ALOLET_charged,ALOLET,5.214109897613525,9.399299621582031,0.9012460555373596,1879.0799560546875,0.9012460112571716,5.21,9.4,1879.08,0.9,,,,0.9012460775286476,,,,3.54,0.34,0.58,11.43,28.61,17.2,3.5754948672,0.0034766727,1.720847,11.44205829773628,15.35965026071736
ALOLIX_charged,ALOLIX,5.598999977111816,9.322830200195312,0.9405697115476742,1979.4000244140625,0.9405689835548401,5.6,9.32,1979.4,0.94,,,,0.9405694883957681,,,,2.93,0.32,0.41,8.4,19.68,14.8,2.9420342633,0.0031274358,0.295349,8.407137948995686,7.580708403291915
ALOLIY_clean,ALOLIY,5.124120235443115,6.865690231323242,1.1916878866542584,832.8980102539062,1.1916899681091309,5.12,6.86,832.79,1.19,,,,1.191687684851075,,,,0.34,0.09,0.06,4.14,14.39,18.5,0.2163419553,0.0005384893,0.085602,3.744582552502171,4.293020858731609
ALOLOD_charged,ALOLOD,5.027009963989258,7.87306022644043,0.898446992071054,2004.719970703125,0.8984469771385193,5.03,7.87,2004.72,0.9,,,,0.8984470139870253,,,,4.14,0.38,0.69,12.42,26.08,15.8,4.1497131167,0.0038046428,0.788602,12.37933246599077,12.36407151659421
ALONEV_clean,ALONEV,4.840569972991943,5.599760055541992,1.4915232686058024,1107.489990234375,1.4915599822998047,4.84,5.6,1107.87,1.49,,,,1.491520953703997,,,,0.49,0.07,0.08,8.55,20.93,15.3,0.4583720998,0.0006440653,0.208734,8.441477949512112,8.160000871685083
ALUJEX_clean,ALUJEX,4.421909809112549,5.992879867553711,1.433558503452172,914.7119750976562,1.4335600137710571,4.42,5.99,915.55,1.43,4.42191,5.99288,5.93648,1.43355681578586,1127.75,0.244914758,0.3511,3.43,0.43,0.98,16.28,24.8,14.2,3.4630769172,0.0043468983,0.305426,16.39457901497445,8.873975497296222
ALUJIB_clean,ALUJIB,4.423369884490967,6.08942985534668,1.4324045011789943,921.958984375,1.4323999881744385,4.42,6.09,921.67,1.43,4.42337,6.08943,5.91878,1.432404536316541,1150.16,0.250279252,0.3585,3.45,0.41,0.93,15.95,24.52,14.2,3.4884895122,0.0041867404,0.214004,15.99462998918212,8.778946810389979
ALUJOH_clean,ALUJOH,4.450809955596924,6.141970157623291,1.41539409934625,958.4600219726562,1.4153900146484375,4.45,6.14,958.11,1.42,4.45081,6.14197,6.02384,1.415394134062677,1184.09,0.256607719,0.3632,3.32,0.38,0.83,15.52,24.11,14.1,3.3488363509,0.0038243366,0.170737,15.65858564970628,8.640356290115427
ALUKIC_clean,ALUKIC,6.7734198570251465,8.543869972229004,0.566919575496042,5085.740234375,0.5669199824333191,6.77,8.54,5085.74,0.57,,,,0.5669195893873585,,,,1.54,0.32,0.21,4.35,14.32,17.9,1.5363715608,0.0033124989,0.109591,4.353606789663611,5.028385068343683
ALUKOI_clean,ALUKOI,6.76816987991333,8.547869682312012,0.5799389411688038,4979.10986328125,0.5799390077590942,6.77,8.55,4979.11,0.58,,,,0.5799389553795002,,,,1.53,0.32,0.21,4.38,14.36,17.9,1.5122819966,0.0030757895,0.051121,4.37571090129284,5.031194439080586
ALUKUO_clean,ALUKUO,6.7831501960754395,8.547989845275879,0.5824114756579494,4970.580078125,0.582410991191864,6.78,8.55,4970.58,0.58,6.78315,8.54799,8.52991,0.582411,4867.86,1.301486407,0.758,1.55,0.32,0.21,4.39,14.39,17.9,1.5321136444,0.0030161826,0.080991,4.388928067924613,5.043669627113424
ALULAV_clean,ALULAV,6.74275016784668,8.530050277709961,0.5909086330538565,4908.10009765625,0.5909090042114258,6.74,8.53,4908.1,0.59,,,,0.5909086475339476,,,,1.54,0.32,0.21,4.47,14.46,17.7,1.5470383166,0.0031831375,0.126807,4.4732607230454,5.075689475577255
ALULEZ_clean,ALULEZ,13.379110336303711,18.7550106048584,0.42594561923865387,3463.7099609375,0.4259459972381592,13.38,18.76,3463.71,0.43,13.37911,18.755,18.68884,0.428484,3474.6,1.843426162,0.7852,0.73,0.22,0.11,3.34,13.06,20.8,0.7286681239,0.0021862877,0.124091,3.322794283729487,5.596004853532534
ALULID_clean,ALULID,5.2698798179626465,7.815130233764648,0.9295519248143501,2283.7099609375,0.9295520186424255,5.27,7.82,2283.74,0.93,,,,0.9295519476848548,,,,0.03,0.36,0.48,9.09,19.94,14.5,0.0,0.0035573358,0.13014,9.063716168393361,7.280991006123585
ALURAB_clean,ALURAB,3.732909917831421,6.8317999839782715,1.0518177995984872,1193.72998046875,1.0518200397491455,3.73,6.83,1193.7,1.05,3.73291,6.8318,6.33433,1.05182,1519.36,0.326957084,0.3439,4.86,0.47,1.31,20.04,26.28,14.3,4.891056124,0.0046937962,0.163381,19.9936262671152,10.20417738521187
AMAFOK_clean,AMAFOK,5.663139820098877,6.603139877319336,1.4924882271205215,583.0260009765625,1.4924900531768799,5.66,6.6,583.02,1.49,,,,1.492488264178194,,,,2.48,0.52,1.02,16.12,25.11,14.4,2.4864850908,0.0053482248,0.233385,16.15067749425848,8.452279304643795
AMAGAX_clean,AMAGAX,6.095099925994873,6.932469844818115,1.4591598738923277,658.1740112304688,1.4591599702835083,6.1,6.93,657.93,1.46,6.0951,6.93247,6.93247,1.45916,783.0,0.196688506,0.287,2.72,0.46,0.93,15.44,24.21,14.1,2.7202214247,0.0045958037,0.189579,15.55322978922907,8.106336431770842
AMILOY_clean,AMILOY,9.178640365600586,11.030890464782715,1.007434370870664,1249.72998046875,1.0074599981307983,9.18,11.03,1249.67,1.01,9.17864,11.03089,11.01877,1.00746,1496.11,0.426915213,0.4301,2.89,0.53,0.91,13.21,29.22,16.9,2.7213221028,0.005411258,0.87001,13.23301851163525,11.99288967163696
AMILUE_clean,AMILUE,11.072629928588867,11.394180297851562,0.9823368059952724,1276.27001953125,0.9823650121688843,11.07,11.39,1276.02,0.98,11.07263,11.39418,11.39418,0.982364,1454.4,0.458587185,0.4478,2.42,0.52,0.86,12.86,29.23,17.0,2.4042667694,0.0052250738,0.762343,12.86331575125211,12.19155457375937
AMIMAL_clean,AMIMAL,9.506669998168945,11.072110176086426,0.9888981070027829,1283.280029296875,0.9889259934425354,9.51,11.07,1283.3,0.99,9.50667,11.07211,11.06415,0.98893,1457.32,0.435017382,0.4302,2.61,0.52,0.86,12.84,29.23,17.0,2.4456324335,0.005272737,0.977248,12.83779261258767,12.07701026716843
AMIMEP_clean,AMIMEP,10.874939918518066,11.215629577636719,0.9859532316112947,1278.5699462890625,0.9859809875488281,10.87,11.22,1278.28,0.99,10.87494,11.21563,11.21563,0.9859532558244086,1458.87,0.441692081,0.4355,2.39,0.53,0.85,13.08,29.74,17.2,2.3683734318,0.0053487001,1.148808,13.08645338076947,12.46246185021428
AMODUC_clean,AMODUC,6.700689792633057,8.563209533691406,0.5757342623593404,4971.91015625,0.57573401927948,6.7,8.56,4971.91,0.58,6.70069,8.56321,8.56321,0.5757339155380057,4837.99,1.308069351,0.7531,1.93,0.37,0.28,5.08,15.32,16.7,1.9367773776,0.0037726231,0.091346,5.07896588917416,5.601025138070892
AMOFAK_clean,AMOFAK,6.726940155029297,8.388420104980469,0.577283528800172,5054.08984375,0.5772830247879028,6.73,8.39,5054.09,0.58,6.72694,8.38842,8.33928,0.618189,4951.23,1.275111167,0.7361,1.89,0.37,0.27,5.01,14.97,16.7,1.8915985892,0.0034489986,0.088889,5.007599024044416,5.237356270652203
AMUWIP_charged,AMUWIP,8.786359786987305,9.985980033874512,0.7715576273018167,3144.949951171875,0.7715669870376587,8.79,9.99,3144.95,0.77,,,,0.7715574579188715,,,,3.46,0.41,0.56,9.3,21.12,14.9,3.4575395392,0.004171649,0.17405,9.307777182012405,8.376219884095335
AMUWUB_clean,AMUWUB,8.695320129394531,10.40349006652832,0.9141512446417812,1565.4200439453125,0.9141510128974915,8.7,10.4,1565.42,0.91,,,,0.9141512671801888,,,,0.88,0.17,0.15,5.62,17.48,16.8,0.877505644,0.0016779653,0.080424,5.621920465273956,6.815921620635784
AMUXAI_clean,AMUXAI,7.796140193939209,8.642970085144043,1.0244220829513226,1368.8299560546875,1.0244200229644775,7.8,8.64,1369.14,1.02,,,,1.024422108217702,,,,1.07,0.16,0.2,6.92,19.0,15.8,1.0724431653,0.001605515,0.046683,6.917102207071005,7.104831582291373
ANAWIX_clean,ANAWIX,5.019690036773682,5.456669807434082,1.528238766660699,972.7050170898438,1.5282299518585205,5.02,5.46,972.44,1.53,5.01969,5.45667,5.45667,1.52823,1185.23,0.260759179,0.3985,2.16,0.29,0.49,12.21,22.58,14.3,2.1240360491,0.0027711992,0.150961,11.85820453899233,7.741587956167534
ANAWOD_clean,ANAWOD,6.105949878692627,6.927619934082031,1.4382712848126966,1086.1700439453125,1.4382599592208862,6.11,6.93,1086.48,1.44,6.10595,6.92762,6.92762,1.43826,1262.5,0.308358711,0.4435,3.42,0.32,0.58,12.14,22.31,14.2,3.4841030936,0.0032574862,0.214577,12.16513096543759,8.192174590020697
ANOMOG_clean,ANOMOG,5.501659870147705,12.800299644470215,0.7845592202275243,2698.050048828125,0.7845590114593506,5.5,12.8,2698.05,0.78,,,,0.7845592394066325,,,,3.91,0.46,0.78,11.61,26.67,16.3,3.9056445644,0.0046069036,0.895935,11.63126400195959,12.31775493369063
ANOMUM_clean,ANOMUM,4.987520217895508,7.289690017700195,0.833729485168951,2990.18994140625,0.8337290287017822,4.99,7.29,2990.19,0.83,4.98752,7.28969,7.24267,0.833749,3242.76,0.745326119,0.6214,4.11,0.45,0.6,9.12,20.3,14.6,4.1467199171,0.0047531951,0.265483,9.128491278738583,7.551063617732217
ANONAT_manual,ANONAT,5.884729862213135,7.804289817810059,0.8008226858612202,2885.949951171875,0.8008229732513428,5.88,7.8,2885.95,0.8,5.88473,7.80429,7.80429,0.800823,3141.81,0.789687609,0.6324,3.26,0.41,0.49,8.17,19.52,14.9,3.2651953173,0.0042189325,0.282919,8.165780756234518,7.461721828378314
ANUGIA_clean,ANUGIA,6.758379936218262,13.853090286254883,0.5679726456988112,4060.6201171875,0.5679730176925659,6.76,13.85,4060.62,0.57,,,,0.5679726596335113,,,,2.17,0.36,0.31,5.68,16.55,16.2,2.1689854895,0.0036333663,0.193495,5.682700313590245,6.683161560774893
ANUGOG_clean,ANUGOG,7.088490009307861,11.390049934387207,0.5846700583145737,4228.06982421875,0.5846700072288513,7.09,11.39,4228.07,0.58,7.08849,11.39005,11.39005,0.584672,4243.55,1.274394103,0.7451,2.5,0.39,0.37,6.39,17.69,15.8,2.5072214412,0.0039791554,0.223571,6.385106590210049,7.243287686059057
APACAX_clean,APACAX,4.075729846954346,5.653439998626709,1.0072447664911868,1763.3399658203125,1.0072699785232544,4.08,5.65,1763.31,1.01,4.07573,5.65344,5.64183,1.007244791143393,2689.71,0.46839477,0.4718,6.63,0.61,1.84,19.79,25.93,14.2,6.9047062523,0.0066071131,0.227718,20.44424383672818,9.570186738373117
APARAM_clean,APARAM,11.063119888305664,12.000940322875977,0.9654612695362605,1061.949951171875,0.965457022190094,11.06,12.0,1061.95,0.97,11.06312,12.00094,12.00094,0.965457,1201.96,0.430573293,0.3698,1.99,0.8,0.91,10.17,34.83,20.6,1.9720904993,0.0081537456,0.794566,10.13939154554578,12.48639178767685
APAYIB_clean,APAYIB,4.212120056152344,5.968050003051758,1.1094099594887652,1928.8599853515625,1.109410047531128,4.21,5.97,1928.86,1.11,4.21212,5.96805,5.96805,1.1094,2209.53,0.462137533,0.5127,5.43,0.73,1.49,15.08,25.19,14.7,5.4647507727,0.0072337736,0.229979,15.04697554759238,9.145268520912467
APAYOH_clean,APAYOH,4.325590133666992,6.131249904632568,1.1114653416050384,1967.56005859375,1.1114599704742432,4.32,6.13,1967.59,1.11,4.32559,6.13125,6.13125,1.11146,2216.25,0.456516654,0.5074,5.17,0.7,1.39,14.29,25.04,14.8,5.2518205326,0.0066994275,0.104697,14.27325955301355,9.123541027190907
APAYUN_clean,APAYUN,4.1055498123168945,6.024169921875,1.0467107635678286,1974.550048828125,1.0467100143432617,4.11,6.02,1974.55,1.05,4.10555,6.02417,6.02138,1.04672,2325.56,0.48590345,0.5086,5.12,0.62,1.23,14.06,24.01,14.4,5.1239018006,0.0062629878,0.204053,13.99855984836734,8.680243549379679
APAZAU_clean,APAZAU,4.518439769744873,6.571939945220947,0.9703141108506655,2333.139892578125,0.9703140258789062,4.52,6.57,2333.14,0.97,4.51844,6.57194,6.57194,0.970316,2467.76,0.542813976,0.5267,5.57,0.68,1.22,12.83,24.17,14.8,5.5699633064,0.006711594,0.270686,12.82992060250357,9.075103604028483
APAZEY_clean,APAZEY,4.7052202224731445,6.610489845275879,0.9717109505219689,2316.35009765625,0.9717100262641907,4.7,6.61,2316.35,0.97,4.70522,6.61049,6.60448,0.971711,2441.07,0.553045662,0.5374,5.22,0.65,1.16,12.72,24.21,14.8,5.2249788338,0.0065225675,0.086925,12.71314658370777,9.271213040037136
APAZIC_clean,APAZIC,4.862249851226807,7.109499931335449,0.8936059005936027,2443.31005859375,0.8936070203781128,4.86,7.11,2443.31,0.89,4.86225,7.1095,7.09773,0.893604,2583.17,0.611790194,0.5467,4.64,0.59,0.98,11.68,23.27,14.8,4.6534113399,0.0059718311,0.312219,11.7022765598814,8.954797505920746
APAZOI_clean,APAZOI,4.282279968261719,6.386119842529297,1.146482051364777,1786.1300048828125,1.1464799642562866,4.28,6.39,1786.13,1.15,4.28228,6.38612,6.36726,1.14647,2215.24,0.432628567,0.496,4.34,0.57,1.14,14.24,24.51,14.5,4.3654210091,0.0056060234,0.299126,14.24981813446164,8.871450913388307
APEBEE_clean,APEBEE,4.062719821929932,5.4072699546813965,1.3104152203222221,910.3330078125,1.3104100227355957,4.06,5.41,910.76,1.31,4.06272,5.40727,5.33928,1.310415253281496,1065.14,0.239848597,0.3143,3.68,0.7,1.69,18.71,28.28,15.4,3.6831357803,0.0068152551,0.66931,18.70941210513043,10.10036411851697
AQEGUY_clean,AQEGUY,4.6613898277282715,5.543950080871582,1.4635260246339294,871.6199951171875,1.4635499715805054,4.66,5.55,871.63,1.46,,,,1.463526060753023,,,,3.47,0.69,1.51,16.45,26.61,15.0,3.4793661147,0.0074420464,0.30024,16.96884056514855,9.506838726310814
AQEQES_clean,AQEQES,5.3760600090026855,5.685299873352051,1.0758728652079723,1619.5799560546875,1.0758700370788574,5.38,5.68,1619.5,1.08,5.37606,5.6853,5.65305,1.07587221660961,1980.25,0.461486983,0.4965,3.21,0.39,0.53,9.54,20.23,14.3,3.212365071,0.0039637384,0.143068,9.5880179818981,6.607993485614731
AQEQIW_clean,AQEQIW,5.130159854888916,6.306359767913818,1.100535221372887,1567.3299560546875,1.1005699634552002,5.13,6.31,1567.33,1.1,5.13016,6.30636,6.19765,1.10057,1837.25,0.449221767,0.4944,3.43,0.42,0.62,9.94,20.5,14.3,3.5063977397,0.0043335759,0.19472,9.9805704510204,6.64364248909826
AQIQAU_clean,AQIQAU,6.308430194854736,7.607409954071045,0.8617188949453507,2282.5,0.8617140054702759,6.31,7.61,2282.5,0.86,6.30843,7.60741,7.59214,0.8617189160348897,2548.41,0.622248217,0.5362,4.24,0.43,0.55,8.69,19.71,14.6,4.239675744,0.0044057821,0.17414,8.692848161999816,7.147280396754855
AQIXUV_clean,AQIXUV,5.459000110626221,8.649189949035645,0.9345015353279564,1181.8599853515625,0.9345009922981262,5.46,8.65,1181.93,0.93,,,,0.9345011840885921,,,,1.71,0.21,0.37,8.83,20.96,15.1,1.5377702738,0.0019206514,0.186264,8.730969592137166,8.189304858729251
AQOLEZ_clean,AQOLEZ,9.808469772338867,15.568750381469727,0.7772356881922889,1644.6700439453125,0.7772369980812073,9.81,15.57,1644.67,0.78,9.80846,15.56875,15.56875,0.785339,1695.79,0.845559334,0.5204,3.54,0.47,0.84,12.23,23.74,14.8,3.5651997468,0.0049104653,0.42435,12.22788296335989,10.27700920159132
AQOLID_clean,AQOLID,7.448209762573242,15.461420059204102,1.1597497232664369,1054.1300048828125,1.159749984741211,7.45,15.46,1054.13,1.16,,,,1.159747929777417,,,,2.85,0.42,0.89,15.01,25.96,15.0,2.8557376159,0.0041989319,0.721798,15.0241850006393,11.27194662351261
AQOLUP_clean,AQOLUP,9.659239768981934,15.582200050354004,0.7882822965828445,1632.8900146484375,0.7882840037345886,9.66,15.58,1632.89,0.79,9.65759,15.58175,15.56346,0.788287,1630.35,0.905001,0.7134,3.22,0.45,0.81,12.49,23.88,14.7,3.2144387706,0.0045002374,0.096341,12.48857924471848,10.46369108420471
AQOMAW_clean,AQOMAW,6.232590198516846,15.659489631652832,1.144791201960589,1133.22998046875,1.1447900533676147,6.23,15.66,1133.08,1.14,,,,1.144789494237368,,,,2.88,0.4,0.87,15.17,25.75,14.9,2.8945593973,0.0040177451,0.730168,15.23789488735336,10.94953078644187
AQOMEA01_clean,AQOMEA,9.728389739990234,15.719510078430176,0.7669181122486444,1670.9000244140625,0.7669199705123901,9.73,15.72,1670.99,0.77,,,,0.766917540430167,,,,3.14,0.43,0.72,11.84,23.14,14.6,3.1359626505,0.004328662,0.667632,11.84277957311371,10.08693425594362
AQOMEA_clean,AQOMEA,9.824640274047852,15.835209846496582,0.7493039353894986,1701.43994140625,0.7493060231208801,9.82,15.84,1701.37,0.75,,,,0.7493033767039232,,,,3.11,0.41,0.64,10.78,22.52,14.8,3.1031193926,0.0041632881,0.293085,10.78375816561086,9.788011936164716
AQOTIK_clean,AQOTIK,3.8688700199127197,6.781700134277344,1.4734938320914188,874.3590087890625,1.473479986190796,3.87,6.78,874.55,1.47,,,,1.473493868489304,,,,4.29,0.5,1.05,15.86,24.32,14.1,4.3494664745,0.0049490884,0.205932,15.85502406885303,7.974809785412294
AQUCOF_clean,AQUCOF,5.594709873199463,9.381540298461914,1.0421864828268992,1876.5899658203125,1.0421899557113647,5.59,9.38,1876.59,1.04,5.59471,9.38154,9.38154,1.042186508527892,2247.37,0.538385515,0.5611,1.42,0.21,0.21,6.99,18.2,15.3,1.4325306725,0.0021459171,0.198961,6.996557335754473,6.753161947010943
AQUCOG_clean,AQUCOG,10.5997896194458,11.414070129394531,1.199710155049039,1314.219970703125,1.1997100114822388,10.6,11.41,1314.28,1.2,10.59979,11.41407,11.41389,1.19967,1410.56,0.490618566,0.5886,1.53,0.22,0.22,6.71,18.35,15.7,1.5233594634,0.0020945816,0.250103,6.629395955098996,6.601618120021636
AQUCUM_clean,AQUCUM,10.72350025177002,11.51533031463623,1.1988013635770438,1317.0999755859375,1.198799967765808,10.72,11.52,1317.07,1.2,10.7235,11.51533,11.51533,1.19871,1407.95,0.494577911,0.5929,1.6,0.22,0.24,6.78,18.33,15.6,1.5978547811,0.0019909116,0.116519,6.650596419448897,6.592580192580494
AQUDAS_clean,AQUDAS,5.624460220336914,9.384079933166504,1.03958015965961,1887.52001953125,1.03957998752594,5.62,9.38,1887.52,1.04,5.62446,9.38408,8.32943,1.039580185295511,2239.66,0.542045826,0.5635,1.43,0.21,0.2,6.75,18.14,15.6,1.4295640117,0.0020274737,0.20545,6.751663173636748,6.733188264140711
AQUDIB_clean,AQUDIB,10.544790267944336,11.360799789428711,1.1994348465456481,1315.300048828125,1.199429988861084,10.54,11.36,1315.3,1.2,10.54479,11.3608,11.36063,1.19938,1411.68,0.488315283,0.5857,1.49,0.22,0.22,6.66,18.33,15.8,1.4753936554,0.0020299272,0.16991,6.570071641669011,6.607180627599794
ARADEE_clean,ARADEE,5.3867998123168945,5.982729911804199,1.1817703802858421,2211.320068359375,1.1817599534988403,5.39,5.98,2211.32,1.18,5.3868,5.98273,5.97846,1.18175,2319.52,0.466253723,0.551,5.17,0.43,0.8,12.56,21.77,13.8,5.2653169862,0.0043914641,0.165377,12.63251516164387,7.766563225099128
ARAFEF_clean,ARAFEF,8.62816047668457,8.895359992980957,0.8377448285363858,2222.300048828125,0.8377450108528137,8.63,8.9,2222.25,0.84,,,,0.8377448491235404,,,,4.7,0.41,0.61,10.25,20.74,14.2,4.7253252213,0.004113674,0.217032,10.30096846957265,8.428827662120764
ARAFIJ_clean,ARAFIJ,6.987679958343506,7.451210021972656,0.945343473384354,1847.5899658203125,0.945343017578125,6.99,7.45,1847.59,0.95,,,,0.9453434966434582,,,,5.64,0.45,0.81,12.47,22.18,14.0,5.7158537296,0.0042968817,0.10576,12.51052316811695,8.710198689086756
ARAFOP_clean,ARAFOP,5.044189929962158,5.667500019073486,1.16880252711359,1151.25,1.1687999963760376,5.04,5.67,1151.81,1.17,,,,1.168802555941946,,,,4.31,0.46,1.42,22.92,25.7,13.7,4.3322804781,0.0048068413,0.159698,22.97946220768132,9.681115539320832
ARAGOR_clean,ARAGOR,3.9517600536346436,6.018340110778809,1.1562394058108043,1234.530029296875,1.1562700271606445,3.95,6.02,1234.92,1.16,,,,1.156239434187097,,,,3.44,0.38,0.71,13.03,22.42,13.9,3.5135389858,0.0039692309,0.178968,13.0658421417248,7.863444509006554
AROFAP_clean,AROFAP,4.305950164794922,6.180359840393066,1.1699821818715046,1222.5,1.1699700355529785,4.3,6.18,1222.54,1.17,4.30595,6.18036,6.18036,1.16997,1577.47,0.342914776,0.4012,5.23,0.94,2.2,18.16,27.53,15.1,5.2308020782,0.0096259777,0.324706,18.16831979623819,9.755737425132757
AROFET_clean,AROFET,5.156760215759277,8.285929679870605,0.8561725291902554,2601.6201171875,0.8561660051345825,5.16,8.29,2601.62,0.86,5.15676,8.28593,8.28026,0.856166,2834.05,0.69939708,0.5988,3.42,0.4,0.59,9.96,22.12,15.0,3.4108802449,0.0040330085,0.449389,9.959927587899504,9.033388227034072
ARUYES_clean,ARUYES,4.580949783325195,5.378170013427734,1.4785629053807354,918.0750122070312,1.478559970855713,4.58,5.38,917.87,1.48,,,,1.47856249488415,,,,3.18,0.38,0.83,15.19,23.95,14.1,3.2683640316,0.0037918887,0.333651,15.35520173365259,8.47243775231706
ARUYUH01_clean,ARUYUH,4.1172099113464355,4.9405198097229,1.6750685744934661,898.1539916992188,1.6751699447631836,4.12,4.94,898.57,1.68,,,,1.675071706225922,,,,2.7,0.29,0.55,13.29,24.9,15.0,2.6946934732,0.0028335014,0.288639,13.25383299651808,8.136411106110192
ARUYUH_clean,ARUYUH,3.8463199138641357,4.622300148010254,1.6792813896442829,774.4459838867188,1.6793800592422485,3.85,4.62,774.64,1.68,,,,1.679284529255141,,,,2.27,0.22,0.41,13.03,25.39,15.3,2.2492108127,0.002178271,0.166643,12.95845381902709,8.411744886273375
ASACON_clean,ASACON,5.083700180053711,6.4202399253845215,1.778212847935848,555.7030029296875,1.7783000469207764,5.08,6.42,555.7,1.78,5.0837,6.42024,6.41252,1.778212891827631,679.72,0.157172581,0.2795,1.68,0.27,0.44,12.87,22.96,14.2,1.619137028,0.0025232384,0.219222,12.81815616339517,7.704663540318931
ASADAA_clean,ASADAA,4.612539768218994,5.767049789428711,1.521011024073113,815.8939819335938,1.5210000276565552,4.61,5.77,815.64,1.52,4.61254,5.76705,5.76705,1.521,1110.15,0.218671926,0.3326,3.01,0.35,0.83,16.87,24.42,14.0,3.046650521,0.0034795444,0.189956,16.86691208976503,8.416063036629325
ASECUY_clean,ASECUY,5.151509761810303,6.386350154876709,1.4374537572396593,782.4849853515625,1.4374500513076782,5.15,6.39,782.47,1.44,,,,1.437454163752562,,,,2.24,0.24,0.4,11.18,21.08,14.0,2.2330793541,0.0024122714,0.116005,11.0745821666804,7.164605565437347
ASEKAM_clean,ASEKAM,5.009669780731201,5.990310192108154,1.7266454544717749,812.9459838867188,1.7266199588775635,5.01,5.99,813.65,1.73,5.00967,5.99031,5.99031,1.72662,993.97,0.235257324,0.4062,2.83,0.39,0.89,16.57,27.19,15.3,2.8810850806,0.0039786696,0.203064,16.64448422411808,10.57815771816602
ASINAT_clean,ASINAT,7.734829902648926,9.76550006866455,0.727403712620031,2562.169921875,0.7274169921875,7.73,9.77,2562.17,0.73,7.73483,9.7655,9.74538,0.727417,2703.87,0.787168845,0.5726,3.57,0.45,0.68,9.92,22.52,15.2,3.5716263134,0.0043357793,0.225441,9.888918167087693,9.448368684667571
ASINEX_clean,ASINEX,7.2706098556518555,12.535690307617188,0.6599639510252951,2801.340087890625,0.6599760055541992,7.27,12.54,2801.34,0.66,,,,0.6599639671026493,,,,3.08,0.4,0.52,8.34,20.35,15.2,3.0412032729,0.003941271,0.262257,8.351510759164293,8.430656422489866
ASINIB_clean,ASINIB,7.226339817047119,12.400520324707031,0.6660648580201005,2773.85009765625,0.666064977645874,7.23,12.4,2773.85,0.67,,,,0.6660648742462061,,,,3.06,0.4,0.5,8.41,20.51,15.2,3.0583230921,0.0039796093,0.114329,8.371736041774854,8.609644925351915
ASIQEA_clean,ASIQEA,6.257279872894287,8.850629806518555,0.9025606469742319,1681.43994140625,0.9025610089302063,6.26,8.85,1681.47,0.9,,,,0.9025606691629532,,,,3.51,0.32,0.56,11.5,23.5,14.9,3.460129236,0.0031194116,0.355331,11.46909475037005,9.88098220406887
ASIQIE_clean,ASIQIE,6.255499839782715,9.002050399780273,0.8935747012913511,1697.06005859375,0.8935750126838684,6.26,9.0,1697.04,0.89,,,,0.8935747232570397,,,,3.44,0.32,0.57,11.45,23.45,14.9,3.4081956921,0.002985096,0.399583,11.40587129219263,9.896994655347738
ASIVAB_clean,ASIVAB,7.2706298828125,12.321319580078125,0.5382432821482783,4325.39990234375,0.5382429957389832,7.27,12.32,4325.4,0.54,,,,0.5382432952754643,,,,1.67,0.34,0.26,5.11,16.86,17.4,1.6753053297,0.0035499044,0.253466,5.113354797574954,7.132762443882825
ASIVEF_clean,ASIVEF,7.212140083312988,11.850069999694824,0.6232614060733667,3560.320068359375,0.6232609748840332,7.21,11.85,3560.32,0.62,,,,0.6232614212747715,,,,2.37,0.36,0.34,6.41,18.11,15.9,2.3506633736,0.0035398314,0.091073,6.400395695754266,7.456241541401456
ASOHUL_clean,ASOHUL,6.279170036315918,6.562819957733154,1.0390202825871486,1553.699951171875,1.0390199422836304,6.28,6.56,1552.38,1.04,,,,1.039022596584906,,,,1.77,0.23,0.26,7.67,17.92,14.6,1.7198822854,0.0022574668,0.123891,7.63200547781618,6.028725155145523
ASOSUY_clean,ASOSUY,4.329179763793945,9.00115966796875,0.8973262048286674,2551.280029296875,0.8973280191421509,4.33,9.0,2551.28,0.9,4.32918,9.00116,8.7155,0.897328,2951.67,0.660962324,0.5931,6.0,0.67,1.25,13.51,23.87,14.4,6.0414205457,0.0067901839,0.264549,13.50933221643031,8.87093083170943
ASOVEL_clean,ASOVEL,5.313300132751465,5.726329803466797,1.033789348420671,918.8489990234375,1.0337899923324585,5.31,5.73,919.02,1.03,,,,1.033789373921158,,,,3.54,0.47,0.99,14.68,23.49,14.0,3.5409410244,0.004568897,0.275263,14.64207154996791,7.939687575483209
ASOYOY_clean,ASOYOY,5.918300151824951,9.521439552307129,0.8286811967994451,2557.989990234375,0.8286759853363037,5.92,9.52,2557.99,0.83,5.9183,9.52144,9.50643,1.02428,2793.31,0.639936477,0.5303,4.1,0.47,0.82,12.04,24.61,15.2,4.0497729722,0.0045740576,0.330769,11.97816778240173,10.77806580494981
ASUBIB_clean,ASUBIB,4.255080223083496,6.135829925537109,1.5211614990227713,967.72998046875,1.5211600065231323,4.25,6.14,967.53,1.52,,,,1.521161536890824,,,,3.29,0.45,0.95,15.29,24.11,14.1,3.3306096472,0.0044230497,0.191793,15.34325672022348,8.33419008546207
ASUWUI_clean,ASUWUI,4.73321008682251,7.161129951477051,1.150820741322404,943.5170288085938,1.1508500576019287,4.73,7.16,943.34,1.15,4.73321,7.16113,7.10699,1.15085,1227.68,0.265629752,0.3057,3.42,0.34,0.87,17.75,27.65,15.3,3.4201969354,0.0034533567,0.22916,17.67440906719388,11.5360055337884
ATAFIK_clean,ATAFIK,5.703770160675049,6.40024995803833,1.2150135734612915,1722.6500244140625,1.2150800228118896,5.7,6.4,1722.67,1.22,5.70377,6.40025,6.3929,1.215013603333547,2040.4,0.44737795,0.5436,3.35,0.36,0.46,9.03,19.38,14.3,3.4110927573,0.0035452702,0.051199,9.0205312846125,6.339984195611036
ATAYAX_clean,ATAYAX,5.8506999015808105,10.419890403747559,0.7818322881789198,3072.5,0.7818589806556702,5.85,10.42,3072.5,0.78,5.8507,10.41989,10.41891,0.781859,3318.17,0.848490585,0.6634,3.86,0.47,0.73,10.58,23.06,15.1,3.8770566314,0.0047268747,0.521518,10.58037124465318,9.902090339715047
ATAYEB_clean,ATAYEB,5.754280090332031,10.547479629516602,0.8258846837713323,2845.110107421875,0.8258829712867737,5.75,10.55,2845.11,0.83,5.75428,10.54748,10.54661,0.825883,3132.59,0.787399668,0.6503,3.94,0.46,0.72,10.75,22.98,15.0,3.9617062284,0.0045382052,0.427032,10.7467919747099,9.758487143504135
ATEYOP_clean,ATEYOP,8.168149948120117,10.52737045288086,0.7223864432795508,3319.22998046875,0.7223860025405884,8.17,10.53,3319.23,0.72,8.16815,10.52737,10.52737,0.722389,3457.48,0.871971494,0.6299,4.45,0.56,0.81,10.03,21.28,14.6,4.4541618266,0.0056316375,0.489833,10.04449885083421,8.38338940147108
ATEYUV_clean,ATEYUV,8.110799789428711,10.25531005859375,0.7511333145348329,3235.830078125,0.7511330246925354,8.11,10.26,3235.83,0.75,8.11081,10.25531,10.25531,0.751125,3387.5,0.823955278,0.6189,4.82,0.6,0.92,10.7,22.09,14.6,4.8167726021,0.0059279248,0.153226,10.71299683452172,8.700587027455017
ATEZAC_clean,ATEZAC,7.740230083465576,10.539679527282715,0.687632901675853,3335.909912109375,0.6876339912414551,7.74,10.54,3335.91,0.69,7.74023,10.53968,10.36672,0.687634,3488.52,0.990352426,0.681,3.23,0.43,0.5,7.99,19.3,14.9,3.2275929104,0.0043782503,0.181328,7.988751123687979,7.791341931458831
ATEZEG_clean,ATEZEG,7.527200222015381,10.1251802444458,0.7755912881497373,3045.199951171875,0.7755740284919739,7.53,10.13,3045.2,0.78,,,,0.7755801950441452,,,,5.29,0.59,0.96,11.34,22.14,14.4,5.3066592817,0.0059433432,0.276592,11.34729353042382,8.94518484529872
ATEZIK_clean,ATEZIK,7.604879856109619,10.39834976196289,0.744294809463814,3129.330078125,0.7442950010299683,7.6,10.4,3129.33,0.74,,,,0.744295063878917,,,,4.7,0.52,0.73,9.85,20.99,14.5,4.7002223998,0.0050687785,0.204739,9.879563268667072,8.579040405090248
ATIJUJ_manual,ATIJUJ,16.954389572143555,17.440290451049805,0.7533944008582552,1675.56005859375,0.7533940076828003,16.95,17.44,1675.56,0.75,,,,0.7533945615709648,,,,0.53,0.13,0.09,4.23,15.49,18.8,0.4907720843,0.001246168,0.242615,3.893526391603287,6.129422878204748
ATIXAE_clean,ATIXAE,5.118790149688721,6.034890174865723,1.0803660930120886,1840.9200439453125,1.0803699493408203,5.12,6.04,1840.92,1.08,5.11879,6.03489,6.02804,1.08036,2132.34,0.4240214,0.4581,3.06,0.33,0.53,10.98,22.08,14.5,3.0579485426,0.0031600809,0.112998,10.97989319903402,7.848990335878932
ATOGEV_clean,ATOGEV,4.307499885559082,5.554870128631592,1.6177310542356604,874.52197265625,1.6178300380706787,4.31,5.56,875.22,1.62,,,,1.617734078741997,,,,1.87,0.24,0.36,10.77,21.92,14.5,1.8493581538,0.0023128153,0.075115,10.68660795324552,7.29002042539708
ATOWIQ_clean,ATOWIQ,7.694930076599121,9.548879623413086,0.8667154781452642,2055.18994140625,0.8667470216751099,7.69,9.55,2055.19,0.87,7.69493,9.54888,9.54888,0.866748,2369.44,0.6790909,0.5886,3.28,0.35,0.41,8.06,19.2,14.8,3.3190890598,0.0033884586,0.359849,8.063696678502367,7.156460640340592
ATOWOW_clean,ATOWOW,7.739220142364502,9.606060028076172,0.8654660072791415,2052.449951171875,0.8654969930648804,7.74,9.61,2052.45,0.87,7.73922,9.60606,9.60387,0.865501,2326.77,0.678569654,0.5873,3.16,0.34,0.39,7.78,18.71,14.8,3.1552614919,0.0033336184,0.261697,7.782965401326053,6.861779530125355
ATUXIY_clean,ATUXIY,3.787220001220703,5.424339771270752,1.5604164388655157,974.6370239257812,1.560420036315918,3.79,5.43,974.44,1.56,3.78722,5.42434,5.42045,1.56041,1222.59,0.250124966,0.3903,3.49,0.5,1.12,16.91,25.39,14.4,3.626188471,0.0049990303,0.117352,16.87572955838599,8.719483702915301
ATUZEW_clean,ATUZEW,3.847670078277588,10.584699630737305,0.9689267449159723,2190.949951171875,0.9689270257949829,3.85,10.58,2190.95,0.97,,,,0.9689267685890964,,,,3.84,0.58,1.13,14.42,27.06,15.6,3.8818182007,0.0060711004,0.245418,14.45403923085552,10.72499008466576
AVAJUE_clean,AVAJUE,19.541080474853516,37.52571105957031,0.16411639597877808,6088.8701171875,0.1641159951686859,19.54,37.53,6088.87,0.16,19.54108,37.52569,37.52569,0.164116,5896.36,5.479051403,0.8992,1.1,0.46,0.16,2.42,10.75,25.5,1.0757883751,0.0045066208,0.207231,2.415556398819476,4.935943758994492
AVAKAL_clean,AVAKAL,12.575119972229004,26.252910614013672,0.20741481828424305,6072.1298828125,0.20741499960422516,12.58,26.25,6072.13,0.21,,,,0.2074148233385645,,,,1.06,0.41,0.16,2.6,10.95,24.2,1.0615834525,0.0039939451,0.064198,2.598450805014545,4.752486671710106
AVAKEP_clean,AVAKEP,12.49368953704834,25.175640106201172,0.24499362520445492,5799.8701171875,0.24499399960041046,12.49,25.18,5799.87,0.24,,,,0.2449936311745455,,,,1.52,0.42,0.22,3.57,14.23,20.4,1.4990174785,0.0043391988,0.319189,3.574823330135668,6.849902178844312
AVELOD_clean,AVELOD,4.981410026550293,8.083979606628418,0.9152420355515535,1842.510009765625,0.9152420163154602,4.98,8.08,1842.49,0.92,4.98141,8.08398,8.08398,0.915242,2069.67,0.495497366,0.4535,3.92,0.39,0.56,9.63,21.2,14.7,3.9579103259,0.0038540825,0.111789,9.631489184265329,7.17977259572306
AVELUJ_clean,AVELUJ,4.889269828796387,8.106380462646484,0.9026799831577231,1879.3800048828125,0.9026790261268616,4.89,8.11,1879.38,0.9,4.88927,8.10638,8.10638,0.952258,2087.26,0.488988888,0.4414,4.22,0.41,0.6,9.85,21.46,14.7,4.1984487678,0.0041492956,0.11566,9.845026769150794,7.254409536991773
AVEMAQ_clean,AVEMAQ,4.978970050811768,7.8956499099731445,0.9072706628131624,1857.8599853515625,0.9072690010070801,4.98,7.9,1857.87,0.91,4.97897,7.89565,7.87662,0.9072695786538788,2107.9,0.482326631,0.4376,3.92,0.39,0.59,10.02,21.39,14.6,3.8923965357,0.0037848626,0.137371,10.02862122560524,7.230258217365153
AVEQID_clean,AVEQID,6.227519989013672,7.54994010925293,0.801225320958607,2819.830078125,0.8012549877166748,6.23,7.55,2819.83,0.8,6.22752,7.54994,7.22874,0.801255,3059.21,0.809355324,0.6485,4.28,0.44,0.49,7.46,17.85,14.7,4.3307448808,0.004519756,0.089239,7.459689873431421,6.217815836587864
AVESOL_clean,AVESOL,4.2823100090026855,5.8721699714660645,0.9545039824272504,2500.02001953125,0.9545369744300842,4.28,5.87,2500.02,0.95,4.28231,5.87218,5.84929,0.954537,2797.35,0.597776723,0.5706,7.54,0.79,1.9,17.24,24.87,14.1,7.6962309481,0.0079336854,0.086838,17.30490758562505,9.52978978180555
AVESUR_clean,AVESUR,4.060420036315918,6.337319850921631,1.1845871702111817,1932.1199951171875,1.1845799684524536,4.06,6.34,1932.12,1.18,4.06042,6.33732,6.33561,1.18458,2153.29,0.42968816,0.509,5.4,0.51,1.07,14.78,23.23,13.8,5.4511810777,0.0051979534,0.156399,14.81240110479601,8.510327132999672
AVETAY_clean,AVETAY,4.055960178375244,5.645840167999268,1.013680426117199,1714.9200439453125,1.0137100219726562,4.06,5.65,1714.92,1.01,3.78258,5.42552,5.42552,1.0137,1491.55,0.593666,0.6018,6.77,0.67,2.06,20.47,26.04,14.2,7.1396462443,0.0075021424,0.189237,21.46490696789554,9.847618393138529
AVIHIY_clean,AVIHIY,6.45442008972168,6.883790016174316,1.6212413683301816,969.0599975585938,1.6212400197982788,6.45,6.88,968.78,1.62,6.45442,6.88379,6.88379,1.62124,1121.13,0.297241618,0.4819,3.22,0.33,0.66,13.32,22.63,13.9,3.3289776554,0.0034661821,0.110837,13.35396515597782,8.24357855264234
AVIHOE_clean,AVIHOE,6.455530166625977,6.823669910430908,1.662764119821134,944.1229858398438,1.6627600193023682,6.46,6.82,944.13,1.66,6.45553,6.82367,6.82367,1.66276,1067.64,0.288255671,0.4793,3.24,0.34,0.68,13.63,22.86,14.0,3.3711454546,0.0034329703,0.134983,13.71042993292702,8.332476136374733
AVILEY_clean,AVILEY,10.768440246582031,25.426979064941406,0.6540802167638836,2452.570068359375,0.6540820002555847,10.77,25.43,2452.57,0.65,10.76844,25.42698,21.38423,0.654077,2493.71,1.18716002,0.7765,0.85,0.2,0.14,4.75,16.18,17.8,0.8460716629,0.0019422128,0.232565,4.689466857698645,7.165773500270124
AVIMOI_clean,AVIMOI,4.385709762573242,5.732920169830322,1.2261193789734932,927.8070068359375,1.2261600494384766,4.39,5.73,927.83,1.23,4.38571,5.73292,5.54624,1.22616,1294.46,0.264892021,0.3248,3.9,0.74,1.69,17.89,28.16,15.5,3.9001225272,0.0076606353,0.504607,18.11821353777297,10.21751974679291
AVIPAX_clean,AVIPAX,5.250810146331787,7.2639899253845215,0.9638102820304753,1925.3299560546875,0.9638100266456604,5.25,7.26,1925.33,0.96,5.25081,7.26399,7.26386,0.963809,2133.1,0.503314969,0.4851,4.16,0.51,0.87,11.76,23.38,14.8,4.1952275029,0.0054335866,0.498508,11.7708198599201,9.242144999644657
AVIPOL_clean,AVIPOL,5.587299823760986,6.574510097503662,0.9391576699685514,1839.3499755859375,0.939158022403717,5.59,6.57,1839.34,0.94,5.5873,6.57451,6.57451,0.9391576931836444,2283.54,0.516845941,0.4854,5.07,0.49,0.87,12.13,21.42,13.8,5.1005787091,0.0050073691,0.264042,12.30266617984913,7.46460775448625
AVITUU_clean,AVITUU,6.932740211486816,11.692939758300781,0.7108950355198205,2507.52001953125,0.7109040021896362,6.93,11.69,2507.52,0.71,6.93274,11.69294,11.69294,0.710899,2929.65,0.744966972,0.5227,5.05,0.51,1.33,17.82,28.79,15.8,5.0518990771,0.0051138529,0.721332,17.72842817045354,13.75365788693715
AVIVAC_clean,AVIVAC,7.3981499671936035,11.840060234069824,0.7365214092068149,2337.8701171875,0.7365300059318542,7.4,11.84,2337.87,0.74,7.39815,11.84006,11.84006,0.736539,2855.07,0.732081517,0.5392,4.56,0.45,1.07,16.23,29.0,16.1,4.5281741594,0.0046639744,0.770683,16.22846107971903,14.03142540336655
AVIVEG_clean,AVIVEG,7.364920139312744,11.848010063171387,0.7330349097764054,2351.7900390625,0.7330430150032043,7.36,11.85,2351.79,0.73,7.36492,11.84801,11.84801,0.733037,2887.56,0.73870155,0.5415,4.64,0.46,1.08,15.99,28.74,16.1,4.6106423447,0.0045656046,0.920415,15.98424505674212,13.74676009745258
AVIVIK_clean,AVIVIK,6.703110218048096,11.7993803024292,0.7342797786112322,2323.18994140625,0.7342879772186279,6.7,11.8,2323.19,0.73,6.70311,11.79938,11.79938,0.734279503020905,3025.58,0.735270085,0.5399,4.56,0.47,0.99,14.78,27.59,15.8,4.5236678889,0.0045812189,0.793376,14.67379583660409,12.54001317969528
AVIVOQ_clean,AVIVOQ,7.135119915008545,11.941659927368164,0.7091339562452188,2658.679931640625,0.7091420292854309,7.14,11.94,2658.68,0.71,7.13512,11.94166,11.94166,0.709147,3186.21,0.781648809,0.5543,4.39,0.48,0.9,12.81,26.38,15.8,4.3593873166,0.0049356622,0.528503,12.79064269019713,11.5780325358789
AVIVUW_clean,AVIVUW,6.918920040130615,12.040760040283203,0.7297706352842539,2315.889892578125,0.7297790050506592,6.92,12.04,2315.89,0.73,6.91892,12.04076,12.04076,0.7297703613860548,2982.11,0.743923845,0.5429,4.46,0.45,1.0,15.24,28.29,16.0,4.4347853726,0.0045968331,0.708852,15.22471008369058,13.43376225122548
AVOSIO_charged,AVOSIO,9.61851978302002,10.841609954833984,1.0603136719379045,1111.0999755859375,1.0603100061416626,9.62,10.84,1110.9,1.06,,,,1.060311716826048,,,,0.79,0.13,0.16,6.14,19.48,16.9,0.5867457562,0.0011253725,0.260261,6.144084135025755,7.743832135259051
AVUCEA_clean,AVUCEA,4.524809837341309,10.641810417175293,0.893630887781966,2552.14990234375,0.8936300277709961,4.52,10.64,2552.15,0.89,4.52481,10.64181,5.22943,0.8936302579654528,2902.4,0.597450847,0.5339,3.63,0.4,0.65,11.01,21.1,14.0,3.6427693034,0.0042285274,0.245629,11.01477979885442,7.790652446971718
AWAGEL_clean,AWAGEL,7.286839962005615,8.54500961303711,0.990945608803037,1278.530029296875,0.9909399747848511,7.29,8.55,1278.57,0.99,7.28684,8.54501,8.54501,0.9909456331943407,1582.81,0.413445819,0.4097,3.84,0.3,0.55,11.22,21.53,14.1,3.8348519124,0.0030954967,0.133215,11.22244744996322,8.37509681121996
AWAHEM_clean,AWAHEM,4.857240200042725,7.657400131225586,2.1581967636231374,822.3740234375,2.1582000255584717,4.86,7.66,822.32,2.16,4.85724,7.6574,7.65488,2.15819863732039,946.952,0.219673802,0.4741,0.42,0.07,0.08,6.6,18.07,15.7,0.3839157207,0.0006675873,0.06156,6.107652835084648,6.494144029231816
AWASEY_clean,AWASEY,7.26209020614624,12.050909996032715,1.1577142318902292,1646.5400390625,1.1577099561691284,7.26,12.05,1646.54,1.16,,,,1.157712824747187,,,,0.51,0.11,0.08,4.86,16.0,17.5,0.5123030697,0.0010473775,0.138167,4.810957479830307,6.48986635067379
AWAWUR_clean,AWAWUR,4.272160053253174,9.424269676208496,0.9824533042645459,1610.56005859375,0.9824529886245728,4.27,9.42,1610.55,0.98,4.27216,9.42427,9.42427,1.02101,1796.21,0.494273008,0.4856,2.46,0.36,0.57,11.44,29.37,17.6,2.4537916568,0.0035750708,0.596033,11.42470904329448,15.0183114068412
AWEDOW_charged,AWEDOW,4.507199764251709,7.016479969024658,1.0603216846720414,934.0059814453125,1.0603400468826294,4.51,7.02,933.79,1.06,,,,1.060321710622512,,,,2.41,0.26,0.42,11.25,22.29,14.5,2.3339836712,0.0024922016,0.230577,11.24513508248223,7.885607512320489
AWEJIW_clean,AWEJIW,10.503870010375977,10.880009651184082,1.1937592815804388,1102.239990234375,1.193750023841858,10.5,10.88,1102.3,1.19,10.50387,10.88001,10.88001,1.19375,1282.0,0.373277487,0.4456,2.69,0.5,0.92,14.56,26.37,15.3,2.6930947555,0.0048953305,0.433593,14.59900555469085,9.958296979059163
AWEVIJ_clean,AWEVIJ,8.659310340881348,10.61970043182373,0.747203231283938,2151.159912109375,0.7472119927406311,8.66,10.62,2151.16,0.75,,,,0.7472032494992653,,,,3.54,0.52,1.21,16.17,35.87,19.2,3.4634813522,0.0051811697,1.902043,16.17382419165433,18.33761034823835
AWOFOI_clean,AWOFOI,4.192440032958984,5.445539951324463,1.3190798286023844,1587.4599609375,1.3190799951553345,4.19,5.45,1587.3,1.32,4.19244,5.44554,5.4181,1.319079861470867,1938.55,0.392394699,0.5176,3.75,0.36,0.7,13.37,22.77,14.0,3.7451340535,0.0035958925,0.146517,13.16141177100365,7.997794555667726
AWUPAL_clean,AWUPAL,9.23563003540039,18.420629501342773,0.3485526973816827,5001.080078125,0.34855300188064575,9.24,18.42,5001.08,0.35,,,,0.3485527058872429,,,,1.46,0.39,0.24,3.91,13.83,19.0,1.4593614094,0.0037344979,0.137445,3.891000048113327,5.735470628146761
AXIMUP_clean,AXIMUP,5.629930019378662,8.064760208129883,0.749361009785616,3176.31005859375,0.7493619918823242,5.63,8.06,3176.31,0.75,5.62993,8.06476,7.88344,0.7493604117814363,3551.63,0.797745282,0.5978,3.27,0.44,0.57,8.7,20.59,15.0,3.2989610214,0.0044337247,0.187037,8.689294981100327,7.490706122965367
AXINAX01_clean,AXINAX,13.27772045135498,19.47488021850586,0.40200140017538927,3753.889892578125,0.4020009934902191,13.28,19.47,3753.89,0.4,,,,0.4020011468857499,,,,2.01,0.37,0.33,6.0,18.91,16.8,2.0115480776,0.0039178733,0.251428,5.995696400012084,9.113276604050798
AXINIF_clean,AXINIF,8.652350425720215,9.618800163269043,0.7506610690904499,2948.81005859375,0.7506610155105591,8.65,9.62,2948.81,0.75,8.65235,9.6188,9.60052,0.750661,3249.77,0.766924084,0.5757,4.53,0.53,0.83,10.34,22.04,14.8,4.4853032143,0.0054325608,0.138846,10.20574351480776,8.273925888259877
AXIPEE01_clean,AXIPEE,4.364099979400635,6.811110019683838,1.500774791703476,1324.81005859375,1.5007799863815308,4.36,6.81,1324.37,1.5,4.3641,6.81111,6.75959,1.50078,1568.49,0.303975266,0.4562,2.47,0.23,0.36,10.97,20.79,13.9,2.4713567119,0.0024286911,0.136688,10.9923232562918,7.179429533213876
AXIPEE02_clean,AXIPEE,4.044950008392334,6.487919807434082,1.6343478598848504,1013.739990234375,1.6343499422073364,4.05,6.49,1013.89,1.63,4.36394,6.80892,6.78867,1.50078,1333.24,0.412185,0.6186,2.62,0.24,0.47,13.37,22.15,13.7,2.7010110945,0.0023566564,0.16667,13.4152875449516,7.637529719428073
AXIPEE03_clean,AXIPEE,4.08050012588501,6.542799949645996,1.6129825500938904,1058.25,1.6129800081253052,4.08,6.54,1058.13,1.61,4.36394,6.80892,6.78867,1.50078,1333.24,0.412185,0.6186,2.59,0.23,0.46,13.1,21.97,13.7,2.6720280537,0.0023553347,0.173281,13.30736700756629,7.572110274114461
AXIPEE_clean,AXIPEE,3.9417500495910645,6.416079998016357,1.6808783066345796,923.3200073242188,1.6808799505233765,3.94,6.41,923.21,1.68,3.94175,6.41608,6.27246,1.50078,1379.64,0.239517396,0.4026,2.63,0.24,0.5,14.38,22.67,13.7,2.6956448438,0.0023632651,0.112676,14.5849494371356,7.826041529495795
AXUBAW_manual,AXUBAW,5.524219989776611,14.245719909667969,0.7416894051989245,2425.43994140625,0.741720974445343,5.52,14.25,2425.44,0.74,,,,0.741689423432505,,,,1.57,0.27,0.22,5.33,15.96,16.6,1.5315771458,0.0026344199,0.110769,5.312239384854619,5.631554212004236
AXUBOL_clean,AXUBOL,4.2993998527526855,7.859829902648926,1.05111896379628,1031.1700439453125,1.0511200428009033,4.3,7.86,1031.19,1.05,4.2994,7.85983,7.32514,1.051117423816733,2010.8,0.441433899,0.464,4.77,0.57,1.1,13.68,24.71,14.8,4.7718834,0.0057510075,0.162881,13.71912051660987,9.132678856525699
AXUHEH_clean,AXUHEH,5.632030010223389,7.214540004730225,1.0645096254897386,962.5449829101562,1.0645300149917603,5.63,7.21,962.4,1.06,,,,1.064509604993619,,,,2.77,0.51,0.82,12.56,31.63,18.2,2.6451627936,0.0051354346,0.639123,12.4890457864002,12.48330984174409
AYOXUJ_clean,AYOXUJ,5.445099830627441,6.310919761657715,1.1136216833090309,743.8330078125,1.1136200428009033,5.45,6.31,743.85,1.11,5.4451,6.31092,6.31092,1.11362,914.879,0.202313177,0.2253,1.21,0.16,0.21,9.03,21.08,15.0,1.1129987128,0.0013236072,0.119971,9.031799878415175,7.569412469411629
AYUJIP_clean,AYUJIP,7.8919901847839355,12.699359893798828,1.0878559426100807,1531.6300048828125,1.0878599882125854,7.89,12.7,1531.63,1.09,,,,1.087855689020502,,,,2.82,0.37,1.04,19.7,33.61,17.7,2.8231066666,0.0038566901,0.872142,19.77810810531592,15.21772329228157
AZAFIS_clean,AZAFIS,4.01347017288208,4.565539836883545,1.5218991262763573,787.1920166015625,1.5219000577926636,4.01,4.57,787.34,1.52,,,,1.521899164291542,,,,2.8,0.4,1.18,21.05,27.69,14.8,2.9180272965,0.0041227214,0.092079,21.68961943602806,10.37601216296077
AZAVUU_clean,AZAVUU,4.936679840087891,5.4822797775268555,1.184983957352735,955.7769775390625,1.184980034828186,4.94,5.48,955.78,1.18,4.93668,5.48228,5.47166,1.184983986417113,1244.32,0.267346284,0.3168,3.65,0.71,1.48,16.09,26.76,15.1,3.6176861063,0.007353787,0.110563,16.07963974523543,9.185028143304518
AZAWAB_clean,AZAWAB,4.897590160369873,5.656139850616455,1.113085399409971,1118.6199951171875,1.1130900382995605,4.9,5.66,1118.63,1.11,4.89759,5.65614,5.3467,1.113085426696902,1434.73,0.304647423,0.3391,3.78,0.58,1.22,15.61,25.22,14.6,3.7785705109,0.0057670663,0.249143,15.5948132617591,8.710128904762868
AZEBUE_clean,AZEBUE,4.514669895172119,5.441420078277588,1.8182424544028721,601.0150146484375,1.8182799816131592,4.51,5.44,600.95,1.82,4.51467,5.44142,5.32983,1.818241071109662,789.878,0.177090437,0.322,2.24,0.4,0.9,16.27,25.76,14.7,2.2666079909,0.0043028363,0.233641,16.41103387169601,8.790520132408297
AZIVAI_clean,AZIVAI,5.809110164642334,7.054699897766113,0.6824181322033271,3825.280029296875,0.6824179887771606,5.81,7.05,3825.28,0.68,,,,0.6824181490058769,,,,5.3,0.57,0.64,7.52,17.87,14.7,5.3056525712,0.0056847538,0.144556,7.508087808032518,6.005376449887697
AZIXUD_clean,AZIXUD,4.88169002532959,5.9999098777771,1.1045862266979907,1706.5899658203125,1.1046299934387207,4.88,6.0,1706.6,1.1,4.88169,5.99991,5.99991,1.10463,2078.69,0.449743353,0.4968,4.51,0.42,0.78,12.84,23.06,14.3,4.546646875,0.004292501,0.382074,12.87047596056193,8.635093783590513
BADYAJ_clean,BADYAJ,7.136290073394775,8.605759620666504,0.9847287152959328,2021.0400390625,0.9847279787063599,7.14,8.61,2021.04,0.98,,,,0.9847282028263312,,,,2.96,0.3,0.4,9.19,20.38,14.6,2.9645036521,0.0030552414,0.236032,9.191152694730778,7.956515099752155
BAFHAU_clean,BAFHAU,7.37185001373291,9.026350021362305,0.8585509946233217,2734.889892578125,0.858551025390625,7.37,9.03,2734.89,0.86,,,,0.8585510157696927,,,,0.4,0.14,0.07,3.58,13.7,20.1,0.3830901982,0.0010145215,0.140975,3.560612650398108,5.041671267934365
BAKGIF_manual,BAKGIF,6.309140205383301,7.5476298332214355,1.0167454922525245,1503.5999755859375,1.0167399644851685,6.31,7.55,1503.29,1.02,6.30914,7.54763,7.54763,0.992582,1790.45,0.455868757,0.4635,3.73,0.3,0.44,10.26,20.42,14.1,3.7047241815,0.0030267176,0.073272,10.22397708098656,7.411390865792006
BAKJEE_clean,BAKJEE,5.412670135498047,6.4476399421691895,0.9189776147662371,2402.06005859375,0.9189770221710205,5.41,6.45,2402.06,0.92,5.41267,6.44764,6.44764,0.918977,2648.33,0.587174652,0.5396,5.66,0.57,0.93,11.5,21.69,14.1,5.6768159144,0.005594748,0.137777,11.52439128387052,7.761746636252013
BAKJII_clean,BAKJII,5.21845006942749,6.192150115966797,0.9593399267889996,2146.43994140625,0.9593390226364136,5.22,6.19,2146.44,0.96,5.21845,6.19215,6.19129,0.959339,2537.12,0.549753528,0.5274,7.17,0.69,1.67,17.23,24.12,13.8,7.2159685839,0.0068349403,0.311778,17.25561243834557,9.02160260441267
BAKJOO_clean,BAKJOO,5.729479789733887,7.709010124206543,1.0048959693284443,1734.68994140625,1.0048999786376953,5.73,7.71,1734.69,1.0,5.72948,7.70901,7.70901,1.02275,2007.36,0.492685839,0.4951,4.88,0.44,0.74,11.66,22.25,14.3,4.9036069269,0.0043545558,0.194111,11.6533223113239,8.084798698498796
BAKYOE_clean,BAKYOE,6.192259788513184,7.116459846496582,1.030975082980472,1457.0799560546875,1.0309699773788452,6.19,7.12,1457.11,1.03,6.19226,7.11646,7.11412,1.03097,1707.89,0.427558513,0.4408,5.34,0.51,0.94,12.91,22.0,13.8,5.5598836596,0.0052719714,0.264944,13.13463785000985,7.913651425815786
BAMKIM_clean,BAMKIM,5.751339912414551,6.796150207519531,1.1076447264720348,1338.800048828125,1.107640027999878,5.75,6.8,1338.93,1.11,5.75134,6.79615,6.79615,1.107644753758919,1552.78,0.357787729,0.3963,3.1,0.25,0.42,11.15,22.32,14.5,3.0757511543,0.0025005828,0.447847,11.14711147883991,8.526051240559893
BAMKOS_clean,BAMKOS,5.818459987640381,6.763490200042725,1.1133482324502082,1357.8900146484375,1.1133500337600708,5.82,6.76,1357.68,1.11,5.81846,6.76349,6.59811,1.113348259879257,1577.82,0.363946648,0.4052,3.25,0.27,0.46,11.75,22.85,14.5,3.2278259754,0.0026830675,0.285213,11.73572578393217,8.743163266300654
BANMAG_clean,BANMAG,7.4411301612854,8.684969902038574,1.3740155178454483,817.2969970703125,1.3740099668502808,7.44,8.68,817.26,1.37,,,,1.374014915928838,,,,0.47,0.07,0.06,5.72,16.51,16.2,0.4715195961,0.0007429223,0.154225,5.715481743179101,6.055805092414568
BAPDAA_clean,BAPDAA,11.546770095825195,12.360389709472656,1.3814421252306022,1132.6700439453125,1.3814200162887573,11.55,12.36,1132.52,1.38,11.54677,12.36039,12.35976,1.38128,1234.68,0.44273284,0.6116,1.44,0.21,0.22,6.81,18.25,15.6,1.4271947688,0.0018914319,0.170416,6.753289788970715,6.775241944462117
BAQWIC_clean,BAQWIC,5.970280170440674,8.024869918823242,1.6384950520024975,877.7930297851562,1.6384899616241455,5.97,8.02,878.81,1.64,,,,1.63849334063553,,,,0.62,0.11,0.09,6.08,17.42,16.1,0.5862902347,0.000964,0.16708,5.982537110465641,6.151561123136698
BARZUR_clean,BARZUR,5.302889823913574,5.49459981918335,0.9257644850074611,1868.31005859375,0.9257829785346985,5.3,5.5,1868.31,0.93,5.30289,5.4946,5.4946,0.9257645078943153,2689.68,0.525285083,0.4863,6.73,0.95,2.56,20.06,26.44,14.4,6.9336128852,0.0096602423,0.230975,20.11096136294148,9.21714840437605
BASJUB_clean,BASJUB,4.5914201736450195,5.472439765930176,1.0302064818030179,1512.6600341796875,1.0302200317382812,4.59,5.47,1512.66,1.03,4.59142,5.47244,5.38091,1.03022,1893.28,0.37593912,0.3873,4.32,0.6,1.24,14.85,24.75,14.5,4.2569080767,0.0057913957,0.162728,14.78276761380677,8.51334247075858
BAWROI_clean,BAWROI,9.130660057067871,13.549850463867188,0.6298579923594291,3143.050048828125,0.6298819780349731,9.13,13.55,3143.05,0.63,9.13066,13.54985,13.5475,0.63085,3249.34,1.096395833,0.6906,1.64,0.28,0.26,6.17,18.41,16.4,1.6385727942,0.002874613,0.276841,6.159663866649313,8.216308208853654
BAZFUF01_clean,BAZFUF,8.546050071716309,20.14565086364746,0.34206243893405447,5353.7998046875,0.34206199645996094,8.55,20.15,5353.8,0.34,8.54605,20.14565,20.14565,0.342062,5225.08,2.460372681,0.8416,1.15,0.34,0.17,3.33,12.67,20.7,1.1483477488,0.0033209322,0.139402,3.327282037124037,5.187307695689817
BAZFUF_clean,BAZFUF,8.583840370178223,20.245969772338867,0.34005300216688134,5368.02001953125,0.340052992105484,8.58,20.25,5368.02,0.34,8.5601,20.1526,20.10669,0.342062,5368.57,2.52293,0.863,1.14,0.34,0.17,3.32,12.61,20.7,1.1392564024,0.0035211303,0.075811,3.31749633584996,5.164874159371125
BAZGAM_clean,BAZGAM,24.240610122680664,42.798179626464844,0.12652582188639075,6405.56982421875,0.12652599811553955,24.24,42.8,6405.57,0.13,,,,0.126525824968352,,,,1.24,0.53,0.18,2.24,10.03,26.8,1.2139861163,0.0052205957,0.174626,2.235850405861423,4.685823047635955
BAZGEQ_clean,BAZGEQ,13.963199615478516,27.240339279174805,0.3348947043225155,4785.0498046875,0.3348950147628784,13.96,27.24,4785.05,0.33,,,,0.3348947124813379,,,,1.74,0.37,0.29,5.24,17.22,17.3,1.741222803,0.0037812817,0.350985,5.248181845185366,8.355763681057553
BAZJET_clean,BAZJET,12.10116958618164,13.370189666748047,0.6212936554075474,3450.5,0.6212940216064453,12.1,13.37,3450.5,0.62,,,,0.6212935858897773,,,,3.81,0.41,0.67,11.16,22.15,14.4,3.8058375954,0.0040697513,0.347341,11.19540142637166,10.41242159154896
BAZJIX_clean,BAZJIX,7.464210033416748,8.75901985168457,0.7704535988069806,2718.570068359375,0.7704529762268066,7.46,8.76,2718.57,0.77,7.46421,8.75902,8.75317,0.7704534926623811,3132.44,0.763706547,0.5884,3.55,0.45,0.71,10.86,21.62,14.3,3.5444643832,0.0044767688,0.232617,10.89352346771014,8.540477619597251
BEDYEQ_clean,BEDYEQ,31.490510940551758,33.058631896972656,0.4624435777578932,3062.179931640625,0.4624449908733368,31.49,33.06,3062.18,0.46,31.49051,33.05863,33.05863,0.462445,3267.43,1.69274184,0.7828,2.02,0.32,0.34,7.14,21.02,16.5,2.0205247694,0.0032236281,0.210907,7.138673263764002,10.79955685176879
BELJIL_clean,BELJIL,5.214360237121582,7.210360050201416,1.2875380223825448,674.0700073242188,1.2875399589538574,5.21,7.21,674.07,1.29,,,,1.28753805423781,,,,2.43,0.23,0.42,13.17,22.63,14.0,2.412661716,0.0023352438,0.329879,13.15941666521643,7.860188496831547
BELTUJ_clean,BELTUJ,4.196899890899658,5.647439956665039,1.0856555070895644,1283.489990234375,1.0856599807739258,4.2,5.65,1283.49,1.09,4.1969,5.64744,5.58219,1.08566,1757.63,0.323305639,0.351,4.37,0.61,1.33,16.48,25.18,14.4,4.3486309299,0.0061081191,0.100689,16.42026147194631,8.618193133830545
BELVEV_charged,BELVEV,4.924729824066162,6.990359783172607,0.8858633845965982,2152.68994140625,0.8858640193939209,4.92,6.99,2152.69,0.89,,,,0.8858636766272799,,,,3.55,0.38,0.55,9.18,20.73,14.8,3.5351420243,0.0037099494,0.341686,9.210216767212625,7.372014779748147
BEPBAB_clean,BEPBAB,3.9763200283050537,5.31879997253418,1.041545040592509,1089.780029296875,1.0415400266647339,3.98,5.32,1087.84,1.04,,,,1.041545066846205,,,,4.03,0.71,1.68,17.89,29.5,16.1,4.0454825954,0.0071075649,0.254597,17.90848807962855,11.58843597180855
BEPLUF_clean,BEPLUF,10.457449913024902,10.546609878540039,0.882231901680647,1532.300048828125,0.8822680115699768,10.46,10.55,1532.3,0.88,10.45745,10.54661,10.54661,0.882268,1710.97,0.531471163,0.4689,1.45,0.21,0.2,6.49,18.7,16.1,1.4471778071,0.0020072051,0.211262,6.491081028133785,7.075337857988764
BEPMAM_clean,BEPMAM,10.232970237731934,10.357640266418457,0.8939507550646509,1532.6400146484375,0.8939869999885559,10.23,10.36,1532.6,0.89,10.23297,10.35764,10.35764,0.893987,1702.98,0.521148518,0.4566,1.44,0.22,0.21,6.6,18.72,16.0,1.4444807141,0.0021349621,0.222287,6.603537400622784,6.772678526533635
BEPMIU_clean,BEPMIU,9.954730033874512,10.070289611816406,1.0214468815389615,1119.3499755859375,1.0214899778366089,9.95,10.07,1119.08,1.02,9.95474,10.07029,10.07029,1.02149,1242.6,0.388550059,0.3969,0.75,0.12,0.1,5.53,16.69,16.6,0.7355127117,0.0012447825,0.080274,5.52446495717392,6.207534648195249
BEPNIV_clean,BEPNIV,10.198829650878906,10.322190284729004,0.8933502363842466,1494.7099609375,0.8933870196342468,10.2,10.32,1494.76,0.89,10.19883,10.32219,10.32219,0.893387,1682.29,0.517021179,0.4619,1.43,0.22,0.2,6.43,18.68,16.2,1.4307044569,0.0021979611,0.169023,6.433483772814997,6.82672924446311
BEPNOB_clean,BEPNOB,10.231269836425781,10.363109588623047,0.8902664552633386,1498.3699951171875,0.8903030157089233,10.23,10.36,1498.36,0.89,10.23127,10.36311,10.36311,0.890303,1708.43,0.5244282,0.4669,1.28,0.21,0.19,6.07,18.25,16.4,1.2837461003,0.0019299866,0.185758,6.073374497478,6.570833212259643
BEPNUH_clean,BEPNUH,10.209799766540527,10.325630187988281,1.165653082362101,946.7420043945312,1.1656899452209473,10.21,10.33,947.29,1.17,10.2098,10.32563,10.32563,1.1657,1058.22,0.343401762,0.3905,0.76,0.12,0.1,5.88,17.0,16.2,0.7586816796,0.001142754,0.15916,5.87916143955834,6.345317468469609
BEPPAP_clean,BEPPAP,9.78954029083252,9.90820026397705,1.0316809677784493,1121.8900146484375,1.031730055809021,9.79,9.91,1121.37,1.03,9.78954,9.9082,9.90791,1.03174,1230.63,0.38004129,0.3921,0.71,0.12,0.1,5.64,16.68,16.4,0.7079291252,0.0011927099,0.123223,5.638227033007103,6.198114588295486
BEPPIX_clean,BEPPIX,9.637060165405273,9.774089813232422,0.9904012908625234,1303.1300048828125,0.9904379844665527,9.64,9.77,1303.18,0.99,9.63706,9.77409,9.77409,0.990438,1472.79,0.417290128,0.4133,2.22,0.2,0.31,11.04,22.32,14.6,2.2301888481,0.0019509574,0.274394,11.0835623935205,10.29142797523256
BEPPOD_clean,BEPPOD,9.89091968536377,10.036219596862793,0.9606971450750421,1335.81005859375,0.9607319831848145,9.89,10.04,1335.68,0.96,9.89092,10.03622,10.03622,0.960732,1522.74,0.444452771,0.427,2.18,0.2,0.34,10.79,22.59,14.8,2.1911475604,0.0018533843,0.388748,10.80168887191732,10.35387409414594
BEPRIZ_clean,BEPRIZ,6.035580158233643,10.214539527893066,0.7643710933490951,2730.760009765625,0.7643709778785706,6.04,10.21,2730.76,0.76,6.03558,10.21454,10.21454,0.765717,2973.1,0.778025331,0.5947,5.09,0.47,0.66,9.42,20.13,14.4,0.328112213,0.317979893,0.099586,1.031864656297623,7.587760484156419
BEPROF_clean,BEPROF,5.967939853668213,8.003060340881348,0.730039187815003,3264.9599609375,0.7300379872322083,5.97,8.0,3264.96,0.73,5.96794,8.00306,8.00133,0.7300385686898544,3514.4,0.83105263,0.6067,6.65,0.62,0.86,9.59,19.87,14.2,6.6745390345,0.0063126308,0.206586,9.591756545311423,7.126560751208274
BEPVEZ_clean,BEPVEZ,4.446380138397217,5.768750190734863,1.2695437104988523,746.2769775390625,1.2695399522781372,4.45,5.77,746.65,1.27,,,,1.269543742267268,,,,1.97,0.31,0.55,13.03,23.78,14.5,1.9282054849,0.0030991511,0.213422,13.01079989049951,7.891186604546125
BETDAH_clean,BETDAH,4.350130081176758,6.20265007019043,1.1630586880361193,2011.5400390625,1.163059949874878,4.35,6.2,2011.54,1.16,,,,1.16305790733572,,,,4.26,0.54,0.97,12.82,23.87,14.6,4.2621681573,0.0054855686,0.268246,12.80581669034778,8.640484930681973
BETDEL_clean,BETDEL,4.273680210113525,6.193349838256836,1.164595834750622,1933.0699462890625,1.1646000146865845,4.27,6.19,1933.07,1.16,,,,1.164595863536505,,,,4.48,0.53,0.99,13.06,23.73,14.5,4.5157500531,0.0052687276,0.470972,13.06206940837146,8.55743204833403
BETDIP_clean,BETDIP,3.88457989692688,6.110939979553223,1.180599122707895,1786.3199462890625,1.1806000471115112,3.88,6.11,1786.32,1.18,,,,1.180598271166048,,,,4.66,0.53,1.09,14.93,24.28,14.3,4.7392542931,0.0053441714,0.250447,14.89141450038949,8.956109940679962
BETDUB_clean,BETDUB,3.78410005569458,6.036590099334717,1.1690463890304024,1663.800048828125,1.1690499782562256,3.78,6.04,1663.8,1.17,,,,1.169046417936945,,,,4.59,0.52,1.1,15.35,24.4,14.2,4.6444371565,0.0050753334,0.267861,15.31936201457378,9.119617479739041
BETFAJ_clean,BETFAJ,4.319690227508545,6.192669868469238,1.1110836551658108,2077.659912109375,1.1110800504684448,4.32,6.19,2077.66,1.11,,,,1.111083682619556,,,,4.51,0.56,1.04,12.99,23.93,14.6,4.5179346252,0.0055565533,0.174221,12.97910805378051,8.645712232401129
BETFEN_clean,BETFEN,4.321090221405029,6.2062201499938965,1.0786156486401943,2146.7099609375,1.0786199569702148,4.32,6.21,2146.71,1.08,,,,1.078616488167336,,,,4.47,0.56,1.01,12.73,23.93,14.7,4.4973052628,0.0055760763,0.258523,12.71482413589415,8.659134037818877
BETFUD_clean,BETFUD,4.262599945068359,6.146140098571777,1.062948121181623,2191.419921875,1.0629500150680542,4.26,6.15,2191.43,1.06,,,,1.062948147437665,,,,4.32,0.54,0.99,12.9,23.74,14.6,4.33375938,0.0051695426,0.278544,12.89865362749371,8.621077575427217
BETGAK_clean,BETGAK,4.214779853820801,6.109499931335449,1.0615263448945536,2196.800048828125,1.0615299940109253,4.22,6.11,2196.79,1.06,,,,1.06152526030375,,,,4.43,0.55,1.02,13.17,23.97,14.6,4.4459444004,0.0054930893,0.195494,13.15404333983212,8.751621762060116
BETGEO_clean,BETGEO,5.062220096588135,15.215780258178711,1.3176691880885716,977.3040161132812,1.31768000125885,5.06,15.22,977.08,1.32,,,,1.317665478145113,,,,1.39,0.23,0.32,9.86,23.99,15.9,1.3835003632,0.002367931,0.527427,9.767403384226474,8.981609085269602
BETGIS_clean,BETGIS,4.061920166015625,14.002779960632324,1.3580504065863543,767.135986328125,1.3580700159072876,4.06,14.0,767.34,1.36,,,,1.358046752682831,,,,1.7,0.21,0.35,12.11,22.59,14.3,1.696988248,0.0019750002,0.279682,12.00702649107772,9.074696224145926
BETGOY_clean,BETGOY,5.429369926452637,15.164950370788574,1.2813585948740025,954.35302734375,1.2813700437545776,5.43,15.16,954.25,1.28,,,,1.281356795085862,,,,1.87,0.24,0.39,11.41,22.37,14.4,1.8579613555,0.0023698095,0.212046,11.37193395906715,9.34824125199132
BETGUE_clean,BETGUE,9.65919017791748,15.531350135803223,0.7352167302465025,1765.5699462890625,0.7352160215377808,9.66,15.53,1765.57,0.74,9.65919,15.53135,15.53135,0.7352161662541314,1826.8,0.914969206,0.5286,2.14,0.29,0.32,7.35,18.96,15.3,2.1285155341,0.0027947276,0.200968,7.346994024781814,7.972860484083526
BETHEP_clean,BETHEP,5.386020183563232,15.939689636230469,1.5502775306068683,781.0800170898438,1.5502599477767944,5.39,15.94,781.08,1.55,,,,1.550277568565455,,,,1.99,0.22,0.36,11.34,22.41,14.5,1.9969750103,0.002138988,0.343327,11.36607217220347,9.197421114554675
BETHIT_clean,BETHIT,10.508589744567871,16.176660537719727,0.8195956855142785,1570.47998046875,0.819586992263794,10.51,16.18,1570.48,0.82,,,,0.8195957055809131,,,,1.81,0.25,0.27,7.22,18.75,15.4,1.8061632835,0.0025924303,0.072539,7.215502610886666,7.929612987018341
BETZOR_clean,BETZOR,4.72091007232666,7.753570079803467,1.0673186047658012,1461.219970703125,1.0673199892044067,4.72,7.75,1461.22,1.07,4.72091,7.75357,7.64098,1.06732,1689.48,0.369711052,0.3946,3.81,0.57,1.1,14.36,27.03,15.6,3.8134922381,0.0056635852,0.563459,14.37108720681576,10.44036656162843
BEWCUD_clean,BEWCUD,9.616459846496582,11.430130004882812,0.47645354293030306,4456.97021484375,0.4764679968357086,9.62,11.43,4456.97,0.48,,,,0.4764535545474066,,,,1.79,0.36,0.25,4.65,14.94,17.5,1.7864866207,0.0034347041,0.086812,4.635731132090545,5.988171051225111
BEWVOQ_clean,BEWVOQ,8.286370277404785,10.236350059509277,0.7175565507411746,3363.780029296875,0.7175559997558594,8.29,10.24,3363.78,0.72,8.28637,10.23635,9.99929,0.7175562898981963,3374.13,1.01873582,0.731,0.32,0.13,0.05,2.59,10.72,24.1,0.3154834588,0.0012073504,0.151769,2.59231671201729,3.593635758641993
BEWWEH_clean,BEWWEH,7.893849849700928,9.019550323486328,0.7139628068809946,3323.780029296875,0.7139620184898376,7.89,9.02,3323.78,0.71,7.89385,9.01955,9.01955,0.7139625472399256,3390.39,1.018541603,0.7272,0.28,0.12,0.04,2.41,9.69,25.1,0.280997461,0.0010487101,0.05558,2.389027494839965,2.936650401619566
BEXPAX_clean,BEXPAX,5.825990200042725,6.1771697998046875,0.7490099499242399,4307.06005859375,0.7490090131759644,5.83,6.18,4307.06,0.75,5.82599,6.17717,6.17717,0.749009,4290.19,0.884902585,0.6628,6.07,0.61,0.85,9.4,19.85,14.3,6.1731108903,0.0061856215,0.094681,9.413806562719351,6.692014865001255
BEXQIF_clean,BEXQIF,5.286439895629883,8.049619674682617,0.6839619071646248,3605.989990234375,0.6839619874954224,5.29,8.05,3605.99,0.68,,,,0.6839619239548853,,,,0.75,0.17,0.11,4.29,14.55,18.2,0.7379904122,0.0016888075,0.095948,4.285907557540348,5.113131728486023
BEXQOL_clean,BEXQOL,5.313590049743652,8.049150466918945,0.6992373640397626,3534.090087890625,0.6992369890213013,5.31,8.05,3534.09,0.7,,,,0.6992368535051461,,,,0.75,0.17,0.11,4.45,14.72,17.9,0.7527181928,0.0017596957,0.091141,4.450407377746953,5.198050813038517
BEXQUR_clean,BEXQUR,5.365139961242676,8.077289581298828,0.7056676627405969,3511.669921875,0.7056670188903809,5.37,8.08,3511.67,0.71,,,,0.7056665809916326,,,,0.79,0.17,0.11,4.46,14.9,17.9,0.7915470017,0.0018282639,0.072062,4.460598148980339,5.298066805803234
BEXRAY_clean,BEXRAY,5.640089988708496,8.112629890441895,0.6393883713869862,4051.6298828125,0.6393880248069763,5.64,8.11,4051.63,0.64,,,,0.6393882759064976,,,,0.68,0.17,0.1,3.98,13.88,18.8,0.6796701292,0.0017782148,0.112549,3.983775186234354,4.794541148304862
BEXREC_clean,BEXREC,5.549829959869385,8.131340026855469,0.6653524065703028,3933.669921875,0.6653519868850708,5.55,8.13,3933.67,0.67,,,,0.6653519207695294,,,,0.75,0.18,0.11,4.17,14.37,18.5,0.7493386045,0.0017110685,0.166484,4.173119787019277,5.045682004503769
BEXRIG_clean,BEXRIG,5.600910186767578,8.165140151977539,0.6722215498238058,3894.18994140625,0.67221999168396,5.6,8.17,3894.19,0.67,,,,0.6722205193392679,,,,0.79,0.18,0.11,4.26,14.55,18.3,0.783972331,0.0017826333,0.102626,4.25598370860617,5.133971522431795
BEXRUT_clean,BEXRUT,4.714240074157715,6.493989944458008,1.0707478290795105,1328.469970703125,1.0707499980926514,4.71,6.49,1328.33,1.07,,,,1.070746258514773,,,,2.41,0.28,0.48,11.85,23.12,14.6,2.426833676,0.0026775326,0.143313,11.95963627064069,9.61213929936772
BEXSAA_clean,BEXSAA,4.720620155334473,6.216780185699463,0.9927715016608121,1467.5699462890625,0.9927710294723511,4.72,6.22,1467.78,0.99,,,,0.9927713610081677,,,,2.21,0.28,0.47,11.21,23.02,14.8,2.2137020153,0.0027995991,0.430391,11.32272261761492,9.707590938256073
BEXSEE_clean,BEXSEE,4.266409873962402,6.491759777069092,1.049733544278673,1311.6600341796875,1.0497299432754517,4.27,6.49,1311.43,1.05,,,,1.049732811552284,,,,2.28,0.27,0.45,11.66,23.05,14.7,2.2893420847,0.0026509931,0.446295,11.72615037986134,9.685396222543492
BEXSII_clean,BEXSII,4.794219970703125,6.270689964294434,0.9430252929394887,2280.860107421875,0.9430249929428101,4.79,6.27,2280.86,0.94,,,,0.9430253162251157,,,,4.7,0.5,0.87,12.11,22.35,14.2,4.7699598538,0.0050157146,0.166501,12.08882042765791,8.222632314640206
BEXVEH_clean,BEXVEH,6.156879901885986,9.9762601852417,0.7828351323969551,3030.7900390625,0.7828350067138672,6.16,9.98,3030.79,0.78,6.15688,9.97626,9.95158,0.7828351515194257,3223.91,0.858929404,0.6724,2.97,0.39,0.48,8.32,20.57,15.3,2.9300977582,0.0040140868,0.231724,8.302090871276382,8.808119222773861
BEYSEF_clean,BEYSEF,4.747980117797852,5.617310047149658,1.1797858435105046,1194.4100341796875,1.1797800064086914,4.75,5.62,1193.93,1.18,4.74798,5.61731,5.61731,1.17978,1447.23,0.310481615,0.3663,2.79,0.28,0.46,11.37,22.97,14.7,2.7231194438,0.0026284068,0.252979,11.21776734286251,8.077463359886249
BIBXIV_clean,BIBXIV,4.068459987640381,18.493600845336914,0.9977120968373485,1660.989990234375,0.9976999759674072,4.07,18.49,1660.99,1.0,,,,0.9977001589611898,,,,1.62,0.23,0.26,7.58,19.68,15.5,1.607085311,0.0022386961,0.304005,7.584405200420349,8.134524608151288
BIBXOB_clean,BIBXOB,7.986539840698242,19.692989349365234,0.4095545999490641,4876.5,0.40955400466918945,7.99,19.69,4876.5,0.41,,,,0.4095539886060058,,,,1.2,0.32,0.19,3.88,14.43,19.4,1.1960665549,0.0032003208,0.192678,3.88128932746269,6.074473904102279
BIBXUH_clean,BIBXUH,5.12647008895874,14.73898983001709,0.7398076232671581,2796.60009765625,0.7398059964179993,5.13,14.74,2796.6,0.74,5.12647,14.73899,14.73899,0.739806,3096.68,0.879284569,0.6505,2.9,0.37,0.41,7.07,17.87,15.1,2.8950390776,0.0039300493,0.164889,7.062148297796269,6.61216715992704
BICPOT_clean,BICPOT,6.53577995300293,7.309219837188721,1.5928524530498838,773.5900268554688,1.5928599834442139,6.54,7.31,773.77,1.59,,,,1.592860019056236,,,,6.03,1.96,4.86,22.15,42.23,21.3,6.0274427284,0.0201320482,0.293269,22.19843503985339,21.85140397309568
BICPUA_clean,BICPUA,9.906060218811035,13.79677963256836,0.5438736864559353,3871.60009765625,0.5438590049743652,9.91,13.8,3871.6,0.54,9.90606,13.79678,13.29749,0.543859,3894.94,1.450192053,0.7887,1.37,0.3,0.19,4.31,14.42,18.1,1.3711684929,0.0029601251,0.107058,4.291484498758872,5.573039428289809
BIFGOO_clean,BIFGOO,9.019280433654785,10.87246036529541,1.7520552801127114,696.781005859375,1.7520500421524048,9.02,10.87,697.31,1.75,,,,1.752052011805706,,,,0.67,0.1,0.12,8.1,22.88,16.5,0.6796159576,0.0009722187,0.18378,8.110553157411335,9.203872412100992
BIFKEI_clean,BIFKEI,4.343200206756592,5.927030086517334,1.0212721520506147,1982.8399658203125,1.02128005027771,4.34,5.93,1982.84,1.02,,,,1.021272177295185,,,,5.53,0.59,1.37,16.51,24.69,14.1,5.533346014,0.0057471914,0.19063,16.50700541382373,8.881444194644542
BIGZUO_clean,BIGZUO,20.987930297851562,21.7231502532959,0.3083046458602914,4539.39990234375,0.3083040118217468,20.99,21.72,4539.4,0.31,20.98793,21.72314,21.52659,0.3083044274564214,4473.79,2.839729618,0.8755,0.64,0.25,0.1,2.67,11.9,24.1,0.6419340953,0.0024392016,0.291436,2.674886764449682,5.694924238317208
BIHBAX_clean,BIHBAX,17.556690216064453,18.574390411376953,0.3216724686341063,4541.16015625,0.3216719925403595,17.56,18.57,4541.16,0.32,,,,0.3216722407586706,,,,0.6,0.25,0.09,2.63,11.75,24.3,0.6062047951,0.0023789849,0.119379,2.629374378773513,5.495668192168944
BIHBEB_clean,BIHBEB,17.159900665283203,18.346050262451172,0.7242803253960408,2301.22998046875,0.7242779731750488,17.16,18.35,2301.23,0.72,,,,0.7242801863366404,,,,5.09,1.76,2.16,13.05,32.17,18.3,5.09969359,0.0171961841,1.433105,13.13913240604597,12.5913349855763
BIJDUV_clean,BIJDUV,5.697179794311523,8.613860130310059,0.8966742968331668,1900.8499755859375,0.8966709971427917,5.7,8.61,1900.85,0.9,,,,0.896674318747622,,,,4.18,0.45,1.05,16.19,28.76,16.0,4.2415091457,0.0046297827,0.950713,16.18751320168903,12.93226145013964
BIJFAD_clean,BIJFAD,6.263420104980469,8.358499526977539,0.8559712422421663,2073.179931640625,0.8559839725494385,6.26,8.36,2073.18,0.86,,,,0.8559712631625935,,,,4.86,0.49,1.09,15.51,27.59,15.6,4.8742065835,0.0049496275,0.592131,15.47328941281354,11.95380358866559
BINROH_clean,BINROH,10.236860275268555,21.31368064880371,0.503862257828057,3783.820068359375,0.5038620233535767,10.24,21.31,3783.82,0.5,10.23686,21.31368,21.22352,0.503862,3896.81,1.404352779,0.7076,3.17,0.48,0.61,8.64,20.51,15.0,3.1716112908,0.0046170446,0.25168,8.653838386520077,8.910874519548296
BINRUN_clean,BINRUN,10.093640327453613,21.102859497070312,0.5117250881764811,3727.9599609375,0.5117359757423401,10.09,21.1,3727.96,0.51,10.09364,21.10287,21.09233,0.511736,3845.02,1.346201948,0.6889,3.34,0.51,0.66,8.86,20.8,15.0,3.3438157003,0.0049958316,0.321146,8.874565341201148,8.91853616934015
BINSAU_clean,BINSAU,9.527050018310547,21.880130767822266,0.4715752475299811,3994.64990234375,0.471574991941452,9.53,21.88,3994.65,0.47,9.52705,21.88013,21.05522,0.471575,4103.51,1.494141971,0.7046,2.77,0.46,0.5,7.12,19.15,15.6,2.7747511641,0.0046267606,0.220705,7.122871301581767,8.08646478214968
BIPLIX_clean,BIPLIX,5.754580020904541,7.366459846496582,1.0759226796011014,1516.93994140625,1.075950026512146,5.75,7.37,1517.14,1.08,5.75458,7.36647,7.16866,1.08422,1752.14,0.409033877,0.4401,1.88,0.23,0.29,8.33,19.81,14.9,1.8839751846,0.0021821596,0.181331,8.32653645359243,7.30946656588003
BIPSUQ_clean,BIPSUQ,16.928810119628906,18.614479064941406,0.43749050159884884,4480.83984375,0.43748998641967773,16.93,18.61,4480.84,0.44,16.92881,18.61448,18.61448,0.43749,4417.66,1.810098517,0.7919,1.26,0.3,0.19,4.2,14.62,18.5,1.2538763612,0.0028543484,0.128404,4.199039080386588,6.166855840252605
BIRGIU_clean,BIRGIU,4.283360004425049,6.675570011138916,1.3692939652040972,1071.800048828125,1.3692899942398071,4.28,6.68,1071.52,1.37,,,,1.369293827796782,,,,2.98,0.23,0.51,15.32,24.37,14.2,2.9875869235,0.0023165754,0.441578,15.32560052508036,9.449715905172022
BIRSEC_clean,BIRSEC,4.860939979553223,6.4883198738098145,1.33798002294205,932.0380249023438,1.337980031967163,4.86,6.49,931.92,1.34,4.86094,6.48832,6.48832,1.33798,1135.16,0.255534462,0.3419,2.77,0.36,0.66,13.25,22.77,14.0,2.786767833,0.0036076256,0.166775,13.24956323811804,7.672180694587428
BIRSIG_clean,BIRSIG,4.746570110321045,6.375360012054443,1.3786009937751265,880.81298828125,1.378600001335144,4.75,6.37,881.11,1.38,4.74657,6.37536,6.37536,1.3786,1081.31,0.242419846,0.3342,2.87,0.39,0.78,13.96,23.59,14.2,2.8809762662,0.0039179304,0.105663,14.08665195046767,7.962617279108638
BIWSEG_ion_b,BIWSEG,11.969969749450684,29.735109329223633,0.4669382146190914,3073.14990234375,0.4669409990310669,11.97,29.74,3073.15,0.47,,,,0.02125204663218588,,,,1.65,0.29,0.36,7.93,23.24,16.8,1.6419752358,0.0029799254,0.515258,8.336707601505333,12.31203974676642
BIWSOQ_clean,BIWSOQ,5.409170150756836,15.336660385131836,0.9902921041105147,1959.6700439453125,0.990293025970459,5.41,15.34,1959.67,0.99,,,,0.9902921282626387,,,,5.93,0.82,1.6,14.37,24.2,14.4,5.9483415855,0.0085386315,0.274137,14.37042309548398,8.781715049843356
BIWYAH10_clean,BIWYAH,5.528739929199219,7.246099948883057,0.7222994270747547,3981.85009765625,0.7222949862480164,5.53,7.25,3981.85,0.72,,,,0.7222994448891362,,,,0.44,0.14,0.06,3.1,11.57,21.3,0.409929288,0.0012565932,0.050568,3.072759979519992,3.689156620766484
BOKQEZ_clean,BOKQEZ,4.493529796600342,7.077569961547852,1.3295425203276592,1169.1400146484375,1.3295700550079346,4.49,7.08,1168.91,1.33,4.49353,7.07757,7.07641,1.32957,1393.51,0.306941342,0.4081,1.43,0.18,0.21,7.75,18.35,14.7,1.3938597547,0.0017050817,0.078434,7.591296087017117,6.110489773514308
BOPHIZ_clean,BOPHIZ,5.241209983825684,6.907509803771973,1.236192023696099,1230.9000244140625,1.2361799478530884,5.24,6.91,1230.88,1.24,5.24121,6.90751,6.77761,1.236192054195165,1526.96,0.343315698,0.4244,4.43,0.49,1.1,15.93,27.58,15.5,4.4784275387,0.0049243644,0.259033,15.90308845665329,11.81562774025935
BUKMUQ01_clean,BUKMUQ,4.738379955291748,5.9011101722717285,0.8534754607618558,3436.93994140625,0.8535119891166687,4.74,5.9,3436.94,0.85,4.73838,5.90111,5.90111,0.853512,3677.02,0.753240728,0.6429,2.97,0.35,0.39,7.42,17.87,14.8,2.9482042384,0.0036061026,0.122659,7.375564055167561,5.995275065012565
BUPVEP_clean,BUPVEP,3.7959399223327637,8.008810043334961,1.70124338963542,932.5640258789062,1.7012399435043335,3.8,8.01,932.65,1.7,,,,1.701243431319108,,,,0.78,0.14,0.16,8.48,20.05,14.9,0.7754677633,0.0011521647,0.145976,8.121371228488607,7.193967597238698
CAGSAG_clean,CAGSAG,5.293079853057861,9.027990341186523,0.9616576637248285,2112.530029296875,0.9616990089416504,5.29,9.03,2112.56,0.96,,,,0.9616576872884897,,,,3.72,0.4,0.63,10.84,23.07,15.0,3.7286214288,0.0040872798,0.604511,10.83508722502584,9.28849520105942
CANROA_clean,CANROA,4.216939926147461,6.939350128173828,0.9443717980437049,1916.8800048828125,0.9443730115890503,4.22,6.94,1916.88,0.94,4.21694,6.93935,6.93935,0.9443713608709442,2333.2,0.481271701,0.4545,4.27,0.57,1.18,15.1,27.09,15.5,4.2645674165,0.0056715869,0.602853,15.09754826762823,10.664595215421
CANRUG_clean,CANRUG,4.92710018157959,6.573209762573242,0.8845653979176721,2031.6500244140625,0.8845670223236084,4.93,6.57,2031.65,0.88,,,,0.8845654196599329,,,,6.86,0.68,1.72,17.69,26.43,14.7,6.8932313132,0.0068245651,0.292854,17.72866530428314,10.32269720841336
CAVPUM_manual,CAVPUM,7.7801899909973145,20.428119659423828,0.4074466128599759,4767.52978515625,0.40745601058006287,7.78,20.43,4767.53,0.41,,,,0.407446622798801,,,,1.45,0.35,0.2,4.02,14.17,18.8,1.4305162312,0.0036117355,0.153561,4.020771512677366,5.707747728331222
CAVREY_clean,CAVREY,5.300539970397949,7.1807098388671875,1.0266091591033477,1915.489990234375,1.0266499519348145,5.3,7.18,1915.49,1.03,5.30054,7.18071,7.16429,1.02665,2171.32,0.491793698,0.5049,4.04,0.57,0.91,11.81,26.13,16.0,4.0521362425,0.0059037072,0.49092,11.82776952943548,9.9656445154321
CAVSUP_clean,CAVSUP,5.46806001663208,6.0305399894714355,1.3783384043176359,803.6630249023438,1.3783400058746338,5.47,6.03,803.58,1.38,,,,1.378339540283385,,,,1.17,0.17,0.18,8.39,19.25,14.6,0.8231209544,0.0012211523,0.092508,7.554991130750968,6.313095640152866
CAWDOU02_clean,CAWDOU,4.9314398765563965,6.9781599044799805,0.9052136430941036,2198.389892578125,0.9052140116691589,4.93,6.98,2198.44,0.91,,,,0.9052136653732125,,,,5.96,0.51,1.29,18.25,25.7,14.3,5.9670629895,0.0052095216,0.357791,18.28174650311193,10.58740694302721
CAXTEC_clean,CAXTEC,5.272600173950195,10.87615966796875,0.8371502085875465,2303.050048828125,0.8371520042419434,5.27,10.88,2302.99,0.84,,,,0.837152316795169,,,,2.72,0.39,0.48,9.22,20.98,14.9,2.716910942,0.0035237917,0.670472,9.228151256265201,8.605355639962687
CAXXEG_clean,CAXXEG,3.859260082244873,6.073249816894531,1.2131893333121468,1172.969970703125,1.213189959526062,3.86,6.07,1172.94,1.21,,,,1.213187314064782,,,,3.46,0.39,0.82,15.24,25.67,14.8,3.4599106426,0.0038595414,0.156558,15.30653376186699,9.549503060065994
CAYQAV_clean,CAYQAV,4.271969795227051,5.979249954223633,1.3965032930088623,1124.8499755859375,1.3964999914169312,4.27,5.98,1124.72,1.4,4.27197,5.97925,5.96859,1.396503327401713,1442.5,0.303616183,0.424,1.13,0.16,0.19,8.04,18.85,14.7,1.1245475628,0.0016033766,0.07166,7.861734787128101,6.233934298095248
CEJBEA_clean,CEJBEA,5.854740142822266,7.330379962921143,1.5751647626261187,492.79901123046875,1.575160026550293,5.85,7.33,492.8,1.58,,,,1.575164801402517,,,,1.21,0.14,0.29,14.23,25.88,15.2,1.1859021645,0.0014170537,0.378612,14.2345293036467,10.72742956789802
CEJZAU_clean,CEJZAU,4.363719940185547,7.190090179443359,1.0398287352627031,1427.0,1.039829969406128,4.36,7.19,1427.0,1.04,4.36372,7.19009,6.93205,1.03983,1728.98,0.377561717,0.3926,5.84,0.75,1.9,18.35,26.68,14.7,5.8542829739,0.0070740826,0.231768,18.34680180174808,9.879202563882615
CIFDOM_clean,CIFDOM,4.032070159912109,5.564050197601318,0.9799775319700144,1834.3299560546875,0.979977011680603,4.03,5.56,1834.35,0.98,4.03207,5.56405,5.56103,0.9799773959607367,2326.37,0.467255864,0.4579,4.91,0.47,0.92,13.5,23.2,14.1,4.9251394395,0.0047326409,0.484163,13.47079583369164,8.61028835950923
CIRTUU_clean,CIRTUU,7.151319980621338,15.602029800415039,0.5837577686755452,4136.10009765625,0.5837579965591431,7.15,15.6,4136.1,0.58,7.15132,15.60203,15.60203,0.583758,4184.1,1.191418362,0.6955,3.15,0.48,0.64,9.07,22.2,15.5,3.1528902301,0.0048562173,0.379867,9.074668457753557,10.17077581002583
CITZIP_manual,CITZIP,6.309810161590576,6.915669918060303,1.4303511495263952,997.4019775390625,1.4303499460220337,6.31,6.92,997.24,1.43,5.87031,6.78993,6.78215,1.42635,1012.17,0.370316,0.5282,2.74,0.3,0.47,11.15,20.97,13.9,0.530050754,0.237175707,0.176522,2.2348442035001503,7.175639277265788
CIVTEH_clean,CIVTEH,4.01708984375,5.3881001472473145,1.0608797149900744,1173.3699951171875,1.0608799457550049,4.02,5.39,1173.35,1.06,4.01709,5.3881,5.3881,1.060879741181707,1760.79,0.334156549,0.3545,4.44,0.47,1.37,20.44,27.06,14.6,4.4066014446,0.0046501847,0.201301,20.46083403644763,9.984415530989619
CIWROQ_clean,CIWROQ,7.671639919281006,8.217880249023438,1.21040318837063,1714.31005859375,1.21042001247406,7.67,8.22,1714.56,1.21,7.67164,8.21789,8.21789,1.21042,1927.99,0.407131409,0.4928,2.96,0.27,0.63,16.11,24.15,14.0,2.9872751156,0.0027846936,0.482525,16.20446247403796,10.64996848191773
CIWYUD_clean,CIWYUD,4.571249961853027,7.105999946594238,1.4121299963128173,944.6170043945312,1.4121299982070923,4.57,7.11,944.59,1.41,4.57125,7.106,7.10384,1.41213,1116.75,0.28481797,0.4022,2.59,0.33,0.55,11.86,22.55,14.4,2.6370452738,0.0032827979,0.225401,11.83277722148941,7.740368451375279
COCMAJ_clean,COCMAJ,8.278149604797363,8.892840385437012,0.8397669872147411,2997.139892578125,0.8398000001907349,8.28,8.89,2997.14,0.84,8.27815,8.89284,8.8249,0.8398,3126.71,0.819004525,0.6878,1.19,0.21,0.18,5.67,17.05,16.5,1.1992745271,0.0022677184,0.230566,5.664884026759946,6.822947233741621
COCNEP_clean,COCNEP,6.563690185546875,10.138319969177246,0.6152064289236567,3852.419921875,0.6152070164680481,6.56,10.14,3852.42,0.62,,,,0.6152064439143329,,,,2.73,0.41,0.44,7.34,18.71,15.2,2.7262529607,0.0042138591,0.225659,7.315654219544592,7.33890059158961
COGNAO_clean,COGNAO,4.701560020446777,5.9883599281311035,1.1357014411599762,1543.530029296875,1.135740041732788,4.7,5.99,1543.53,1.14,4.70156,5.98836,5.95362,1.13574,1784.93,0.353073767,0.401,4.54,0.61,1.19,14.38,23.37,14.0,4.5428968292,0.0063187794,0.095651,14.37945749710643,7.777704874244018
COKPOJ_clean,COKPOJ,10.79185962677002,11.555410385131836,1.1742317366041233,1327.1400146484375,1.1742299795150757,10.79,11.56,1327.07,1.17,10.79186,11.55541,11.54888,1.17425,1429.97,0.498369144,0.5852,1.56,0.23,0.25,6.74,18.14,15.6,1.5221802004,0.0020880219,0.102216,6.580312349189028,6.589697137331678
COKRUR_clean,COKRUR,5.544600009918213,8.84097957611084,0.8856895107599645,2141.89990234375,0.8856890201568604,5.54,8.84,2141.9,0.89,,,,0.8856895323451819,,,,6.14,0.78,1.6,15.49,27.12,15.4,6.1636784148,0.0076244143,0.627593,15.50427855055168,11.25442794640031
CUCSAU_clean,CUCSAU,4.213230133056641,5.575699806213379,0.8403160117645841,1429.0400390625,0.8403220176696777,4.21,5.58,1429.04,0.84,,,,0.8403160325165577,,,,3.78,0.49,0.94,13.86,24.63,14.7,3.7977668667,0.0047587167,0.198629,13.59144454610069,8.238472159736613
CUKZOY_clean,CUKZOY,4.100639820098877,4.832200050354004,1.2701078036293905,923.5,1.270110011100769,4.1,4.83,923.34,1.27,4.10064,4.8322,4.8322,1.270106982875135,1195.87,0.243758415,0.3096,3.74,0.65,1.41,15.74,27.93,15.7,3.7367573194,0.0065108499,0.25372,15.60107990627093,9.117068247420917
CUQSAK_clean,CUQSAK,4.500080108642578,18.30047035217285,0.6726606319115177,2754.139892578125,0.6726610064506531,4.5,18.3,2754.14,0.67,,,,0.6726606483049503,,,,2.39,0.34,0.51,9.84,23.66,15.7,2.3704938978,0.003346669,0.629325,9.826023093313191,10.45030555282217
CUTFUT_charged,CUTFUT,4.49015998840332,6.477250099182129,0.996712694680751,1367.510009765625,0.9967190027236938,4.49,6.48,1367.43,1.0,,,,0.9967111556914368,,,,4.91,0.55,1.47,19.46,28.22,15.3,4.9541131055,0.0053924527,0.296133,19.45515425888015,11.06937235038583
CUWVAT_clean,CUWVAT,4.885809898376465,6.587759971618652,1.330100077337371,987.6329956054688,1.3301000595092773,4.89,6.59,987.6,1.33,,,,1.330100110749748,,,,3.02,0.45,0.85,13.84,23.48,14.2,3.0657602615,0.0046297921,0.205656,13.85343447405295,7.920699382086603
CUXFIL_clean,CUXFIL,4.096889972686768,5.395410060882568,1.2333758919430793,1122.989990234375,1.2333799600601196,4.1,5.4,1122.63,1.23,4.09689,5.39541,5.37407,1.23338,1301.02,0.276638181,0.3259,4.01,0.68,1.7,18.79,28.41,15.4,4.0182856265,0.0069596142,0.381863,18.93169313158167,10.63838955046773
CUYYAX_clean,CUYYAX,3.833669900894165,5.049439907073975,1.1604897269968708,1191.75,1.16048002243042,3.83,5.05,1191.68,1.16,3.83367,5.04944,4.87007,1.160489755771534,1718.28,0.350716945,0.407,5.52,0.85,2.7,24.3,29.43,15.3,5.5364988539,0.0083038604,0.179834,24.3013003419072,10.80261355968158
DACZUF_clean,DACZUF,3.8314199447631836,5.177969932556152,1.3005453838486885,885.4249877929688,1.3005399703979492,3.83,5.18,885.38,1.3,,,,1.30054427184247,,,,3.7,0.47,1.98,31.24,34.73,17.2,3.727865031,0.0045293259,0.994074,31.33675592200035,15.55441929683179
DADLEC_clean,DADLEC,4.957039833068848,6.052599906921387,1.0952313690160558,852.0040283203125,1.095229983329773,4.96,6.05,852.48,1.1,4.95704,6.0526,6.0412,1.09523,1096.15,0.218949444,0.2398,2.15,0.3,0.65,14.38,25.5,15.0,2.1616059519,0.0028850896,0.336601,14.31368909551651,9.795367910657356
DAPHOU_clean,DAPHOU,6.0624098777771,10.962820053100586,0.7855934022395733,3056.760009765625,0.7856259942054749,6.06,10.96,3056.76,0.79,,,,0.7855934213867657,,,,2.57,0.36,0.4,7.47,19.58,15.5,2.5933677041,0.0035993185,0.340199,7.49187219973108,8.195976542267768
DEBWAK_clean,DEBWAK,7.066959857940674,9.51714038848877,1.0541368335809138,1078.8900146484375,1.0541499853134155,7.07,9.52,1077.93,1.05,7.06696,9.51714,9.50601,1.06092,1069.07,0.510876,0.542,2.69,0.25,0.39,9.73,20.25,14.3,2.6454536001,0.0023109353,0.165283,9.70481573995822,7.48480274403023
DEGPEL_charged,DEGPEL,4.217649936676025,7.73960018157959,1.4277042183438393,1141.219970703125,1.4277000427246094,4.22,7.74,1141.94,1.43,,,,1.427704253475955,,,,2.04,0.25,0.32,8.88,20.23,14.7,2.0380700383,0.0023866726,0.082141,8.782647536179141,6.989733623887048
DEJRUH_clean,DEJRUH,3.7802700996398926,4.983449935913086,1.030445582496374,1331.8699951171875,1.0304499864578247,3.78,4.98,1331.39,1.03,3.78027,4.98345,4.98096,1.030445016664712,1851.16,0.36906206,0.3803,4.93,0.59,1.46,17.36,26.18,14.7,4.9831912761,0.0059491326,0.165017,17.31608938368204,9.198688712630226
DIYTEM_clean,DIYTEM,3.8562099933624268,5.54341983795166,1.2719720921111108,1177.3900146484375,1.2719600200653076,3.86,5.54,1177.25,1.27,3.85621,5.54342,5.5369,1.27196,1504.9,0.291518601,0.3708,4.2,0.52,1.44,20.05,27.03,14.7,4.2063426147,0.0052144127,0.201296,20.05399934052782,9.873197301059424
DOPHOH_clean,DOPHOH,5.640860080718994,12.12576961517334,0.9854092861161928,1430.31005859375,0.9854090213775635,5.64,12.13,1430.31,0.99,5.6631,12.12821,10.42752,0.985403,1428.54,0.669168,0.6594,1.72,0.23,0.25,7.03,18.79,15.6,1.6937724816,0.002379665,0.202862,7.037030327234799,7.32585208516179
DOTFID_clean,DOTFID,5.761290073394775,9.229880332946777,0.7972351701471881,2238.659912109375,0.7972350120544434,5.76,9.23,2238.66,0.8,5.76129,9.22988,9.22988,0.7972351896015628,2533.55,0.587906953,0.4687,4.17,0.46,0.82,11.49,24.69,15.5,4.1796140821,0.0046627943,0.325242,11.4718895643495,10.53494304339105
DUFGOB_clean,DUFGOB,7.817609786987305,8.446160316467285,1.1206708938507515,1300.5899658203125,1.1206899881362915,7.82,8.45,1300.55,1.12,,,,1.120666331770059,,,,0.69,0.1,0.12,7.61,20.97,16.0,0.6819746237,0.001013645,0.301026,7.617656145305625,9.418263273955754
DUJRAD_clean,DUJRAD,5.323150157928467,6.162280082702637,1.3753160375567512,1158.7900390625,1.375349998474121,5.32,6.16,1159.51,1.38,,,,1.375316071566165,,,,3.05,0.34,0.63,12.53,22.07,13.9,3.146941711,0.0035263863,0.131546,12.38935291443635,7.626447811479641
DUNXUH21_clean,DUNXUH,3.9587900638580322,5.07682991027832,1.2033058373632912,1545.75,1.2033699750900269,3.96,5.07,1545.75,1.2,3.95879,5.07683,4.81355,1.203305867365264,2036.27,0.397633313,0.4785,4.77,0.5,1.25,17.32,24.76,14.0,4.896731189,0.0052765756,0.212556,17.57408963168944,8.858779578205056
DUWGEJ_clean,DUWGEJ,5.446720123291016,6.482830047607422,1.23973661701593,1540.800048828125,1.2397300004959106,5.45,6.48,1540.8,1.24,5.44672,6.48283,6.47851,1.239736647588628,1849.96,0.390326926,0.4839,2.56,0.32,0.55,12.27,24.19,15.0,2.5965607767,0.0030116114,0.292382,12.2204506400053,9.542480036383733
DUWSAR_clean,DUWSAR,4.2507100105285645,5.892240047454834,0.9155250220116866,2379.4599609375,0.9155259728431702,4.25,5.89,2379.46,0.92,4.25071,5.89224,5.89224,0.915526,2979.16,0.606099663,0.5549,0.85,0.15,0.12,5.47,16.0,16.3,0.8539891541,0.0015421144,0.059045,5.435565431923536,5.284443901069979
ECODIK_clean,ECODIK,4.01377010345459,4.798570156097412,1.1998091452341473,1584.4100341796875,1.1998100280761719,4.01,4.8,1584.41,1.2,4.01377,4.79857,4.75701,1.19981,1996.75,0.394645819,0.4735,5.17,0.55,1.55,20.58,25.93,14.1,5.1882321818,0.0055979455,0.124441,20.66326906804508,9.334976708014455
ECOLEP_clean,ECOLEP,10.917929649353027,11.639690399169922,0.4072322170758365,4465.52001953125,0.40723198652267456,10.92,11.64,4465.52,0.41,,,,0.4072318291264095,,,,0.52,0.22,0.08,2.43,9.85,25.0,0.5220344917,0.0021367601,0.119986,2.432814883609483,3.604899155542768
EJOQUR_clean,EJOQUR,5.105179786682129,11.951939582824707,0.9265521762022724,2044.8599853515625,0.9265519976615906,5.11,11.95,2044.86,0.93,,,,0.9265521988234067,,,,2.28,0.32,0.46,9.32,21.31,15.0,2.2502852406,0.0033194145,0.196588,9.260620012014936,8.135122620922926
ELIKIU_clean,ELIKIU,3.7530999183654785,4.971240043640137,1.5481640980993565,725.3369750976562,1.5481599569320679,3.76,4.97,725.69,1.55,3.7531,4.97124,4.97064,1.54816,964.7,0.214254341,0.3317,3.1,0.48,1.47,22.71,28.08,14.8,3.123044522,0.0047616585,0.270709,22.88780136996146,10.16325281653083
EMIYUW_clean,EMIYUW,7.981880187988281,10.62090015411377,0.6980117492577651,3324.39990234375,0.6980119943618774,7.98,10.62,3324.4,0.7,7.98188,10.6209,10.6209,0.69801,3441.9,0.953708532,0.6657,3.07,0.44,0.52,8.21,20.02,15.1,3.0689123195,0.0044966067,0.282417,8.240139596117238,7.972646666506334
EMIZAD_clean,EMIZAD,34.51057052612305,35.58882141113281,0.38218444002247765,3737.010009765625,0.3821839988231659,34.51,35.59,3737.01,0.38,34.51069,35.58882,35.55608,0.382184,3800.76,2.151319783,0.8222,1.7,0.35,0.24,4.5,15.08,17.9,1.6960575611,0.0035150363,0.167029,4.501501722430477,6.380306098795691
ENCDBZ01_clean,ENCDBZ,3.9115800857543945,4.960879802703857,1.3322759616651472,1329.43994140625,1.332260012626648,3.91,4.96,1329.42,1.33,,,,1.332275995357788,,,,5.58,0.56,2.12,26.79,27.96,14.4,5.577165723,0.0056388011,0.288687,26.86937167188605,10.25034104350223
ENESUN_clean,ENESUN,5.497829914093018,8.3512601852417,0.6266926873617924,3869.2900390625,0.626691997051239,5.5,8.35,3869.29,0.63,,,,0.6266924424894323,,,,2.72,0.39,0.38,6.57,17.67,15.6,2.6974559441,0.0039220379,0.248195,6.586156010120168,6.730321335551878
ENITEB_clean,ENITEB,5.252389907836914,7.976500034332275,0.9094540284032985,2352.02001953125,0.9094489812850952,5.25,7.98,2352.02,0.91,5.25239,7.9765,7.9026,0.9094540507285905,2641.79,0.613778233,0.5582,4.17,0.44,0.69,10.91,22.55,14.7,4.1788468358,0.0042412729,0.264313,10.91143293853983,8.713233251579727
ENOVAG_clean,ENOVAG,9.51593017578125,10.239830017089844,1.2950592953095128,1140.6400146484375,1.295050024986267,9.52,10.24,1140.6,1.3,,,,1.29505932699965,,,,1.11,0.16,0.17,7.09,18.87,15.5,1.0920575391,0.0015788457,0.209628,7.089870213020633,7.309760903997663
EQERIC_clean,EQERIC,5.10575008392334,5.653079986572266,1.0835701657406893,1330.510009765625,1.0835700035095215,5.11,5.65,1330.5,1.08,5.10575,5.65308,5.50654,1.08357,1593.18,0.376440839,0.4079,5.76,1.17,2.78,18.95,26.49,14.6,1.689211237,0.467828141,0.142705,3.6107516606188943,9.083069542725138
EREFEN01_SL,EREFEN,3.8656599521636963,5.004159927368164,1.1368006631684033,1104.0699462890625,1.1368299722671509,3.87,5.0,1104.08,1.14,,,,1.136800691319618,,,,5.38,1.01,2.89,22.97,29.93,15.6,5.4072606747,0.0100866788,0.593525,22.97889538407085,10.74264567227459
EREGOY_clean,EREGOY,5.254940032958984,7.330470085144043,0.8795590168065698,2730.159912109375,0.8795530200004578,5.25,7.33,2730.16,0.88,,,,0.8795590383592364,,,,4.44,0.45,0.63,9.43,20.44,14.5,4.4438821306,0.0045044799,0.191459,9.430270514717815,7.464722293539381
ESANET_clean,ESANET,6.08735990524292,7.692090034484863,1.8023231672251454,637.1060180664062,1.8023200035095215,6.09,7.69,637.28,1.8,6.08736,7.69209,7.69209,1.80226,766.2,0.170336011,0.307,1.38,0.12,0.21,11.17,23.02,14.8,1.3711868137,0.0011313931,0.383467,11.18316011255686,9.124542003378467
ESUSOC_clean,ESUSOC,5.765530109405518,7.055429935455322,1.364441554915169,1053.75,1.3644399642944336,5.77,7.06,1053.59,1.36,5.76553,7.05543,7.05417,1.36801,1249.13,0.31727302,0.4329,3.65,0.41,0.76,13.36,22.63,13.9,3.6766003331,0.0039882294,0.085664,13.36194835670678,7.909449178951778
ESUTAP_clean,ESUTAP,6.3313398361206055,7.124450206756592,1.373475444141834,1051.6400146484375,1.3734699487686157,6.33,7.12,1051.39,1.37,6.33134,7.12445,7.12445,1.37347,1235.05,0.318099412,0.4369,3.82,0.42,0.81,13.66,22.58,13.8,3.8469729416,0.0041037421,0.168746,13.68252213243935,7.933914090810948
ETEJOD_clean,ETEJOD,5.1146697998046875,6.806779861450195,1.1277114323284074,1978.699951171875,1.127709984779358,5.11,6.81,1978.68,1.13,5.11467,6.80678,6.80678,1.127711460626141,2277.05,0.517154233,0.5832,3.32,0.37,0.51,9.76,20.14,14.2,3.3579605618,0.0035353388,0.310532,9.75931024828215,7.161668193487975
ETEPID_clean,ETEPID,3.9539499282836914,6.176720142364502,1.105374663438822,1156.469970703125,1.105370044708252,3.95,6.18,1156.78,1.11,,,,1.105374865262059,,,,5.58,1.69,2.33,15.3,31.87,17.6,5.6909325199,0.0170284125,0.464374,15.2745340708904,11.51162016763406
EVAKOB_charged,EVAKOB,3.9234800338745117,13.108409881591797,0.8063982578689699,2137.6201171875,0.8063979744911194,3.92,13.11,2137.62,0.81,,,,0.8063982776246755,,,,4.77,0.6,1.33,15.92,29.19,16.3,4.7721436442,0.0061372372,0.423349,15.93773784114558,12.69068574690764
EWUKAK_clean,EWUKAK,6.820940017700195,8.066780090332031,1.1127411892809735,1780.6199951171875,1.112779974937439,6.82,8.07,1780.62,1.11,6.82094,8.06678,8.05126,1.112740868300139,2096.57,0.455615665,0.507,2.85,0.29,0.38,8.6,19.46,14.6,2.8781245704,0.0031011395,0.098159,8.595094236676987,6.694627751594716
EXALAR_clean,EXALAR,4.142560005187988,8.27068042755127,0.8191368370136092,1894.6800537109375,0.8191360235214233,4.14,8.27,1894.68,0.82,,,,0.8191361177998364,,,,3.84,0.33,0.5,10.33,21.72,14.6,3.8671524064,0.0031451959,0.268146,10.22262445106783,8.562174883392828
EYACOX_clean,EYACOX,5.87214994430542,8.143610000610352,0.9619632338050188,2567.06005859375,0.9619629979133606,5.87,8.14,2567.06,0.96,,,,0.9619632573857938,,,,2.92,0.36,0.44,8.22,19.17,14.7,2.8760674136,0.0036926576,0.169897,8.20832905838204,7.019236712544668
EYOCIG_clean,EYOCIG,5.892119884490967,8.27418041229248,0.9224333102688999,2635.510009765625,0.9224330186843872,5.89,8.27,2635.51,0.92,,,,0.9224333328003049,,,,2.51,0.33,0.35,7.14,18.2,15.2,2.4473561919,0.0033856885,0.127558,7.143885799678733,6.666119636202986
EZABEN_clean,EZABEN,3.7523300647735596,5.228089809417725,1.8093257203474675,804.9730224609375,1.8093299865722656,3.75,5.23,805.16,1.81,3.75233,5.22809,5.19001,1.809325765918683,1075.31,0.237767571,0.4302,2.63,0.32,0.75,16.82,25.39,14.4,2.6255689226,0.0032467364,0.138164,16.81846376509982,8.940726412311125
EZIPEK_clean,EZIPEK,4.200699806213379,8.586259841918945,1.516022664536101,1102.6800537109375,1.5160200595855713,4.2,8.59,1102.7,1.52,,,,1.516022701592996,,,,2.59,0.32,0.61,13.74,23.07,14.0,2.5926084333,0.0031765696,0.169248,13.70565172614131,8.226056576282096
EZUCIM_clean,EZUCIM,4.4232401847839355,5.2709197998046875,1.002891376864425,1776.1099853515625,1.0029200315475464,4.42,5.27,1776.08,1.0,4.42324,5.27092,5.21472,1.00292,2320.7,0.469828102,0.4712,6.08,0.76,1.81,17.41,25.65,14.4,6.1134875936,0.0074079813,0.187415,17.43969937179941,8.812860648550632
FAFMAC_clean,FAFMAC,5.390860080718994,6.816120147705078,1.2626696225729601,922.6510009765625,1.2626899480819702,5.39,6.82,922.94,1.26,5.38701,6.82526,6.81439,1.26269,941.198,0.43352,0.5474,2.96,0.27,0.49,13.01,21.86,13.7,2.9731917745,0.002619921,0.077014,13.01604242372793,7.637115823223535
FAFQEJ01_clean,FAFQEJ,4.22376012802124,6.373889923095703,1.4626453517542448,1521.43994140625,1.462649941444397,4.22,6.37,1521.21,1.46,4.22376,6.37389,5.90055,1.462645387637541,2003.21,0.379653369,0.5553,1.09,0.14,0.17,7.56,18.84,15.1,1.0651458587,0.0013612037,0.100007,7.395126529626024,6.386834413496706
FAKMAH_clean,FAKMAH,7.6757001876831055,8.514739990234375,0.7569088309451762,2281.31005859375,0.7569090127944946,7.68,8.51,2281.35,0.76,,,,0.756908757414426,,,,3.83,0.43,0.55,8.71,19.8,14.6,3.8349929602,0.0041372237,0.195582,8.705831968258016,7.274353187524047
FALVOF_clean,FALVOF,4.520299911499023,6.657559871673584,1.3937351995432732,1211.030029296875,1.3937400579452515,4.52,6.66,1211.03,1.39,,,,1.393736150154716,,,,0.93,0.17,0.15,6.94,18.89,15.7,0.6378549492,0.0009699493,0.165768,6.524906968666981,7.524704583558774
FAPXOM_clean,FAPXOM,7.079539775848389,7.225580215454102,1.1298460102192462,1414.3900146484375,1.1298500299453735,7.08,7.23,1414.39,1.13,7.07954,7.22558,7.22145,1.12985,1655.51,0.435190512,0.4917,5.95,0.49,1.03,14.3,22.19,13.5,0.565040098,0.376094188,0.258331,1.502389869422816,7.989694244913338
FARFUA_clean,FARFUA,5.998849868774414,8.433050155639648,1.3751183547600967,1205.8399658203125,1.3751399517059326,6.0,8.43,1205.75,1.38,5.99885,8.43305,8.43305,1.37515,1377.18,0.326730369,0.4493,1.44,0.17,0.2,8.16,19.14,14.7,1.407704086,0.0017517895,0.103839,8.166725649857097,7.020371009371594
FAYPOM_clean,FAYPOM,7.340320110321045,8.337340354919434,0.8889199313668531,1992.1600341796875,0.8889449834823608,7.34,8.34,1992.16,0.89,,,,0.8889199531428815,,,,3.03,0.34,0.49,9.45,21.1,14.8,2.9469486221,0.0032656949,0.28711,9.450250201701923,8.123368184039867
FAYQAZ_clean,FAYQAZ,5.378290176391602,13.250920295715332,0.797017499361543,1986.4100341796875,0.7970389723777771,5.38,13.25,1986.41,0.8,,,,0.7970175188184642,,,,2.32,0.3,0.42,8.66,20.57,15.0,2.2824364983,0.0029253677,0.09568,8.656712766740466,8.415673954868073
FECJUT_clean,FECJUT,4.888850212097168,8.208829879760742,0.9027666038782064,2013.6800537109375,0.9027929902076721,4.89,8.21,2013.68,0.9,,,,0.9027666258842199,,,,2.98,0.34,0.57,11.43,22.99,14.7,2.9729660772,0.0033307977,0.236318,11.42627631865713,9.104286910955752
FEWXIQ_clean,FEWXIQ,7.463059902191162,17.350419998168945,0.482887889574083,4678.25,0.48290500044822693,7.46,17.35,4678.25,0.48,,,,0.4828879013390271,,,,2.17,0.38,0.3,5.25,15.7,16.6,2.1733023575,0.003624131,0.09824,5.252153606471386,6.131706137759588
FEYJID_clean,FEYJID,4.282010078430176,11.05010986328125,1.287630438886959,1308.0699462890625,1.2876299619674683,4.28,11.05,1308.07,1.29,4.2719,11.04651,10.96461,1.28763,1303.72,0.482902,0.6218,2.64,0.28,0.38,9.18,19.91,14.4,2.6485200388,0.0027891258,0.062533,9.15570233663016,7.30115976754082
FIBKEI_clean,FIBKEI,6.958829879760742,12.33456039428711,0.7082515794275218,3211.969970703125,0.7082520127296448,6.96,12.33,3211.97,0.71,6.95883,12.33456,12.32864,0.7082515967167761,3500.77,0.967875841,0.6855,2.9,0.46,0.65,9.99,24.25,15.9,2.9022121734,0.0046725086,0.531844,10.04405852009695,11.1803801151124
FIHFAF_clean,FIHFAF,4.367539882659912,6.245580196380615,1.2121434404263736,1247.6500244140625,1.2121399641036987,4.37,6.24,1247.76,1.21,4.36754,6.24558,6.24558,1.21214,1576.45,0.355074496,0.4304,3.47,0.43,0.81,13.17,23.09,14.2,3.4694418552,0.0044634676,0.177543,13.1686367213537,7.858594696850089
FIJDIM09_clean,FIJDIM,5.235660076141357,6.0442399978637695,1.2203722986293135,1095.0999755859375,1.2203700542449951,5.24,6.04,1095.09,1.22,5.23566,6.04424,6.04424,1.220372083894186,1401.74,0.3330957,0.4065,3.9,0.49,1.03,14.77,23.46,13.9,3.9480347175,0.0050850127,0.239921,14.982496761556,8.262324605281835
FIJFOU_clean,FIJFOU,4.599599838256836,6.85299015045166,1.412540454656705,805.3839721679688,1.4125299453735352,4.6,6.85,805.4,1.41,,,,1.412540489767008,,,,3.39,0.53,1.16,16.85,27.95,15.5,3.3940347033,0.0052394747,0.31076,16.85871495246508,10.41680238915614
FIJXUR_clean,FIJXUR,4.721020221710205,7.391079902648926,1.5001990146535642,728.7490234375,1.5002000331878662,4.72,7.39,728.77,1.5,,,,1.500199051378719,,,,0.51,0.08,0.08,7.75,21.05,15.9,0.4910176222,0.0007269887,0.280218,7.718856296783282,8.490385342313358
FIVYEP_clean,FIVYEP,4.73330020904541,5.698939800262451,2.033299262417236,614.0919799804688,2.0332999229431152,4.73,5.7,614.09,2.03,,,,2.033298583318125,,,,0.5,0.09,0.11,7.25,18.83,15.4,0.4738848456,0.0008033898,0.06844,6.793696278239315,5.864733776068897
FIXVUE_clean,FIXVUE,6.737030029296875,10.802189826965332,1.6053580363498707,1084.3399658203125,1.605389952659607,6.74,10.8,1084.34,1.61,,,,1.60535837276055,,,,0.14,0.08,0.03,3.36,13.28,20.9,0.1184384726,0.0004343799,0.126835,2.918423005706825,3.861600104568417
FOKYEL_clean,FOKYEL,8.561059951782227,8.89680004119873,1.1907448903549709,825.6060180664062,1.190750002861023,8.56,8.9,825.64,1.19,,,,1.190745795632843,,,,3.48,0.56,1.13,15.79,32.05,17.6,3.5004391609,0.0056707276,0.878561,15.79541944891604,14.32936473512083
FOQNOQ02_clean,FOQNOQ,4.68209981918335,5.773320198059082,1.3719652249510272,786.06201171875,1.3719700574874878,4.68,5.77,786.63,1.37,,,,1.371965258641487,,,,2.33,0.36,0.75,15.05,29.73,16.7,2.3142704174,0.0036418851,0.860241,15.25354676536697,11.47915821580182
FURQOZ01_ion_b,FURQOZ,8.433090209960938,9.284250259399414,1.3760993916046993,796.864990234375,1.3760900497436523,8.43,9.28,796.8,1.38,,,,1.376094637097423,,,,0.67,0.09,0.11,8.2,22.07,16.0,0.6742081631,0.0008846031,0.535426,8.135586397696375,9.369701527420935
FUSNAJ_clean,FUSNAJ,9.875650405883789,10.834699630737305,1.0023978993704885,1659.449951171875,1.0024000406265259,9.88,10.83,1659.45,1.0,9.87565,10.83471,10.83471,1.002397237471476,1822.99,0.479948125,0.4811,1.24,0.18,0.21,7.62,21.73,16.3,1.2369637682,0.0017832936,0.167792,7.63229473346892,8.50009249941791
FUTDII_clean,FUTDII,8.608369827270508,10.106220245361328,0.8716325622241587,1745.280029296875,0.8716319799423218,8.61,10.11,1745.39,0.87,8.60837,10.10622,10.10622,0.8716325836930948,1919.52,0.597270408,0.5206,2.2,0.29,0.36,8.42,20.42,15.1,2.2048225277,0.0028631812,0.362932,8.407832878725463,8.214458404674716
FUTYOK_clean,FUTYOK,4.822850227355957,6.015399932861328,1.0262271164956602,1820.050048828125,1.0262600183486938,4.82,6.01,1820.05,1.03,4.82285,6.0154,5.99433,1.026227142061846,2368.56,0.514099741,0.5276,4.12,0.42,0.69,10.99,20.84,13.9,4.1619127354,0.0041458898,0.190221,10.98368211497428,7.012823852497652
GAHSEQ_clean,GAHSEQ,8.895509719848633,9.128060340881348,1.0486049405393953,1114.8299560546875,1.048609972000122,8.9,9.13,1114.55,1.05,,,,1.048605437544216,,,,1.34,0.17,0.28,8.4,21.23,15.5,1.2537470933,0.0015696571,0.436655,8.357648296866309,8.971018923044836
GAJZAU_clean,GAJZAU,4.302340030670166,4.801080226898193,1.516236254832444,754.323974609375,1.5162400007247925,4.3,4.8,755.08,1.52,4.30234,4.80108,4.80108,1.51624,995.839,0.213290772,0.3234,1.45,0.17,0.28,11.22,22.35,14.5,1.4485155541,0.0016081673,0.265866,11.06463705787809,7.854859735925901
GAJZOI_clean,GAJZOI,4.224309921264648,4.760429859161377,1.6231025902811065,702.6729736328125,1.6231000423431396,4.23,4.76,702.65,1.62,4.22431,4.76043,4.76043,1.6231,932.42,0.195428501,0.3172,1.61,0.18,0.32,12.61,23.31,14.5,1.6059821653,0.001632917,0.210375,12.48407157731499,8.263853101031424
GATQIE_clean,GATQIE,6.5785298347473145,8.122770309448242,0.814421679497875,3305.60009765625,0.8144220113754272,6.58,8.12,3305.6,0.81,,,,0.8144216993544028,,,,3.25,0.42,0.56,9.2,20.71,14.8,3.265485806,0.0041708503,0.273166,9.234589362059024,8.303411073771883
GAXKOH_clean,GAXKOH,8.86104965209961,9.78617000579834,0.9599407620257842,1763.0,0.9599350094795227,8.86,9.79,1763.03,0.96,,,,0.9599406016235538,,,,2.88,0.36,0.52,9.82,20.67,14.4,2.8803525286,0.0035271823,0.245353,9.816597750292717,7.614401796514933
GAZZIS03_charged,GAZZIS,7.959400177001953,11.217129707336426,0.7086324467059719,2646.0,0.7086319923400879,7.96,11.22,2646.0,0.71,,,,0.7086324640537177,,,,3.23,0.41,0.51,8.5,20.39,15.1,3.2489832517,0.0042205766,0.30942,8.512839595039708,8.280874323644392
GEDDEA_clean,GEDDEA,3.8158199787139893,10.135910034179688,1.2971742356666867,1234.260009765625,1.2972099781036377,3.82,10.14,1234.26,1.3,3.81582,10.13591,10.13591,1.29721,1456.11,0.34705252,0.4502,1.78,0.25,0.45,12.5,26.34,15.9,1.7852256318,0.0025105227,0.540177,12.69103569312514,11.24556449644594
GERNOI_clean,GERNOI,3.808180093765259,6.938920021057129,1.0598048635701989,1202.050048828125,1.0598200559616089,3.81,6.94,1201.99,1.06,3.80818,6.93892,6.45255,1.05982,1522.41,0.326942311,0.3465,4.91,0.48,1.4,20.88,26.44,14.3,4.9632114503,0.004806925,0.337636,20.87931607493796,10.27271265353649
GIJXAA_clean,GIJXAA,7.925960063934326,10.594619750976562,0.9903847578137751,1778.1600341796875,0.9904080033302307,7.93,10.59,1778.16,0.99,,,,0.9903847820961283,,,,9.21,1.05,2.82,19.88,26.98,14.7,9.2063996954,0.0104150818,0.441878,19.94340488417835,10.46608026316344
GIQXUA_clean,GIQXUA,3.868690013885498,4.893159866333008,1.7929777172182106,913.52197265625,1.7929799556732178,3.87,4.89,913.66,1.79,3.86869,4.89316,4.89316,1.79297,1217.71,0.249696037,0.4477,1.69,0.17,0.33,11.54,22.42,14.4,1.5495693082,0.0016502006,0.17848,10.86867070910136,7.718195972086727
GIQYEL_clean,GIQYEL,3.9560298919677734,5.0496602058410645,1.6910870059098866,974.1920166015625,1.6910899877548218,3.96,5.05,973.52,1.69,3.95603,5.04966,5.04927,1.69108,1297.95,0.26675103,0.4511,1.4,0.17,0.24,9.9,21.41,14.7,1.2712954615,0.0015006882,0.107874,9.159945341028077,7.275564855089282
GIQYUB_clean,GIQYUB,3.8575599193573,4.85876989364624,1.807351534221158,905.6539916992188,1.8073500394821167,3.86,4.86,906.06,1.81,3.85756,4.85877,4.85723,1.80735,1208.95,0.247378759,0.4471,1.73,0.17,0.33,12.02,22.48,14.3,1.5892203935,0.0016411452,0.046524,11.34110239363197,7.81477555327546
GIVHIC_clean,GIVHIC,4.1491498947143555,5.682559967041016,1.015209616158804,1295.4100341796875,1.0152499675750732,4.15,5.68,1295.58,1.02,4.14915,5.68256,5.67922,1.01526,1783.19,0.345038168,0.3503,5.97,1.41,3.3,17.9,30.97,16.7,6.0251732967,0.0140427657,0.249579,17.91531882919604,10.75686738176781
GIWCOF_ion_b,GIWCOF,4.185359954833984,6.18602991104126,1.094858389931753,1710.030029296875,1.094849944114685,4.19,6.19,1710.03,1.09,,,,1.094855881958262,,,,5.18,0.45,1.05,16.2,26.26,14.9,5.1882569209,0.0044810715,0.274231,16.19886779221858,10.59143283854358
GOGWEF_clean,GOGWEF,4.17002010345459,4.598750114440918,0.9994657597650818,2127.43994140625,0.9995009899139404,4.17,4.6,2127.43,1.0,4.17002,4.59875,4.59043,1.02341,2456.99,0.518858911,0.5186,5.0,0.52,0.99,12.62,22.44,14.1,5.151105169,0.0052104883,0.153746,12.67335439687013,7.739055812025983
GOSKEG_clean,GOSKEG,5.214250087738037,7.100019931793213,0.9431701941212846,1860.4000244140625,0.9431930184364319,5.21,7.1,1860.4,0.94,5.21425,7.10002,6.59335,0.943193,2271.76,0.475088344,0.4481,5.9,0.79,1.78,16.15,25.82,14.7,5.957532044,0.0079055246,0.270936,16.11555085069984,9.784324149145903
GOZNEQ_clean,GOZNEQ,4.278830051422119,6.099709987640381,0.9472054003881012,2399.590087890625,0.9472050070762634,4.28,6.1,2399.59,0.95,,,,0.9472053405314423,,,,2.6,0.25,0.42,11.59,21.53,14.0,2.6115234713,0.0024588657,0.176851,11.54801022305123,8.606662956925302
GUNZIA_clean,GUNZIA,4.3048200607299805,5.834750175476074,1.2153064028308094,688.6010131835938,1.2152999639511108,4.3,5.83,688.72,1.22,4.30482,5.83475,5.82509,1.2153,1252.47,0.231300913,0.2811,4.48,0.81,2.1,22.15,32.64,16.9,0.842712195,0.239147989,0.56402,3.5238105012875525,13.49019191111044
GUPBOJ03_clean,GUPBOJ,8.001629829406738,20.79846954345703,0.806570549953315,2078.1298828125,0.8065620064735413,8.0,20.8,2078.13,0.81,3.89957,5.55432,5.54907,1.53742,294.602,0.313641,0.4822,2.41,0.31,0.42,9.14,21.77,15.3,2.4115662726,0.002926899,0.276063,9.131899087929249,9.391662098059117
HABQUY_clean,HABQUY,12.088299751281738,25.715309143066406,0.2894519086396782,5688.6201171875,0.2894519865512848,12.09,25.72,5688.62,0.29,12.0883,25.71531,17.29858,0.289452,5631.08,2.93416525,0.8493,1.47,0.38,0.24,4.23,16.5,19.2,1.4757544153,0.0038083198,0.303415,4.226884457749591,8.644122508363159
HAFVUH_SL,HAFVUH,7.140369892120361,7.261109828948975,0.9486149143047011,1751.3399658203125,0.9486150145530701,7.14,7.26,1751.37,0.95,7.14037,7.26111,7.26111,0.948615,2007.38,0.514012534,0.4876,7.11,0.59,1.24,14.31,22.69,13.7,7.5718460319,0.0056893505,0.18462,14.58512019821061,8.548803289698823
HAHPIQ_charged,HAHPIQ,8.624119758605957,9.537819862365723,1.5928218463901336,387.9100036621094,1.5928200483322144,8.62,9.54,387.91,1.59,,,,1.592820810389334,,,,0.31,0.05,0.06,5.65,16.85,16.4,0.2974722909,0.0004684395,0.061711,5.648556536677461,5.812891662305853
HALQUJ_clean,HALQUJ,4.111710071563721,5.832709789276123,0.7750567502436791,2905.800048828125,0.7750570178031921,4.11,5.83,2905.8,0.78,4.11171,5.83271,5.82021,0.775057,3745.55,0.714657116,0.5539,6.17,0.54,1.15,14.74,23.76,14.1,6.1799775921,0.0054042336,0.100672,14.75809679809445,9.432460580886232
HAQKES_clean,HAQKES,5.841350078582764,7.183650016784668,1.2627514796945896,1518.7099609375,1.2627400159835815,5.84,7.18,1518.7,1.26,,,,1.262751510502287,,,,1.8,0.21,0.31,10.06,22.34,15.0,1.7833209841,0.0019661678,0.221765,10.06969475685918,9.10590182932196
HATZOS02_clean,HATZOS,4.08050012588501,4.857600212097168,1.317287210520455,842.3740234375,1.31728994846344,4.08,4.86,842.1,1.32,4.0805,4.8576,4.8576,1.317286340991085,1303.97,0.255828253,0.337,2.62,0.31,0.78,17.59,25.89,14.5,2.6277425532,0.0031148195,0.150542,17.57800625180579,8.884530658655155
HAXNOJ_clean,HAXNOJ,4.531479835510254,6.09414005279541,1.226825910837198,1841.5699462890625,1.2267999649047852,4.53,6.09,1841.57,1.23,,,,1.226825941039567,,,,0.7,0.15,0.11,5.29,16.46,16.9,0.7080392266,0.0013938778,0.070477,5.203017916107184,5.338631995418361
HEDBOJ_clean,HEDBOJ,4.553030014038086,6.126689910888672,2.2591359191082754,693.2319946289062,2.2591400146484375,4.55,6.13,693.83,2.26,,,,2.259136394862535,,,,0.75,0.18,0.22,8.06,19.11,14.8,0.2896240403,0.000529281,0.172638,5.663836518036666,6.250625012534412
HEHCOO_clean,HEHCOO,7.846479892730713,9.665740013122559,0.8683355712404549,2177.919921875,0.8683350086212158,7.85,9.67,2177.92,0.87,,,,0.8683353922633799,,,,0.95,0.17,0.14,5.88,18.22,16.7,0.946774143,0.0017505504,0.234555,5.882063074526871,7.792599824783425
HIFGEK_clean,HIFGEK,5.14447021484375,6.305540084838867,1.3175504351706535,1286.5699462890625,1.317579984664917,5.14,6.31,1286.71,1.32,,,,1.317550467388906,,,,2.46,0.31,0.56,12.99,25.68,15.4,2.4738994913,0.0031046552,0.2988,13.00886098302758,9.738069976596933
HIFTOG_clean,HIFTOG,4.140659809112549,7.95890998840332,1.1657582687556953,1627.969970703125,1.1658200025558472,4.14,7.96,1627.97,1.17,4.14066,7.95891,7.95891,1.15793,2086.67,0.404522139,0.4716,4.25,0.38,0.86,16.06,25.43,14.6,4.2788441995,0.0037703895,0.21244,16.09198877417757,10.08841757059045
HIHGAI_clean,HIHGAI,5.671969890594482,10.556139945983887,1.0079044154194097,1701.5400390625,1.0079100131988525,5.67,10.56,1701.5,1.01,5.67197,10.55614,10.5437,1.007904440101038,1946.76,0.509172446,0.5067,3.83,0.42,0.74,12.43,23.87,14.8,3.7756822166,0.0042420894,0.275143,12.45529194319998,9.662732137450913
HIQWOV_clean,HIQWOV,5.103340148925781,6.761030197143555,1.076963572581971,1802.6600341796875,1.0769599676132202,5.1,6.76,1802.66,1.08,,,,1.076963962157775,,,,3.6,0.39,0.71,12.83,23.62,14.5,3.5511947886,0.0038996654,0.177834,12.6736485871891,8.990616592168019
HOWPOZ_clean,HOWPOZ,5.987360000610352,7.215129852294922,1.2798955138025534,1175.5,1.2798800468444824,5.99,7.22,1175.26,1.28,5.98736,7.21513,7.21361,1.27988,1386.66,0.342297715,0.4381,3.94,0.35,0.61,11.88,21.77,14.0,3.9387319441,0.0034094609,0.177405,11.82257348435561,7.79929227139127
HOWSAP_clean,HOWSAP,4.615960121154785,6.717510223388672,1.1555873399651775,1445.9000244140625,1.1555900573730469,4.62,6.72,1445.9,1.16,4.61596,6.71751,6.71751,1.15559,1708.4,0.364142992,0.4208,3.05,0.35,0.56,11.07,22.49,14.6,3.0867385336,0.0036238567,0.311128,10.96329400144176,8.06600869843276
HOXJIO_charged,HOXJIO,4.734109878540039,6.554689884185791,1.1661767103342089,1387.3199462890625,1.1662100553512573,4.73,6.55,1387.27,1.17,,,,1.166174540148212,,,,3.44,0.46,1.27,20.4,28.84,15.4,3.438906195,0.0044498664,0.422586,20.42044859853362,11.82876688371197
HOXSUK_clean,HOXSUK,6.507299900054932,6.863399982452393,1.0782811154390395,1179.5999755859375,1.078279972076416,6.51,6.86,1179.53,1.08,6.5073,6.8634,6.8549,1.0783,1508.57,0.336554513,0.3629,4.57,0.68,1.65,18.19,29.11,15.8,4.6014622064,0.0068524204,0.856564,18.19865821818604,11.53590214912608
HURFEH_clean,HURFEH,5.274230003356934,7.40162992477417,1.0271330694284868,1803.4200439453125,1.0271799564361572,5.27,7.4,1803.42,1.03,5.27423,7.40163,7.39913,1.02718,2120.2,0.477228918,0.4902,4.24,0.6,0.99,12.17,26.58,16.1,4.2461249514,0.0059172814,0.6235,12.16456735054781,10.0728639381915
HURGEH_clean,HURGEH,5.17264986038208,7.760089874267578,1.0195006140967593,1981.8499755859375,1.0195000171661377,5.17,7.76,1981.85,1.02,5.17265,7.76009,7.74555,1.01949,2282.57,0.524374693,0.5346,1.96,0.26,0.29,7.64,18.7,15.0,1.9618879141,0.002674152,0.174158,7.625882009000572,6.720732791922487
HUVNAP_clean,HUVNAP,7.982769966125488,8.758859634399414,1.1840875539928388,996.114013671875,1.1840900182724,7.98,8.76,995.8,1.18,,,,1.184087582864145,,,,2.38,0.2,0.33,11.66,23.65,14.9,2.3206018663,0.001885569,0.618958,11.65386394739872,10.14974553425802
HUWPIA_clean,HUWPIA,4.639890193939209,6.298620223999023,1.0122292662486245,1214.75,1.0122499465942383,4.64,6.3,1214.57,1.01,4.63989,6.29862,6.28416,1.01223042959909,1555.51,0.30397629,0.3077,5.64,1.34,3.14,19.06,31.31,16.7,5.650324935,0.0128502083,0.190506,19.1136440540159,10.4773390766217
HUWSUN_clean,HUWSUN,4.0778398513793945,6.328849792480469,0.8379094622849702,2359.39990234375,0.8379089832305908,4.08,6.33,2359.4,0.84,4.07784,6.32885,6.32149,0.837909,2892.63,0.564381096,0.4729,8.35,0.84,1.94,16.82,24.37,13.9,8.399232921,0.0087132132,0.218294,16.81495050344402,8.52232153726464
HUXWAY_clean,HUXWAY,7.150060176849365,8.327949523925781,1.5278507245291688,694.1170043945312,1.5278500318527222,7.15,8.33,694.12,1.53,,,,1.527849940155805,,,,0.49,0.08,0.07,6.28,16.78,15.5,0.4954851239,0.0007387939,0.081652,6.27374694194118,5.649389386318052
HUYKER_clean,HUYKER,7.935420036315918,10.781229972839355,0.8232001313562939,1727.5400390625,0.8231989741325378,7.94,10.78,1727.54,0.82,7.93542,10.78123,10.78123,0.823195,1877.11,0.525875274,0.4271,1.58,0.24,0.34,7.55,24.07,17.5,1.5406807159,0.002452556,2.56119,7.532403420540406,10.68408225990599
HUZXAD_clean,HUZXAD,7.771989822387695,11.469120025634766,0.6445576900441823,3180.179931640625,0.644569993019104,7.77,11.47,3180.18,0.64,,,,0.6445577057669816,,,,3.3,0.4,0.55,8.62,20.01,14.8,3.2954651438,0.0040378202,0.146711,8.57532513491768,8.066060082817934
HUZYEI_clean,HUZYEI,6.279930114746094,8.53699016571045,0.7110826540502608,3133.47998046875,0.7110949754714966,6.28,8.54,3133.48,0.71,,,,0.7110826713957434,,,,3.86,0.43,0.68,10.98,22.5,14.7,3.8808817962,0.0042810831,0.099775,10.93664469889619,9.233036192627354
ICAROV_clean,ICAROV,7.921460151672363,20.333389282226562,0.4065210192603746,4743.669921875,0.4065209925174713,7.92,20.33,4743.67,0.41,7.92146,20.33339,20.33339,0.4065206484156759,4752.27,1.932741482,0.7857,1.6,0.37,0.23,4.14,14.19,18.5,1.6055865465,0.0038051236,0.102415,4.13687651645329,5.617918559778934
ICISAP_clean,ICISAP,6.714310169219971,8.791520118713379,0.8516476568686056,2574.43994140625,0.8516479730606079,6.71,8.79,2574.44,0.85,6.71431,8.79151,8.77905,0.851648,2573.16,0.813247,0.6926,2.79,0.35,0.45,8.83,20.66,15.0,2.8011043322,0.0036368282,0.303816,8.830161993520717,8.381705821207564
IDORAW_clean,IDORAW,7.945710182189941,10.660579681396484,0.7583580106769511,2623.64990234375,0.7583580017089844,7.95,10.66,2623.65,0.76,7.94571,10.66058,10.64148,0.758358,2757.75,0.870169498,0.6599,0.96,0.18,0.17,6.29,19.65,16.8,0.9584273641,0.0018016732,0.236181,6.300094874002363,9.48478443975166
IFAHEC_clean,IFAHEC,7.395430088043213,8.641570091247559,1.9598490609397639,583.3099975585938,1.9598599672317505,7.4,8.64,583.5,1.96,,,,1.959850091017871,,,,4.23,0.47,1.28,20.03,34.57,18.1,4.2326927305,0.00473254,0.829711,20.3164805100776,14.66886406974404
IFEYIB_clean,IFEYIB,3.7740399837493896,5.67303991317749,1.56947085944207,1191.6600341796875,1.5695300102233887,3.78,5.67,1191.32,1.57,,,,1.569470897992135,,,,0.64,0.1,0.1,7.26,18.07,15.0,0.6035673994,0.0009526747,0.072906,7.013978612801657,6.260699270834543
IJASOC_clean,IJASOC,5.880499839782715,6.309760093688965,1.019395979862149,1945.989990234375,1.0194000005722046,5.88,6.31,1945.99,1.02,5.8805,6.30976,6.27431,1.0194,2347.66,0.527565234,0.5378,3.89,0.48,0.89,13.03,25.24,15.2,3.8812106765,0.0048793771,0.215513,13.05559823688317,9.648563280072327
IKOVEL_clean,IKOVEL,15.483839988708496,15.924400329589844,0.9754119567566778,1571.530029296875,0.9754319787025452,15.48,15.92,1571.53,0.98,,,,0.9754120480243592,,,,2.31,0.32,0.63,13.42,24.64,14.8,2.3160110935,0.0031876721,0.365868,13.43387244648299,10.0734620382169
IMAGAG_clean,IMAGAG,4.419620037078857,5.632150173187256,0.7095908611694106,4008.22998046875,0.7096139788627625,4.42,5.63,4008.23,0.71,4.41962,5.63215,5.49238,0.709613,4848.04,0.865963749,0.6145,8.31,0.65,1.21,12.63,21.35,13.6,8.4979323621,0.0066820205,0.163789,12.66311958285871,7.225807011203992
IPIDUH_clean,IPIDUH,3.8589398860931396,5.174689769744873,1.567583637306844,740.8590087890625,1.5676000118255615,3.86,5.17,741.37,1.57,3.85894,5.17469,5.16774,1.567582456104954,1056.72,0.20100791,0.3151,2.46,0.35,0.73,15.38,25.54,14.7,2.4658130109,0.003477099,0.156478,15.37308694981915,8.622361420724062
IQOKIK_clean,IQOKIK,4.7377400398254395,6.464970111846924,0.9418392464575382,1967.18994140625,0.9418410062789917,4.74,6.46,1967.19,0.94,4.73774,6.46497,6.45982,0.941841,2436.62,0.460056421,0.4333,5.49,0.5,1.15,16.26,26.02,14.8,5.5068878924,0.0050081191,0.549633,16.26815551876673,11.17063534442512
IRAJER_clean,IRAJER,5.023099899291992,5.446619987487793,2.0199430608565465,491.2359924316406,2.0199499130249023,5.02,5.45,491.24,2.02,5.0231,5.44662,5.44662,2.01993,670.635,0.156885071,0.3169,3.15,1.09,1.9,16.07,39.51,20.9,3.1480787864,0.0111526351,0.747329,16.07250437175918,18.89889459535024
ISUCUV_clean,ISUCUV,3.872030019760132,5.6387200355529785,1.0679264677939275,1294.6199951171875,1.067929983139038,3.88,5.64,1294.62,1.07,3.87203,5.63872,5.63872,1.067926494217383,1926.96,0.378863783,0.4046,4.5,0.49,1.12,16.12,24.66,14.2,4.4955644128,0.0049927855,0.280814,16.20140584748203,8.91140137233417
ITIWAK_clean,ITIWAK,4.126609802246094,5.033199787139893,1.102576144721715,861.8179931640625,1.1025700569152832,4.12,5.03,861.61,1.1,4.12661,5.03321,5.01239,1.102576171769705,1442.15,0.277714794,0.3062,5.24,1.06,2.93,21.83,30.89,16.2,5.1859723649,0.0107065213,0.582753,21.82080954950395,10.87711627631059
ITOSEQ_clean,ITOSEQ,3.9242300987243652,5.5358500480651855,1.239033299196209,1516.6700439453125,1.2390899658203125,3.92,5.54,1516.67,1.24,3.92423,5.53585,5.53006,1.23909,1751.91,0.387219653,0.4798,3.91,0.47,0.8,12.19,22.12,14.1,3.9261752212,0.0046125963,0.130705,12.13357655490551,7.159525094669908
IVOGUX_clean,IVOGUX,4.526679992675781,5.274590015411377,1.486258389612929,823.2750244140625,1.486340045928955,4.53,5.28,823.11,1.49,,,,1.486258426238281,,,,2.47,0.26,0.79,20.52,28.44,15.2,2.4939865647,0.0026058675,0.646312,20.85676188033892,12.12201129710137
IWAYAG_clean,IWAYAG,4.2973198890686035,7.52524995803833,1.318098340592559,1050.9000244140625,1.3180999755859375,4.3,7.53,1051.03,1.32,,,,1.318096535515881,,,,0.41,0.09,0.08,5.13,18.36,18.0,0.4046283223,0.0008640474,0.078566,5.046141606524879,6.321341614733832
IXEJIG_clean,IXEJIG,10.39011001586914,11.254579544067383,0.8374652418302707,2346.919921875,0.8374649882316589,10.39,11.25,2346.92,0.84,10.39011,11.25458,10.80502,0.837465,2531.47,0.718836011,0.602,1.97,0.28,0.31,7.62,19.43,15.3,1.9723555845,0.0027024772,0.141561,7.615234694413466,7.749502325485857
IXUQUO_clean,IXUQUO,3.8862600326538086,6.170380115509033,1.0896735452848565,966.4240112304688,1.0896999835968018,3.89,6.17,965.78,1.09,3.88626,6.17038,6.17038,1.20903,1289.67,0.284298431,0.2705,4.11,0.99,1.79,15.43,31.92,17.6,4.1048213032,0.0100807458,0.290386,15.44788894878306,11.83089932064646
IYITOB_clean,IYITOB,7.500329971313477,9.114540100097656,1.1679819451390674,1483.56005859375,1.1680099964141846,7.5,9.11,1483.6,1.17,,,,1.167981973644867,,,,1.17,0.18,0.19,6.84,18.14,15.5,1.1591705611,0.0017678439,0.051742,6.832218351278122,6.94472170693739
IYODAD_clean,IYODAD,6.319630146026611,9.119359970092773,1.1134451590613663,1556.5,1.1134699583053589,6.32,9.12,1556.5,1.11,6.31963,9.11936,9.11936,1.11347,1719.87,0.427492434,0.476,1.52,0.21,0.21,7.12,18.15,15.2,1.5176825521,0.001989918,0.124819,7.124209448312262,6.704923118319609
IYOTAT_clean,IYOTAT,4.056509971618652,6.127240180969238,0.9469656492505599,2609.080078125,0.9469649791717529,4.06,6.13,2609.08,0.95,4.0565,6.12724,6.12724,0.946973,2947.83,0.57267164,0.5423,7.17,0.66,1.33,14.17,22.31,13.6,7.2517089855,0.0065852458,0.2144,14.17231382567893,7.816385782775964
IYOWID_manual,IYOWID,7.747700214385986,20.516679763793945,0.4050583000859952,4763.89013671875,0.4050680100917816,7.75,20.52,4763.89,0.41,,,,0.40505830996645,,,,1.44,0.36,0.21,3.93,14.02,19.0,1.4428979522,0.0033043538,0.176451,3.9321231845163,5.559539639205715
IZENUY_clean,IZENUY,5.660289764404297,10.284049987792969,0.907624300207988,1640.1199951171875,0.9076240062713623,5.66,10.28,1640.12,0.91,,,,0.9076243223915802,,,,3.48,0.39,0.48,8.46,19.34,14.6,3.5450955171,0.0038774156,0.155354,8.458296646693302,7.15306890957158
IZIHOQ_clean,IZIHOQ,5.321080207824707,7.056099891662598,1.408690442642703,1000.5499877929688,1.4086899757385254,5.32,7.06,1000.69,1.41,5.32108,7.0561,7.0561,1.40869,1225.7,0.264075134,0.372,2.57,0.27,0.44,11.0,21.45,14.2,2.5304146775,0.0027098465,0.054664,10.95493975920451,7.582804182332154
IZOWAW_clean,IZOWAW,10.51321029663086,18.947269439697266,1.0060674242598167,1780.510009765625,1.0060299634933472,10.51,18.95,1780.51,1.01,10.51321,18.94727,18.93676,1.006067448851353,1761.74,0.744112999,0.7466,0.21,0.11,0.03,2.29,10.11,26.4,0.1472172495,0.0006582562,0.066135,2.179207779927212,3.456289668067775
JALLEQ_clean,JALLEQ,7.873799800872803,20.72686004638672,0.9879288750910333,1858.5999755859375,0.9879289865493774,7.87,20.73,1858.6,0.99,,,,0.9879288991584905,,,,0.3,0.11,0.05,3.17,12.68,21.5,0.2722729618,0.0008507993,0.188691,2.949010431925491,4.761796336718257
JALLOA_clean,JALLOA,18.33831024169922,21.1368408203125,0.7553019789849702,1480.4599609375,0.7553020119667053,18.34,21.14,1480.46,0.76,,,,0.7553019973890027,,,,0.18,0.12,0.03,2.06,11.96,29.6,0.1492736416,0.0008533813,1.055727,1.856632173474642,4.617192913549191
JIZJOT_clean,JIZJOT,9.657150268554688,10.255080223083496,1.0687193904863146,1040.97998046875,1.0687199831008911,9.66,10.26,1040.99,1.07,9.65715,10.25508,10.24861,1.06872,1159.6,0.365203234,0.3724,1.84,0.21,0.29,10.09,23.01,15.3,1.8141726693,0.0018516796,0.867455,10.05679172094606,10.73817029723729
JOQSOZ_clean,JOQSOZ,4.127399921417236,6.100790023803711,1.1594767689734384,1536.93994140625,1.1594799757003784,4.13,6.1,1536.69,1.16,4.1274,6.10079,6.09895,1.15948,1827.99,0.375599407,0.4355,3.49,0.32,0.63,13.43,23.83,14.4,3.5044704038,0.0032884193,0.300267,13.39904047552822,9.153407868554005
JUGQIN_clean,JUGQIN,5.1605401039123535,6.6059699058532715,1.1240799490358244,2157.56005859375,1.124079942703247,5.16,6.61,2157.56,1.12,5.16055,6.60597,6.59079,1.124079976869745,2418.47,0.527720447,0.5932,1.86,0.27,0.3,7.97,19.14,14.9,1.7586013446,0.0024154433,0.266128,7.968229323471923,6.892748506925811
JUMCUR_clean,JUMCUR,6.120540142059326,6.665649890899658,1.0326041676242799,1618.1199951171875,1.0326100587844849,6.12,6.67,1618.14,1.03,6.12054,6.66564,6.47961,1.03261,1925.38,0.483628863,0.4994,4.37,0.41,0.65,11.17,20.51,13.7,4.4377877805,0.0042062288,0.118351,11.04492493648094,7.120821795017822
JUTCUW_SL,JUTCUW,5.611959934234619,6.943840026855469,1.0822812925797969,2542.3798828125,1.082260012626648,5.61,6.94,2542.38,1.08,,,,1.082281319008243,,,,0.89,0.18,0.13,4.92,14.79,16.8,0.8096897425,0.0016773642,0.017043,4.481307516257717,4.427163832176449
KABXES_clean,KABXES,4.969610214233398,5.526189804077148,1.1827935896608344,1649.7099609375,1.1827900409698486,4.97,5.53,1649.71,1.18,4.96961,5.52619,5.37117,1.182793618910804,1950.05,0.425519323,0.5033,2.83,0.39,0.61,10.97,22.35,14.6,2.7724988376,0.0039358809,0.222049,10.93318301730748,7.834676621194122
KANDIO_clean,KANDIO,4.180349826812744,6.348139762878418,1.167122475745462,1078.449951171875,1.1671500205993652,4.18,6.35,1078.7,1.17,4.18035,6.34814,6.34814,1.16715,1463.37,0.305530566,0.3566,4.71,0.57,1.83,23.76,30.98,16.0,4.7169976222,0.0054939939,0.720253,23.79056811300682,13.15175822825269
KARNAU_clean,KARNAU,10.481719970703125,15.532340049743652,0.45978275990246326,4299.1298828125,0.4597820043563843,10.48,15.53,4299.13,0.46,10.48172,15.53234,15.53234,0.459782358215764,4429.1,1.608370924,0.7395,2.97,0.46,0.54,7.46,21.04,16.2,2.97255361,0.0046668398,0.815453,7.484365098929016,9.79815858520944
KAVXAI_clean,KAVXAI,5.414130210876465,9.408820152282715,1.0063357741178391,2094.0,1.0063400268554688,5.41,9.41,2094.0,1.01,,,,1.006335406233374,,,,11.15,1.33,4.43,24.65,26.3,13.9,11.1542323562,0.0130599958,0.388919,24.65218364230944,9.916657984194472
KAYCIY_clean,KAYCIY,4.858230113983154,5.923810005187988,0.9771024582740516,1938.27001953125,0.9771019816398621,4.86,5.92,1938.27,0.98,,,,0.9771024825294253,,,,4.84,0.54,0.91,11.39,21.72,14.2,4.9644256691,0.0053611118,0.128935,11.49256426014059,7.652440907828037
KEDJAG10_clean,KEDJAG,4.428239822387695,5.627500057220459,1.0627206622470131,2852.860107421875,1.0627199411392212,4.43,5.63,2852.86,1.06,4.42824,5.6275,5.62604,1.03012,3179.87,0.585384673,0.6221,0.64,0.12,0.09,4.75,14.94,17.2,0.5827038098,0.0011564476,0.050352,4.748279073791156,4.897456782406689
KEVWUF_clean,KEVWUF,4.198840141296387,9.527230262756348,1.0419314919658955,2100.070068359375,1.0419299602508545,4.2,9.53,2100.07,1.04,4.19884,9.52723,9.52723,1.041929906770588,2454.53,0.58382041,0.6083,0.78,0.15,0.11,5.03,15.61,17.0,0.7652380471,0.0014211145,0.112128,5.028357672119581,5.572290816971762
KIGCEK_clean,KIGCEK,10.277870178222656,10.39363956451416,0.9907590466007377,1305.9599609375,0.9907950162887573,10.28,10.39,1306.09,0.99,10.27787,10.39364,10.39364,0.990795,1475.58,0.452061224,0.4479,1.81,0.22,0.25,7.93,20.18,15.4,1.8138838058,0.002093719,0.143297,7.934616929726107,7.878342106318671
KIPJIE_clean,KIPJIE,5.508339881896973,6.989960193634033,1.6505186879672413,633.781982421875,1.6505099534988403,5.51,6.99,633.72,1.65,5.50833,6.98996,6.97989,1.65051,742.699,0.163282864,0.2695,1.1,0.12,0.22,12.85,24.19,14.8,1.0524371381,0.0009895953,0.431359,12.80813727573862,10.41570436302136
KIYQOA_clean,KIYQOA,3.94677996635437,4.760310173034668,1.3891434537813796,751.2919921875,1.38919997215271,3.95,4.76,751.16,1.39,3.94678,4.76031,4.76031,1.3892,1112.52,0.235531241,0.3272,3.45,0.61,1.34,16.52,27.98,15.6,3.4847031247,0.0061397135,0.169615,16.76024328552142,9.633635682770375
KOFVOS_clean,KOFVOS,4.308330059051514,5.239920139312744,1.2549944834594515,1149.5999755859375,1.2549899816513062,4.31,5.24,1149.92,1.26,,,,1.2549927055041,,,,3.19,0.41,0.79,13.33,23.54,14.3,3.2405603617,0.004132657,0.077148,13.4903048682359,7.865527592142289
KOGSOQ_clean,KOGSOQ,5.361370086669922,6.705550193786621,1.0266405355705917,1438.0699462890625,1.026669979095459,5.36,6.71,1438.07,1.03,,,,1.026640560705535,,,,5.45,0.6,1.19,14.43,24.22,14.4,5.4619956719,0.0059451498,0.349396,14.43305685079831,8.62776157355778
KOHKIC_clean,KOHKIC,7.147299766540527,9.617170333862305,0.8792389956948108,1781.0899658203125,0.8792639970779419,7.15,9.62,1781.09,0.88,,,,0.8792390781159912,,,,3.54,0.38,0.62,11.16,22.27,14.5,3.5431203073,0.0037497929,0.567392,11.18851446878891,9.103229640430586
KOJZEP_manual,KOJZEP,13.718409538269043,15.614439964294434,0.5142472534654651,4945.6201171875,0.5142470002174377,13.72,15.61,4945.62,0.51,13.71841,15.61444,15.61444,0.514247,5180.48,1.447942331,0.7446,2.41,0.39,0.4,6.91,18.42,15.5,2.4101827256,0.0040122634,0.232596,6.910397756732356,7.164383135032544
KOJZOZ_clean,KOJZOZ,7.516190052032471,9.943949699401855,1.1786918210191486,1794.5899658203125,1.178689956665039,7.52,9.94,1794.59,1.18,,,,1.178689540518202,,,,0.99,0.16,0.19,8.02,20.94,15.7,1.0036932849,0.0015709798,0.140612,7.991653284314473,8.98285588341819
KOMCOG_clean,KOMCOG,7.693550109863281,8.148690223693848,0.987765484962884,1290.949951171875,0.9877889752388,7.69,8.15,1290.93,0.99,7.69355,8.14869,8.14119,0.987789,1514.71,0.3985669,0.3937,4.72,0.4,0.81,14.2,25.98,15.2,0.371064363,0.237543019,0.329238,1.5620933191894812,11.39517270678253
KOSLAH_clean,KOSLAH,10.818909645080566,11.4975004196167,1.1681201242258925,1342.3699951171875,1.16812002658844,10.82,11.5,1342.36,1.17,,,,1.168118700275658,,,,1.4,0.2,0.2,6.57,17.59,15.5,1.3987064284,0.0019867372,0.143036,6.486275839191905,6.506160945672084
KOXGIP_clean,KOXGIP,3.9033401012420654,6.171410083770752,1.0195014251810486,1397.969970703125,1.0195000171661377,3.9,6.17,1397.85,1.02,3.90334,6.17141,6.17141,1.019501154946621,1783.65,0.353997057,0.3609,4.46,0.44,1.01,15.7,23.98,14.0,4.3916169913,0.0043264666,0.398956,15.7059277450929,8.511660387828172
KOZNIY_clean,KOZNIY,5.247439861297607,6.571939945220947,1.046125625538118,1984.5799560546875,1.046180009841919,5.25,6.57,1984.58,1.05,,,,1.04612565139737,,,,1.88,0.24,0.32,9.03,21.79,15.3,1.8784800756,0.0022536113,0.264171,9.000272347280657,8.724083410751419
KUKPUD_clean,KUKPUD,8.106289863586426,9.043219566345215,1.116781657749032,1446.260009765625,1.1167800426483154,8.11,9.04,1446.26,1.12,,,,1.116781685080868,,,,7.57,0.61,1.72,19.46,23.83,13.3,7.6381866837,0.0062350914,0.48377,19.56003199122053,8.886521805301204
KULRIT_clean,KULRIT,3.79148006439209,5.776309967041016,1.4748488568453963,1304.31005859375,1.4747999906539917,3.79,5.78,1304.38,1.47,3.79148,5.77631,5.77631,1.47479,1707.39,0.338418769,0.4991,3.68,0.33,0.76,15.42,24.24,14.2,3.8062493878,0.0034164601,0.285112,15.5309744276798,8.815185320535214
KUTDAG_clean,KUTDAG,7.276159763336182,8.095720291137695,1.0544480708961443,1315.9000244140625,1.0544400215148926,7.28,8.1,1315.94,1.05,,,,1.05444780014178,,,,4.27,0.51,1.12,15.14,28.07,15.9,4.3231581108,0.0054170855,0.789703,15.13855462547645,11.21532526023542
KUVMIZ_clean,KUVMIZ,11.00763988494873,15.750749588012695,0.36100031374269476,4915.740234375,0.36100101470947266,11.01,15.75,4915.74,0.36,,,,0.3610003225437492,,,,1.49,0.37,0.21,4.06,14.78,19.0,1.4897080834,0.0035860404,0.167442,4.061105034389108,6.212502658281519
LACYEW_clean,LACYEW,7.175620079040527,9.989580154418945,0.9656631577357571,2207.9599609375,0.9656779766082764,7.18,9.99,2207.96,0.97,,,,0.9656638955548815,,,,3.24,0.31,0.55,11.2,22.83,14.7,3.2424684753,0.0031303822,0.490807,11.20984527859508,10.61384531000971
LACYOG_clean,LACYOG,5.836699962615967,9.452919960021973,1.0052428713590098,2153.3701171875,1.0052599906921387,5.84,9.45,2153.37,1.01,,,,1.005243100731326,,,,6.44,0.61,1.39,15.66,25.17,14.5,6.5689272702,0.0061212251,0.391073,15.69180148996047,10.28169000348256
LACZAT_clean,LACZAT,5.729800224304199,8.298800468444824,0.9457511422552729,2110.169921875,0.9457640051841736,5.73,8.3,2110.17,0.95,,,,0.9457510480099212,,,,4.75,0.47,0.76,10.85,22.04,14.5,4.7831794092,0.0048240554,0.350838,10.8533140753018,8.397340715183761
LAFQUG_clean,LAFQUG,4.987239837646484,12.86913013458252,0.7288236961112279,2381.169921875,0.7288380265235901,4.99,12.87,2381.17,0.73,4.98724,12.86912,12.65798,0.7288234748419342,3002.99,0.647194575,0.4717,4.45,0.65,1.33,14.78,24.81,14.5,4.4319295717,0.006501436,0.69872,14.79652012127424,10.03445589875448
LAGVOG_clean,LAGVOG,6.712120056152344,7.387050151824951,0.9351867303846139,2480.89990234375,0.9351869821548462,6.71,7.39,2480.9,0.94,6.71212,7.38705,7.38296,0.9351872573477825,2779.78,0.653879919,0.6115,2.45,0.29,0.31,7.31,17.73,14.8,2.4187913759,0.0027108593,0.16003,7.281278368101267,6.287990595296547
LAHTUM_clean,LAHTUM,4.862889766693115,7.003260135650635,1.1818116980907003,1390.18994140625,1.1818000078201294,4.86,7.0,1390.01,1.18,4.86289,7.00326,7.00219,1.1818,1596.24,0.370874937,0.4383,5.37,0.59,1.4,17.33,24.78,14.0,5.3884456319,0.0060054349,0.193747,17.33103213886413,9.194268603074681
LAVDOE_clean,LAVDOE,4.453010082244873,6.06535005569458,1.3567443174343456,893.9080200195312,1.3567299842834473,4.45,6.07,894.04,1.36,4.45301,6.06535,6.06535,1.35674,1232.71,0.224731524,0.3049,3.02,0.34,0.91,19.08,27.49,15.0,3.0394949906,0.0033509076,0.313195,19.13406251762628,10.55696521904657
LAWGEW_clean,LAWGEW,7.936910152435303,15.062439918518066,0.5916534480499825,3769.300048828125,0.5916839838027954,7.94,15.06,3769.3,0.59,7.93691,15.06245,15.06245,0.591684,3791.09,1.301201317,0.7699,0.85,0.23,0.12,3.68,13.08,19.5,0.8534757612,0.0020658001,0.076982,3.684524245441161,4.872253486821281
LECFAC_clean,LECFAC,4.437689781188965,9.818670272827148,0.8386676426543376,2599.300048828125,0.8386719822883606,4.44,9.82,2599.3,0.84,4.43769,9.81867,9.81443,0.838672,2804.42,0.760368773,0.6377,2.95,0.49,0.73,10.55,23.54,15.3,2.953680951,0.0048668959,0.326316,10.55019509211189,8.981376704461747
LEJBUX_clean,LEJBUX,4.819089889526367,6.306759834289551,1.0477818176580411,2546.6298828125,1.047760009765625,4.82,6.31,2546.63,1.05,,,,1.047781843682177,,,,0.84,0.16,0.11,4.27,14.23,18.1,0.6436555738,0.0014282346,0.043378,4.264384486741871,4.483816374181613
LELDUD_clean,LELDUD,9.24625015258789,16.548200607299805,0.4581257640395288,4349.14990234375,0.4581260085105896,9.25,16.55,4349.15,0.46,,,,0.4581257752004128,,,,1.66,0.35,0.25,4.78,15.15,17.3,1.6625292874,0.0033505617,0.166483,4.777669902282872,6.175264412152256
LETDUK_clean,LETDUK,6.397079944610596,7.0943498611450195,1.1043301367557437,2152.25,1.1043299436569214,6.4,7.09,2152.25,1.1,6.39708,7.09435,7.09435,1.104330163990338,2406.22,0.574013203,0.6339,0.93,0.18,0.14,5.27,16.0,16.7,0.9349916574,0.0017175961,0.076635,5.037130606675599,5.094421369094798
LETPUX01_clean,LETPUX,16.43471908569336,17.6552791595459,1.0696026832080094,1388.550048828125,1.069659948348999,16.43,17.66,1388.55,1.07,,,,1.069604142019507,,,,0.74,0.12,0.14,7.65,21.17,16.1,0.7425767851,0.001133447,0.257097,7.653664534408321,10.26701308751667
LETQAE_clean,LETQAE,17.55518913269043,18.31926918029785,0.9403352863214725,1454.469970703125,0.9403839707374573,17.56,18.32,1454.47,0.94,,,,0.9403366401638384,,,,0.73,0.13,0.13,6.9,20.37,16.4,0.726989269,0.0012403708,0.342794,6.905528451916541,9.977439179462825
LIFWOO_clean,LIFWOO,4.5551300048828125,4.9836602210998535,1.0770549972712302,1028.3399658203125,1.0770699977874756,4.55,4.98,1027.67,1.08,4.55513,4.98366,4.98366,1.07707,1370.45,0.293759923,0.3164,4.66,1.31,2.72,17.13,29.15,16.0,4.6335935958,0.0130477592,0.471939,17.04529855103842,9.777379103164684
LIQJEC_clean,LIQJEC,6.075610160827637,8.599860191345215,1.3358143659853734,1288.030029296875,1.3358399868011475,6.08,8.6,1287.79,1.34,6.07561,8.59986,8.59986,1.33584,1431.13,0.353859744,0.4727,1.41,0.18,0.19,7.66,18.7,14.9,1.3531319914,0.0016510666,0.194817,7.678338353337472,6.919008941300218
LIRVAK_charged,LIRVAK,4.249839782714844,5.325009822845459,0.9148686941409415,1634.3800048828125,0.9148690104484558,4.25,5.33,1634.38,0.91,5.44346,6.80305,6.73812,0.599543,5433.94,1.2196,0.7312,5.75,0.77,1.92,18.37,25.85,14.4,0.31579367,0.369274342,0.169593,0.8551736042359532,8.827884417103117
LIVTIT_clean,LIVTIT,4.494120121002197,5.032179832458496,0.8738328116022256,2117.340087890625,0.8738330006599426,4.49,5.03,2117.34,0.87,,,,0.8738328331162079,,,,2.95,0.39,0.56,9.9,22.09,15.0,2.9161425641,0.0038245405,0.09114,9.827025031459835,7.444019178590969
LOBHAM_clean,LOBHAM,5.914909839630127,7.01039981842041,1.0175827943508096,1739.449951171875,1.0175800323486328,5.91,7.01,1739.45,1.02,5.91491,7.0104,7.00826,1.01758,2123.79,0.481534621,0.49,4.39,0.37,0.62,11.57,21.4,14.0,4.3984470469,0.0039542017,0.169088,11.55966836792224,7.824756628232825
LOJFUL_clean,LOJFUL,8.640399932861328,11.506569862365723,0.6098749691923948,3197.1298828125,0.6098819971084595,8.64,11.51,3197.13,0.61,,,,0.6098751327169717,,,,4.11,0.77,1.27,13.63,35.78,19.8,4.1140873556,0.0076179532,0.585727,13.69356573695616,18.32624306136113
LOJLAZ_clean,LOJLAZ,4.903409957885742,6.041609764099121,1.7868213321888742,779.5390014648438,1.7868200540542603,4.9,6.04,779.81,1.79,4.90341,6.04161,6.01212,1.67138,984.131,0.226099999,0.404,2.21,0.25,0.41,11.66,21.26,13.9,2.1760371763,0.0024483261,0.124159,11.52386636289418,6.986424721513474
LOMLOQ_clean,LOMLOQ,3.8023500442504883,6.748600006103516,1.470194953230947,1498.780029296875,1.4701900482177734,3.8,6.75,1498.84,1.47,,,,1.470190537872434,,,,4.23,0.34,0.63,14.58,23.02,13.8,4.3167096215,0.0028617655,0.219977,14.61681148909088,8.606515743507135
LOSBOM_clean,LOSBOM,5.096620082855225,6.432839870452881,0.7638298170497332,3066.639892578125,0.7638300061225891,5.1,6.43,3066.64,0.76,,,,0.7638298358311244,,,,8.45,0.81,1.4,11.5,21.48,14.0,8.5450016438,0.0081498609,0.22709,11.540839663964,7.512892788753033
LOSXIC_clean,LOSXIC,5.837709903717041,6.0346198081970215,1.1074454744331113,1953.4200439453125,1.107450008392334,5.84,6.03,1953.42,1.11,,,,1.107445501844809,,,,3.7,0.81,1.58,15.78,30.05,16.7,3.7563839732,0.0083759051,0.390741,15.80357903585557,11.08969480302195
LOXKAM_clean,LOXKAM,13.782230377197266,14.559849739074707,0.7848278730246292,1908.8299560546875,0.784824013710022,13.78,14.56,1908.83,0.78,13.78223,14.55985,14.55985,0.784825,2141.37,0.676839648,0.5312,3.91,0.63,1.23,14.04,25.74,15.1,3.8861805069,0.0061259466,1.493609,14.02335086647889,10.43661795373134
LUFNAC05_clean,LUFNAC,5.806859970092773,7.619460105895996,1.0310124103446405,1429.949951171875,1.0310100317001343,5.81,7.62,1430.16,1.03,5.80686,7.61946,7.57494,1.03101,1645.24,0.425117118,0.4383,5.75,0.63,1.27,14.38,24.31,14.4,5.8513089938,0.0063106311,0.345101,14.39014819722193,9.020328931803645
LUMYEZ_clean,LUMYEZ,4.538010120391846,6.007019996643066,1.304293149780486,1527.989990234375,1.3042900562286377,4.54,6.01,1527.96,1.3,,,,1.304293181927102,,,,2.95,0.33,0.48,10.12,21.14,14.5,2.9930124807,0.003443753,0.112623,10.13027870632813,7.05091408360704
LURLOB_clean,LURLOB,6.991849899291992,7.376619815826416,1.004692615304313,1739.02001953125,1.0046900510787964,6.99,7.38,1739.0,1.0,,,,1.004692207241842,,,,4.31,0.4,0.54,9.75,19.95,14.1,4.5015979252,0.003931312,0.055493,9.63832328356117,6.910992932167106
LUSHUD_clean,LUSHUD,4.692150115966797,5.212890148162842,1.271982668211638,845.6400146484375,1.2719800472259521,4.69,5.21,845.79,1.27,4.69215,5.21289,5.21289,1.27198,1078.46,0.243950377,0.3103,3.44,0.66,1.48,17.38,26.64,14.9,3.4497271723,0.0068392201,0.250587,17.50282759681615,9.082953396596587
LUZBOY_clean,LUZBOY,4.663849830627441,6.146359920501709,0.8649536890789051,2154.669921875,0.8649529814720154,4.66,6.15,2154.67,0.86,,,,0.8649535563333077,,,,2.51,0.31,0.45,8.56,19.53,14.6,2.4255139806,0.0027414512,0.071009,8.492476157006298,6.541201987598001
MAGBON_clean,MAGBON,5.203199863433838,6.773129940032959,1.1442963488593458,1918.8599853515625,1.1443500518798828,5.2,6.77,1918.86,1.14,5.2032,6.77313,6.75742,1.144297177526931,2235.87,0.467426924,0.5349,4.71,0.44,0.72,10.74,20.72,14.0,4.8191422208,0.0045493558,0.161847,10.72620614534545,7.02953136230512
MALRUP_clean,MALRUP,16.8441104888916,16.92414093017578,0.675419246316134,1975.9599609375,0.6754189729690552,16.84,16.92,1975.96,0.68,16.84411,16.92414,16.92414,0.675419,2090.66,1.073703879,0.7252,1.39,0.27,0.2,5.41,16.51,16.7,1.3903521438,0.0025313053,0.196566,5.210268461429646,6.509407407804712
MALSEA_clean,MALSEA,16.822540283203125,16.903579711914062,0.6714588574948469,2011.9300537109375,0.6714590191841125,16.82,16.9,2011.93,0.67,16.82254,16.90358,16.90358,0.671459,2121.77,1.081972243,0.7265,1.45,0.27,0.21,5.61,16.64,16.4,1.4476829345,0.0026540517,0.13491,5.401623306775038,6.566533782386182
MALSIE_clean,MALSIE,16.813329696655273,16.894399642944336,0.6721431399697405,2007.1500244140625,0.6721429824829102,16.81,16.89,2007.15,0.67,16.81333,16.8944,16.8944,0.672143,2123.2,1.080722406,0.7264,1.45,0.27,0.21,5.62,16.6,16.4,1.4448406715,0.0026895118,0.10692,5.396318322487558,6.589211696268027
MALYIJ_charged,MALYIJ,4.368130207061768,5.55640983581543,0.9059772018459891,1519.02001953125,0.9059770107269287,4.37,5.56,1519.03,0.91,,,,0.9059772240113891,,,,4.65,0.68,1.61,17.66,29.33,16.0,4.6547620712,0.0070258258,0.710255,17.6104755656012,11.23769710267923
MAPCIP_clean,MAPCIP,5.447589874267578,9.537420272827148,1.5824779267651066,1155.5799560546875,1.5824799537658691,5.45,9.54,1155.57,1.58,,,,1.582480314380366,,,,1.85,0.2,0.25,8.49,19.71,14.8,1.8519022852,0.0020151297,0.085226,8.342680989450116,7.34774068361622
MEQHUL_clean,MEQHUL,4.198379993438721,6.039720058441162,2.271295235773551,516.843017578125,2.2711799144744873,4.2,6.04,516.84,2.27,,,,2.271297075803095,,,,0.29,0.05,0.08,5.58,16.24,16.3,0.1707590425,0.0003618578,0.102706,4.313349084632885,4.665189222788191
MILROQ_clean,MILROQ,10.835619926452637,19.717130661010742,0.5998599936291364,2683.419921875,0.5998600125312805,10.84,19.72,2683.42,0.6,,,,0.5998600082472025,,,,1.12,0.24,0.18,5.24,17.52,17.4,1.1219055916,0.0022174599,0.310803,5.23330137346942,8.053726816743005
MIQLII_clean,MIQLII,4.191140174865723,6.493959903717041,1.2924222997096633,1530.3199462890625,1.2924799919128418,4.19,6.49,1530.08,1.29,4.19114,6.49396,6.49396,1.292422331754464,1849.13,0.409290666,0.529,2.58,0.27,0.39,9.72,20.83,14.5,2.4696088195,0.0026507635,0.136896,9.464101210818914,7.08151544586565
MITSIS_charged,MITSIS,6.520299911499023,7.966040134429932,1.0634964820516357,1711.7900390625,1.0634900331497192,6.52,7.97,1711.79,1.06,,,,1.063496508103991,,,,2.59,0.31,0.45,9.65,22.17,15.2,2.5643461481,0.0030725847,0.426324,9.642847784055476,9.37179113075297
MOTMAK_clean,MOTMAK,5.325980186462402,5.721330165863037,0.9974614732394642,1375.5999755859375,0.9974730014801025,5.33,5.72,1375.09,1.0,,,,0.9974614983650067,,,,5.39,0.83,1.74,15.11,23.4,13.8,5.5412926936,0.0083257483,0.248761,15.85399808871765,8.16041060941305
MOYYIJ_clean,MOYYIJ,9.376449584960938,12.420530319213867,0.7305934488894101,3020.840087890625,0.7305930256843567,9.38,12.42,3020.84,0.73,9.37645,12.42053,12.42053,0.730598,3184.72,0.867514471,0.6338,3.57,0.48,0.88,12.69,24.18,14.8,3.5688397761,0.0048284132,0.470507,12.71503785691383,9.88029289641389
MUBZOA_auto,MUBZOA,7.119999885559082,18.727170944213867,0.4416380319926734,4506.52001953125,0.4416379928588867,7.12,18.73,4506.52,0.44,,,,0.4416380427857858,,,,0.48,0.18,0.07,2.69,11.2,23.6,0.4770933526,0.0019999653,0.104359,2.691594762350686,4.366492694532321
MUVLUM_clean,MUVLUM,7.671370029449463,8.402299880981445,1.0933348711835686,1437.6199951171875,1.0933799743652344,7.67,8.4,1437.69,1.09,7.67137,8.4023,8.36811,1.09333489822747,1692.78,0.42437213,0.464,2.56,0.26,0.39,10.46,22.01,14.7,2.560685015,0.0025907323,0.190864,10.47773891110745,9.081718787111207
NANYUX03_clean,NANYUX,4.757669925689697,5.544290065765381,1.0413289599657702,1836.9000244140625,1.0413700342178345,4.76,5.54,1836.92,1.04,4.75767,5.54429,5.52159,1.02182,2290.32,0.503087279,0.5239,4.05,0.43,0.69,11.1,21.06,14.0,4.11743934,0.0044083524,0.169812,11.09347211337181,7.095174003715499
NAWWUG_clean,NAWWUG,4.107269763946533,5.715459823608398,1.1120119307172904,1485.93994140625,1.1120100021362305,4.1,5.72,1485.96,1.11,,,,1.112010351416943,,,,4.07,0.5,1.85,28.2,33.47,16.8,4.0687321551,0.0049588952,0.755912,28.56947072609138,14.9902116939424
NAYZUK_SL,NAYZUK,7.597569942474365,9.498940467834473,1.3353922289498883,726.9920043945312,1.3353899717330933,7.6,9.5,728.04,1.34,7.59757,9.49894,9.49439,1.33539,1072.72,0.278794959,0.3723,4.16,0.36,1.19,24.0,32.6,16.8,4.2375701519,0.0035224037,1.256907,24.17613039765989,16.90127100295315
NEHZIK_clean,NEHZIK,4.778210163116455,7.3401899337768555,1.201447142760727,1031.8499755859375,1.2014800310134888,4.78,7.34,1031.51,1.2,4.77821,7.34019,7.34019,1.20148,1218.26,0.266671106,0.3204,2.2,0.24,0.34,9.82,20.65,14.4,2.1862879748,0.0023025204,0.116956,9.820202104308876,7.0233440530526
NEVQAH_charged,NEVQAH,5.1720099449157715,6.338260173797607,1.7630719391353713,581.6500244140625,1.763100028038025,5.17,6.34,581.65,1.76,,,,1.763071982466291,,,,1.92,0.21,0.42,13.82,23.72,14.3,1.909269339,0.0021592267,0.111573,13.81925906762048,8.376438164547917
NIBHUC_clean,NIBHUC,11.872099876403809,18.86768913269043,0.4493818796652668,4288.89013671875,0.4493820071220398,11.87,18.87,4288.89,0.45,,,,0.4493818906179782,,,,1.39,0.31,0.2,4.42,14.97,18.0,1.3856725806,0.0031712069,0.14868,4.415363845492982,6.373792354914267
NIZZAY_clean,NIZZAY,7.785160064697266,8.39896011352539,1.211184036792874,1711.739990234375,1.2111999988555908,7.79,8.4,1711.39,1.21,7.78516,8.39896,8.38426,1.2112,1903.25,0.418923382,0.5074,2.97,0.26,0.6,15.51,24.15,14.1,2.9945014943,0.0027313697,0.408307,15.55663480276325,10.88166844230193
NUDLIJ_clean,NUDLIJ,5.789380073547363,6.937429904937744,1.1416457623312832,1243.1700439453125,1.1416499614715576,5.79,6.94,1243.43,1.14,5.78938,6.93743,6.89446,1.14165,1457.83,0.373056541,0.4259,4.01,0.47,0.84,12.69,21.68,13.7,4.0764470362,0.0049588827,0.217175,12.89556734386127,7.486981688687569
NUNPAP_clean,NUNPAP,4.3354902267456055,6.011509895324707,0.794607959962545,2762.409912109375,0.7946069836616516,4.33,6.01,2762.41,0.79,4.33549,6.01151,6.00656,0.794607,2753.3,0.855265,0.6796,2.52,0.32,0.37,7.63,18.21,14.7,2.5625807559,0.0032686503,0.071496,7.637272950150374,6.206230136002937
OCUMOR_clean,OCUMOR,3.841670036315918,5.322080135345459,1.292982580339769,997.7239990234375,1.2929799556732178,3.84,5.32,997.17,1.29,3.84167,5.32208,5.31587,1.29298,1375.77,0.263190459,0.3213,1.92,0.22,0.37,11.49,23.07,14.7,1.9223417938,0.0021236285,0.195374,11.50313359353781,8.431558217219319
OFESIC_clean,OFESIC,5.090400218963623,7.364759922027588,1.822358343444757,481.8550109863281,1.8223600387573242,5.09,7.36,482.06,1.82,5.0904,7.36476,7.36476,1.82236,597.181,0.14689743,0.2677,1.92,0.24,0.47,14.14,23.6,14.2,1.9205980086,0.0024812987,0.34776,14.26768112899787,8.06586329050029
OFODET_clean,OFODET,4.573130130767822,6.299590110778809,1.1538172721433377,1161.72998046875,1.1538200378417969,4.57,6.3,1161.72,1.15,,,,1.153817177253667,,,,2.93,0.37,0.57,10.97,22.02,14.5,2.9458316323,0.0039131767,0.158824,10.93953966462811,7.560097903214849
OHAKIS_clean,OHAKIS,4.432439804077148,5.224510192871094,1.2284029307234094,893.9320068359375,1.2283999919891357,4.43,5.22,894.16,1.23,4.43244,5.22451,5.1107,1.2284,1204.77,0.249674373,0.3067,3.99,1.43,2.48,15.97,29.53,16.4,1.588998862,0.381661209,0.329911,4.16337533008234,9.92590744157081
OKIJUO_charged,OKIJUO,4.036419868469238,4.877079963684082,1.1044317104829269,1291.3800048828125,1.1044299602508545,4.04,4.88,1291.19,1.1,,,,1.104427850647824,,,,4.47,0.52,1.4,19.36,26.11,14.3,4.4673639485,0.005280266,0.39046,19.36172277378709,9.184136082105763
OMUSAS_clean,OMUSAS,16.173160552978516,18.714380264282227,0.3179909160089686,3824.31005859375,0.31800299882888794,16.17,18.71,3824.31,0.32,,,,0.3179909237576716,,,,0.55,0.21,0.08,2.48,11.09,25.1,0.54512696,0.0021418293,0.205082,2.479136589192241,5.021137049104939
ONEJUN_clean,ONEJUN,4.735509872436523,5.678699970245361,3.330731895306496,542.8980102539062,3.3307299613952637,4.74,5.68,542.9,3.33,,,,3.330732324788504,,,,0.26,0.09,0.07,6.59,16.95,15.2,0.099013795,0.0002246207,0.066153,3.968379941592595,4.640692973781929
ORIVOC_clean,ORIVOC,10.860730171203613,11.637350082397461,1.2296915173528207,1291.6700439453125,1.2297699451446533,10.86,11.64,1291.67,1.23,10.86073,11.63735,11.63667,1.22968,1397.95,0.476999764,0.5866,1.89,0.25,0.26,7.42,19.02,15.3,1.8601387351,0.0021843276,0.1578,7.291746495223453,6.988266501580799
OTALUS_clean,OTALUS,9.313619613647461,12.677040100097656,0.6551822020166941,2471.760009765625,0.6551989912986755,9.31,12.68,2471.76,0.66,9.31362,12.67704,12.66696,0.6551826004509537,2595.16,0.881564227,0.5776,1.58,0.25,0.32,8.83,23.11,16.1,1.5383238765,0.0024219116,0.312127,8.865698935925105,11.70866399134729
OTIPAK_clean,OTIPAK,5.103409767150879,5.734990119934082,1.2053835987255752,1031.31005859375,1.2053699493408203,5.1,5.73,1030.84,1.21,5.10341,5.73499,5.72616,1.20537,1281.83,0.309697437,0.3733,4.3,1.39,2.53,15.53,27.47,15.6,4.3003623342,0.0138654521,0.281032,15.51402651497664,9.082776091096065
OWAVIS_clean,OWAVIS,5.976500034332275,9.581819534301758,0.8406345867434908,2788.909912109375,0.8406739830970764,5.98,9.58,2788.91,0.84,5.9765,9.58182,9.29598,0.840674,2977.86,0.761888675,0.6405,2.17,0.32,0.29,6.12,17.01,15.8,2.1567562091,0.0031830172,0.101677,6.141679071401473,5.989020326936192
OWIHIN_clean,OWIHIN,7.170380115509033,7.333439826965332,1.3382597114571713,1220.4100341796875,1.3382600545883179,7.17,7.33,1220.58,1.34,7.17038,7.33344,7.33344,1.33824,1368.41,0.374441439,0.5011,6.49,0.67,2.2,22.79,24.61,13.3,6.6467515783,0.0068112276,0.310837,22.99251017539736,9.09223324232717
OWIJEL_clean,OWIJEL,7.338930130004883,7.468140125274658,1.32685422126448,1236.260009765625,1.3268500566482544,7.34,7.47,1236.21,1.33,7.33893,7.46814,7.46814,1.32686,1382.5,0.37977164,0.5039,6.56,0.65,2.07,22.18,24.39,13.2,6.7372418366,0.0067829726,0.330748,22.43984300734808,9.08964153435837
OZUKOL_clean,OZUKOL,11.040949821472168,11.663140296936035,1.0750087498090934,1461.0899658203125,1.0750099420547485,11.04,11.66,1461.09,1.08,11.04095,11.66314,11.66159,1.07505,1563.98,0.555436694,0.5971,1.27,0.22,0.2,5.96,17.16,16.1,1.241515823,0.0019544325,0.095036,5.82138590344906,6.258639955394528
PAVKIH_charged,PAVKIH,6.515110015869141,8.781559944152832,1.2999585342756643,987.968017578125,1.299970030784607,6.52,8.78,987.99,1.3,,,,1.299954815316017,,,,1.01,0.13,0.16,8.54,21.34,15.5,1.0031499461,0.0011919555,0.456752,8.543807698605882,8.406166496121806
PEDRIA_clean,PEDRIA,7.934340000152588,15.092690467834473,0.5898699043460419,3806.4599609375,0.5899009704589844,7.93,15.09,3806.46,0.59,7.93434,15.09269,15.08196,0.589901,3828.21,1.276824416,0.7532,0.81,0.22,0.12,3.54,13.03,20.0,0.8088682788,0.0020455073,0.085687,3.550450494602056,4.85872930819251
PEWXUL_clean,PEWXUL,4.385089874267578,5.345439910888672,1.0599748843617867,1016.5800170898438,1.0599700212478638,4.38,5.35,1016.1,1.06,4.38509,5.34544,5.34544,1.0598,1381.38,0.301895337,0.32,5.04,0.94,3.02,23.97,34.92,17.8,5.0507518572,0.0095135696,0.468582,23.98043987839275,14.79073095493876
PIBPAS_clean,PIBPAS,9.633429527282715,10.027050018310547,0.9051938669002183,1864.010009765625,0.9052180051803589,9.63,10.03,1864.0,0.91,9.87733,10.25585,10.25585,0.904434,1854.12,0.717576,0.649,1.81,0.25,0.29,7.94,19.79,15.2,1.7953212432,0.0022025401,0.374244,7.9383719854612,8.114558013585453
PIZPOD_clean_h,PIZPOD,3.9747700691223145,4.954790115356445,1.7824555429322833,867.5020141601562,1.7824599742889404,3.97,4.96,867.67,1.78,,,,1.78245661787976,,,,2.06,0.24,0.44,12.85,22.96,14.2,1.9794838211,0.0022395518,0.189577,12.28041580113914,7.674132661541728
POMMAH_clean,POMMAH,11.965069770812988,14.835249900817871,1.2627850664598377,1162.949951171875,1.262779951095581,11.97,14.84,1162.95,1.26,,,,1.262783504549458,,,,1.59,0.36,0.53,11.35,26.69,16.4,1.5481852199,0.0033755196,0.86315,11.38843438004894,11.19064638793627
PUBSAH_clean,PUBSAH,4.823750019073486,11.336409568786621,0.8433723018770918,2760.469970703125,0.8433700203895569,4.82,11.34,2760.47,0.84,,,,0.8433702411000642,,,,3.25,0.55,0.86,11.59,26.59,16.3,3.2531959818,0.0057728717,0.627671,11.59642089635129,11.55029679191109
PUKSUL_clean,PUKSUL,4.141109943389893,6.59798002243042,1.5701415956581046,1785.800048828125,1.570199966430664,4.14,6.6,1785.8,1.57,4.19188,6.57722,6.57414,1.57506,1787.66,0.447347,0.7046,0.2,0.05,0.03,4.0,13.55,18.6,0.2026791388,0.0004494281,0.04103,3.939823776633072,4.568712029570332
PUKVAU_clean,PUKVAU,4.862269878387451,6.343080043792725,1.0985593023456612,1226.8599853515625,1.0986000299453735,4.86,6.34,1226.92,1.1,,,,1.098559329460391,,,,2.83,0.23,0.48,14.55,23.64,14.1,2.8296936168,0.0022830597,0.344828,14.55637419405595,9.244350872005283
PUMDIM_clean,PUMDIM,4.229959964752197,7.800710201263428,1.2250688285932072,321.3869934082031,1.2250699996948242,4.23,7.8,321.39,1.23,4.22996,7.80071,5.62381,1.225067882864628,1402.29,0.318349156,0.39,3.56,0.49,0.93,13.39,28.7,16.6,3.6217244748,0.0052780228,0.38376,13.43255490964422,11.59675205278945
PUZLUS_clean,PUZLUS,8.398039817810059,15.091440200805664,0.46152078492276827,5034.2998046875,0.46152999997138977,8.4,15.09,5034.3,0.46,8.39804,15.09144,15.08737,0.46153,5038.68,1.606829459,0.7416,2.46,0.4,0.33,5.62,16.36,16.3,2.4588177198,0.0040854094,0.127144,5.622562474200448,6.575456955764169
QIWCOQ_clean,QIWCOQ,6.374239921569824,7.905360221862793,0.8875596287129116,1921.9000244140625,0.8875600099563599,6.37,7.91,1921.9,0.89,6.37424,7.90536,7.89587,0.88756,2480.11,0.583171842,0.5176,6.91,0.52,1.03,13.7,22.83,13.9,6.9735085086,0.005183978,0.420174,13.69938496115955,8.839539447843881
QIWQES_clean,QIWQES,4.396329879760742,6.444519996643066,0.8488393518454164,3129.719970703125,0.8488389849662781,4.4,6.44,3129.72,0.85,,,,0.8488393726670768,,,,4.05,0.41,0.54,8.61,19.58,14.6,4.0473571638,0.004184894,0.157586,8.600979498659559,7.045958086117574
QOFBIY02_clean,QOFBIY,3.8328800201416016,7.032750129699707,1.3319198823993943,763.8560180664062,1.3319200277328491,3.83,7.03,763.86,1.33,3.83288,7.03275,6.97007,1.331919281045598,943.801,0.20414139,0.2719,2.67,0.42,0.83,14.81,26.16,15.1,2.6438944123,0.0042483803,0.259795,14.7709838248961,9.176232145125635
QOZPOM_clean,QOZPOM,4.055769920349121,4.941770076751709,1.11877009902654,717.4190063476562,1.1187900304794312,4.06,4.94,717.46,1.12,4.05577,4.94177,4.93292,1.11879,946.696,0.349484711,0.2184,4.62,0.55,1.44,18.95,27.6,15.1,4.6473255087,0.0056661593,0.349842,19.07720126614133,10.15722036929296
QUZVEO_clean,QUZVEO,8.840299606323242,9.485529899597168,1.4036027300890788,1139.93994140625,1.4035999774932861,8.84,9.49,1140.27,1.4,8.8403,9.48553,9.48103,1.4036,1258.32,0.36000285,0.5053,1.26,0.17,0.18,7.55,19.44,15.4,1.0397256648,0.0014211205,0.132778,7.492225622695599,7.525660109160231
RABHIH_clean,RABHIH,4.88824987411499,6.973289966583252,0.9313679696079903,2352.75,0.9313600063323975,4.89,6.97,2352.75,0.93,,,,0.9313670735145988,,,,3.4,0.36,0.64,12.34,23.2,14.5,3.3834934609,0.0033916604,0.078185,12.34527638621321,8.77647289137202
RAHBUZ_clean,RAHBUZ,5.4858598709106445,6.806159973144531,1.1447305867811821,1734.219970703125,1.1447800397872925,5.49,6.81,1734.19,1.14,5.48586,6.80616,6.79539,1.144730615099972,1959.91,0.46323311,0.5303,3.93,0.4,0.62,11.05,21.89,14.4,3.9704603979,0.0040071559,0.131505,11.08208646134226,7.92157612573804
RAKDAJ_clean,RAKDAJ,7.8927998542785645,8.458239555358887,1.205091354333692,1707.0899658203125,1.20510995388031,7.89,8.46,1707.09,1.21,7.8928,8.45824,8.45069,1.20511,1919.76,0.406186987,0.4895,2.9,0.26,0.58,15.6,24.05,14.0,2.9237722519,0.0025259738,0.401581,15.6622586771856,10.85530710018787
RAVWAO_clean,RAVWAO,17.51395034790039,17.925159454345703,0.5365520051614681,2738.64990234375,0.5365520119667053,17.51,17.93,2738.65,0.54,17.51395,17.92516,17.92516,0.536677,2900.76,1.291953063,0.6932,2.61,0.4,0.46,7.94,20.44,15.5,2.6016310951,0.0041237749,0.270775,7.912443207410447,8.635502074754813
RAXQEO_clean,RAXQEO,4.247680187225342,8.853119850158691,0.8480510228249006,1684.300048828125,0.8480510115623474,4.25,8.85,1684.3,0.85,4.24768,8.85312,8.85312,0.8480510436861772,2022.96,0.488767775,0.4145,3.71,0.35,0.52,10.06,22.33,15.0,3.688422934,0.0034715658,0.337464,10.0359400141076,8.082347869405146
REFJET_clean,REFJET,5.870739936828613,6.27741003036499,1.4831828970151346,831.9869995117188,1.483180046081543,5.87,6.28,832.03,1.48,,,,1.483182092461189,,,,2.51,0.31,0.58,12.9,23.15,14.3,2.5293630695,0.0030373259,0.197037,12.93352718082548,8.01536179440175
REXGAE_clean,REXGAE,8.384360313415527,16.86751937866211,0.6546226208071654,3401.909912109375,0.6546390056610107,8.38,16.87,3401.91,0.65,,,,0.6546224879350646,,,,7.0,0.82,1.73,15.29,23.43,13.8,7.0047078804,0.0079131282,0.312935,15.28897253706348,9.563216733566026
REZXUQ_clean,REZXUQ,13.95995044708252,15.262909889221191,0.3619341418290044,4846.419921875,0.36193400621414185,13.96,15.26,4846.42,0.36,,,,0.3619340256565445,,,,0.64,0.24,0.1,2.64,10.96,23.9,0.6435740232,0.0024613338,0.136527,2.638038025863117,4.388080787582988
RUBTAK02_SL,RUBTAK,3.885590076446533,8.495369911193848,1.2384138839848309,1336.0799560546875,1.2384099960327148,3.89,8.5,1336.11,1.24,3.95727,8.46299,8.46299,1.23778,1328.04,0.487,0.6028,2.8,0.38,0.69,13.29,23.19,14.2,0.635617663,0.208489452,0.136843,3.0486801941423876,8.277305025793137
RUFZID_clean,RUFZID,8.779890060424805,10.670669555664062,0.7991657911219305,2439.989990234375,0.7991660237312317,8.78,10.67,2439.99,0.8,,,,0.7991658106644721,,,,1.99,0.3,0.35,8.05,20.81,15.6,1.9928645245,0.0029837537,0.232609,8.059719568610562,8.48388568334561
RUWZOA_clean,RUWZOA,6.387720108032227,6.557610034942627,1.0684018972978033,985.1939697265625,1.0684000253677368,6.39,6.56,985.06,1.07,6.38772,6.55761,6.55761,1.06840123342923,1221.38,0.247847248,0.2648,2.75,0.23,0.41,13.27,22.51,13.9,2.5503973604,0.0017626355,0.264712,13.17248303368711,8.961956917189678
SACDOR_clean,SACDOR,7.6376800537109375,8.106100082397461,1.2391811357324454,1638.5400390625,1.2391999959945679,7.64,8.11,1638.54,1.24,7.63768,8.1061,8.07477,1.2392,1859.22,0.395981278,0.4907,3.03,0.26,0.62,16.47,24.4,14.0,3.05346195,0.002520049,0.336488,16.53070495399018,11.04593884316189
SANHUN_clean,SANHUN,4.802499771118164,6.505829811096191,1.5990035426977696,799.1959838867188,1.5989999771118164,4.8,6.51,798.99,1.6,4.8025,6.50583,6.46746,1.59900238589417,988.166,0.235959975,0.3773,3.74,0.7,1.71,18.46,27.03,14.9,3.870330543,0.0072564174,0.424668,18.66389820042677,9.445675269954616
SEFBOV_clean,SEFBOV,5.150109767913818,5.658339977264404,1.0252844937799828,2419.169921875,1.025339961051941,5.15,5.66,2419.17,1.03,5.15011,5.65834,5.64688,1.025284519154649,2836.68,0.544014668,0.5578,3.81,0.33,0.53,10.62,20.33,13.9,3.8460004732,0.003459576,0.19539,10.58077791122381,7.228045379529501
SEHNID_clean,SEHNID,4.357560157775879,5.751550197601318,1.446234093207486,1016.219970703125,1.4462300539016724,4.36,5.75,1016.1,1.45,,,,1.446234128607288,,,,0.51,0.08,0.11,6.35,17.28,15.6,0.4189593132,0.0007544891,0.118644,6.15631062633041,5.799591862750461
SEHSII_clean,SEHSII,4.617990016937256,5.516270160675049,1.325292793312289,1693.4599609375,1.3252899646759033,4.62,5.52,1693.46,1.33,4.61799,5.51627,5.4977,1.325291559090124,2019.7,0.419002633,0.5553,3.22,0.35,0.55,10.82,21.32,14.2,3.3017992052,0.0034471585,0.12117,10.66469061383152,7.141219483438537
SETRAM_clean,SETRAM,7.605740070343018,8.05582046508789,0.99075140732147,1807.25,0.9907510280609131,7.61,8.06,1807.07,0.99,7.60574,8.05582,8.05085,0.990753,2069.95,0.520716103,0.5159,4.1,0.36,0.49,9.28,19.18,14.0,4.1722774745,0.0036850818,0.108851,9.23306361969108,6.721807925188056
SIVQAR_clean,SIVQAR,5.95196008682251,8.436929702758789,1.3538063887182987,1164.9000244140625,1.3538099527359009,5.95,8.44,1165.23,1.35,5.95196,8.43693,8.03277,1.35381,1339.29,0.363714258,0.4924,3.34,0.32,0.51,11.12,21.23,14.0,3.3873939536,0.0032230262,0.122621,11.12179349584605,7.489686957301355
SOKKUZ_clean,SOKKUZ,6.326650142669678,6.704840183258057,1.0596314451858542,2157.739990234375,1.0596599578857422,6.33,6.7,2157.74,1.06,6.32665,6.70484,6.70484,1.05966,2353.03,0.526395259,0.5578,6.15,0.52,1.01,13.48,21.93,13.6,6.305499143,0.0053181585,0.173852,13.51838638721751,8.019902662160947
SOMFEG_clean,SOMFEG,6.3425798416137695,6.71550989151001,1.0552814376098882,2164.43994140625,1.0553100109100342,6.34,6.72,2164.44,1.06,6.34258,6.71551,6.71551,1.05531,2363.91,0.529038861,0.5583,6.0,0.51,0.98,13.27,21.82,13.6,6.1540638079,0.0051224612,0.179043,13.30396885346931,7.965473506761374
SOPLAM_clean,SOPLAM,6.436389923095703,7.9933600425720215,0.7862438632441363,2808.75,0.7862629890441895,6.44,7.99,2808.75,0.79,6.43639,7.99336,7.96868,0.786263,3074.16,0.738811314,0.5809,4.75,0.46,0.64,9.69,20.38,14.3,4.7364499101,0.0044458357,0.165073,9.698997245282609,7.699498691216943
SOZRUW_clean,SOZRUW,4.011119842529297,8.817359924316406,0.9783323357992633,1834.4000244140625,0.978331983089447,4.01,8.82,1834.43,0.98,,,,0.9783323597312374,,,,5.91,0.54,0.92,11.89,22.1,14.1,5.9307371847,0.0055076308,0.136753,11.84862883278255,7.913340808376494
SURHEU_clean,SURHEU,3.8570799827575684,8.75391960144043,1.6191405844707898,1029.5799560546875,1.6191400289535522,3.86,8.75,1029.6,1.62,,,,1.619140624071123,,,,4.49,0.74,1.74,19.11,27.22,14.9,4.5143674237,0.0075248332,0.308785,19.33563799061345,9.806831290966901
TAQGEZ_clean,TAQGEZ,8.25862979888916,8.388859748840332,0.927218074699452,2092.050048828125,0.9272180199623108,8.26,8.39,2092.05,0.93,8.25863,8.38886,8.38886,0.937588,2379.97,0.664352935,0.616,1.76,0.22,0.25,7.46,18.52,15.0,1.6855925688,0.0021814962,0.255426,7.441221736250678,7.516291278628621
TAZYAV_clean,TAZYAV,5.185269832611084,6.369170188903809,0.8819959808035781,3308.14990234375,0.8820520043373108,5.19,6.37,3308.15,0.88,,,,0.8819955349860886,,,,0.68,0.14,0.1,4.64,14.54,17.3,0.6352909153,0.0014089363,0.07809,4.470893985167026,4.847348056539744
TIDMEA_clean,TIDMEA,4.952750205993652,6.05010986328125,1.746992353219547,852.2760009765625,1.746999979019165,4.95,6.05,852.02,1.75,,,,1.74699575219668,,,,0.42,0.07,0.08,6.53,17.29,15.4,0.3712809343,0.0006588056,0.095401,5.928562839972868,5.999554595735244
TILWAM_clean,TILWAM,4.4121599197387695,5.606019973754883,1.1294795391495243,2486.52001953125,1.1294599771499634,4.41,5.61,2486.52,1.13,,,,1.129479567844594,,,,1.16,0.18,0.16,5.45,16.07,16.4,0.9444381792,0.0017023403,0.022842,5.437567203420678,5.220562805563874
TIVYAZ01_clean,TIVYAZ,6.9204301834106445,8.952799797058105,0.7785411746778137,2748.280029296875,0.7785400152206421,6.92,8.95,2748.28,0.78,,,,0.7785404373042702,,,,1.29,0.23,0.18,5.12,15.89,16.9,1.2145772099,0.002253632,0.208689,5.13706157055995,5.917323156259886
TOFTIT_clean,TOFTIT,6.282859802246094,20.17115020751953,0.5984033379041129,3773.780029296875,0.5984029769897461,6.28,20.17,3773.78,0.6,,,,0.5984033524995945,,,,2.09,0.35,0.38,7.27,20.27,16.0,2.0931925885,0.0037068497,0.335118,7.266663485378379,9.379869340817688
TOVHUJ_clean,TOVHUJ,5.427949905395508,8.924559593200684,0.7471144698261803,3427.219970703125,0.7471140027046204,5.43,8.92,3427.22,0.75,,,,0.7471144882238162,,,,2.57,0.36,0.37,6.9,18.01,15.3,2.5991868734,0.0037350953,0.085692,6.902915631687176,6.609742725436341
TUNJET_clean,TUNJET,4.61368989944458,6.145780086517334,1.5094771038011128,761.8610229492188,1.5094799995422363,4.61,6.14,761.49,1.51,4.61369,6.14578,6.13896,1.50946,970.396,0.189601717,0.2862,2.42,0.38,0.77,15.15,25.63,14.8,2.4075634541,0.0036824137,0.223782,15.30266050077764,8.978603922056692
UKAQIH_clean,UKAQIH,4.787380218505859,7.008200168609619,1.168443986962452,1466.300048828125,1.1684399843215942,4.79,7.01,1466.3,1.17,4.78738,7.0082,7.0082,1.16844,1729.69,0.41123207,0.4805,4.64,0.54,1.03,13.99,24.69,14.7,4.7261970041,0.0052992766,0.143323,13.98618312087079,9.056312072467112
UMELAB_clean,UMELAB,5.390059947967529,6.293980121612549,1.6158030464003843,807.6380004882812,1.615839958190918,5.39,6.29,807.92,1.62,5.39006,6.29398,6.2901,1.615803085898757,997.007,0.221618477,0.3581,2.8,0.37,0.77,15.36,23.75,13.9,2.8670594097,0.0037451595,0.138697,15.57982558974066,8.322020453444996
UMODEH20_clean,UMODEH,5.204850196838379,9.817569732666016,0.5823257618471452,5015.39013671875,0.5823259949684143,5.2,9.82,5015.39,0.58,5.20485,9.81757,6.37863,0.581311,5201.42,1.146093425,0.6674,3.96,0.52,0.53,6.76,17.68,15.4,3.997214026,0.0050511217,0.140587,6.756880151752124,6.178704075470828
UMOYOM04_clean,UMOYOM,5.347489833831787,9.176899909973145,0.5704261781572194,4967.52001953125,0.5704259872436523,5.35,9.18,4967.52,0.57,5.39357,9.77588,9.77588,0.541654,5168.06,1.40754,0.7624,2.67,0.42,0.37,5.9,16.68,16.0,2.7043639651,0.0043359664,0.088604,5.896704106227218,6.010751680928594
UNADIX_clean,UNADIX,3.875190019607544,6.759309768676758,1.2415923044592574,1499.8299560546875,1.2416499853134155,3.87,6.76,1499.86,1.24,3.87519,6.75931,6.75562,1.241592334770145,1829.82,0.352836951,0.4381,4.39,0.44,0.9,13.95,23.11,14.0,4.3954475031,0.0046484872,0.167214,13.98552247952124,8.257143124717897
UTADIE_clean,UTADIE,4.976590156555176,5.973700046539307,1.5663974430882281,1261.6600341796875,1.5664000511169434,4.98,5.97,1261.66,1.57,4.97659,5.9737,5.79418,1.566397481786546,1561.09,0.336567926,0.5272,0.68,0.12,0.11,6.64,17.51,15.4,0.6681779156,0.0010781801,0.085272,5.938539938186085,5.74234360579614
UZAROE_clean,UZAROE,7.164889812469482,19.54541015625,0.9222164021632693,1629.780029296875,0.92221599817276,7.16,19.55,1629.78,0.92,7.16489,19.5454,19.54539,0.922207,1782.76,0.588907588,0.5431,0.91,0.18,0.16,6.24,18.3,16.2,0.9059280992,0.0018068441,0.302865,6.231599893271865,7.385564920772428
VAKBIU_clean,VAKBIU,3.811530113220215,5.766419887542725,1.0331721167935497,1169.0799560546875,1.0331699848175049,3.81,5.76,1169.28,1.03,,,,1.03317201420167,,,,6.04,0.75,2.34,22.83,30.0,15.7,6.1254807866,0.007521578,0.295277,22.846364884968,10.72440802724496
VELBAQ_clean,VELBAQ,7.34060001373291,8.450519561767578,0.7674647867927908,2764.469970703125,0.7674790024757385,7.34,8.45,2764.47,0.77,,,,0.7674647667986969,,,,4.18,0.46,0.82,12.33,24.2,14.9,4.1615998551,0.0045472858,0.64488,12.3189156148514,10.62840723743603
VEMMOQ_clean,VEMMOQ,8.578590393066406,8.838199615478516,0.8597618815996682,2145.0400390625,0.8597620129585266,8.58,8.84,2145.04,0.86,,,,0.8597619027330777,,,,2.67,0.3,0.37,8.17,19.18,14.8,2.6598177589,0.0030318644,0.234779,8.07811870743657,7.582968256287911
VILXOE_clean,VILXOE,4.590159893035889,5.3607001304626465,1.2053026009647758,1064.3199462890625,1.205299973487854,4.59,5.36,1063.72,1.21,4.59016,5.3607,5.36062,1.205302404204799,1347.04,0.303409939,0.3657,3.64,0.58,1.26,15.81,25.16,14.5,3.6266043364,0.0060234465,0.21486,15.98254190237387,8.601362514216998
VIXPUP01_clean,VIXPUP,6.90792989730835,10.938770294189453,0.6906932006884783,3408.239990234375,0.6906930208206177,6.91,10.94,3408.24,0.69,6.90793,10.93877,10.8516,0.693515,3566.19,1.02491266,0.7079,2.01,0.34,0.38,7.75,20.89,15.9,1.9550889996,0.0034454651,0.460291,7.754702560440096,9.75892249617142
WACLEU_clean,WACLEU,5.032979965209961,6.111020088195801,1.155008853419776,1200.8599853515625,1.1550099849700928,5.03,6.11,1200.86,1.16,,,,1.155008649388682,,,,3.52,0.48,0.81,12.56,22.53,14.1,3.5565896289,0.0049046876,0.172055,12.64918479294284,7.6650290675446
WAVRES_clean,WAVRES,4.220330238342285,14.93850040435791,1.0252117641303242,1909.5699462890625,1.0252100229263306,4.22,14.94,1909.57,1.03,,,,1.025211367319463,,,,5.59,0.76,1.84,18.06,26.45,14.7,5.7119518342,0.0077954606,0.316367,18.1171718505538,10.11592517700235
WEVQUJ_clean,WEVQUJ,7.274179935455322,8.440670013427734,1.4857458312035783,729.2139892578125,1.4857499599456787,7.27,8.44,729.24,1.49,,,,1.485745867891718,,,,0.49,0.08,0.07,6.09,16.64,15.7,0.4956231462,0.0007430086,0.170829,6.082580300346897,5.722371623372537
WIJXIY_clean,WIJXIY,11.55698013305664,14.243949890136719,0.47506872091898494,3642.3798828125,0.4750860035419464,11.56,14.24,3642.38,0.48,11.55698,14.24395,14.2332,0.475086,3646.01,1.631915064,0.7753,0.98,0.26,0.14,3.69,13.87,19.8,0.9761360401,0.0024110212,0.133828,3.686966269469463,5.767069515369224
WIPZEC_clean,WIPZEC,4.842740058898926,5.45688009262085,1.093010495155682,1311.3399658203125,1.0930099487304688,4.84,5.46,1311.36,1.09,4.84274,5.45688,5.44436,1.09301,1582.49,0.332476373,0.3634,5.7,1.11,2.76,19.46,28.43,15.4,1.973740533,0.384805914,0.205004,5.129184508843073,10.37979382714227
WIYMOG_charged,WIYMOG,7.549409866333008,12.054499626159668,0.4081017419587277,7043.43994140625,0.40810200572013855,7.55,12.05,7043.44,0.41,,,,0.4081015837789203,,,,1.02,0.28,0.15,3.78,14.37,19.7,1.009106168,0.002490512,0.153822,3.758559567107143,6.216157655276755
WIZMAV02_auto,WIZMAV,5.779280185699463,12.744990348815918,0.733163462941267,3075.610107421875,0.7331629991531372,5.78,12.74,3075.61,0.73,5.77928,12.74499,12.74499,0.735146,3287.3,0.864473521,0.6338,0.82,0.18,0.12,4.17,14.31,18.4,0.200229182,0.240860271,0.155218,0.8313084643170563,5.125604906943581
WUZQOZ_clean,WUZQOZ,5.826610088348389,6.972070217132568,0.9335959625766133,1821.489990234375,0.9335960149765015,5.83,6.97,1821.49,0.93,,,,0.9335959856406746,,,,2.61,0.28,0.36,8.75,19.32,14.4,2.5760932769,0.0028673551,0.078269,8.727815299520012,6.871656705541854
XAHPON_clean,XAHPON,15.332209587097168,17.29513931274414,0.2842649928979207,5193.4501953125,0.28426501154899597,15.33,17.3,5193.45,0.28,,,,0.2842649998322542,,,,1.54,0.39,0.24,4.07,15.05,19.1,1.5354613142,0.0038280734,0.190443,4.066269403277716,6.995780489132349
XAKZIT_clean,XAKZIT,8.020380020141602,12.232190132141113,0.8530979737461413,1920.719970703125,0.8530979752540588,8.02,12.23,1920.72,0.85,8.02039,12.23219,12.23219,0.853104,2199.39,0.526903123,0.4495,3.11,0.49,1.03,15.04,27.69,15.8,3.0932530087,0.004777893,0.526348,15.16234532055755,11.44236709963382
XAMGUQ_clean,XAMGUQ,6.659070014953613,8.477879524230957,0.9383676377230284,1877.06005859375,0.9383670091629028,6.66,8.48,1877.06,0.94,6.65907,8.47788,8.47788,0.938367,2251.84,0.488614796,0.4585,2.93,0.36,0.53,10.13,21.38,14.6,2.9134510901,0.0036425142,0.326849,10.09880869412961,8.006363786507727
XANMUX01_clean,XANMUX,6.871739864349365,7.0084099769592285,1.190101387680055,1168.72998046875,1.1900999546051025,6.87,7.01,1168.72,1.19,,,,1.190101416915519,,,,3.51,0.26,0.44,11.09,21.19,14.0,3.5184833881,0.002774471,0.170136,11.08614029974493,7.465547988312125
XEGKAX_clean,XEGKAX,4.941219806671143,7.817359924316406,1.0332068299647543,2253.550048828125,1.033210039138794,4.94,7.82,2253.55,1.03,4.94123,7.81737,7.81737,1.03321,2605.05,0.499801589,0.5164,1.58,0.22,0.25,7.65,20.02,15.5,1.5879967826,0.002186356,0.219289,7.66527665818477,7.796769611821842
XESKEN_SL,XESKEN,9.36476993560791,9.903800010681152,1.1083675290306179,1149.969970703125,1.1083699464797974,9.36,9.9,1149.97,1.11,9.36477,9.9038,9.9038,1.10837,1274.57,0.375416152,0.4161,1.07,0.17,0.17,6.0,18.53,16.7,1.0471974543,0.0016079583,0.269269,5.773524059010627,6.28670822989919
XEXLOD_clean,XEXLOD,6.830999851226807,7.188769817352295,1.177135231102506,1164.3900146484375,1.1771600246429443,6.83,7.19,1164.35,1.18,6.831,7.18877,7.15894,1.17716,1334.76,0.343198885,0.404,3.5,0.34,0.64,12.74,24.6,15.0,3.4751636166,0.0033416644,0.311861,12.69522088467238,9.515687361179445
XICYIT_SL,XICYIT,4.021890163421631,6.292399883270264,1.3323138261451684,1463.43994140625,1.3323400020599365,4.02,6.29,1463.44,1.33,4.02189,6.2924,6.26235,1.33234,1833.62,0.360193344,0.4799,2.43,0.29,0.49,11.76,22.28,14.3,2.4220468339,0.0030022893,0.158676,11.56548230774545,8.142522045395545
XIHSAJ_clean,XIHSAJ,4.012199878692627,6.084780216217041,1.0142092820775304,1791.6600341796875,1.0142099857330322,4.01,6.08,1791.66,1.01,4.0122,6.08478,6.08478,1.014208586715289,2258.35,0.45927372,0.4658,4.6,0.47,0.89,13.23,22.95,14.1,4.5894983726,0.0047007031,0.213973,13.22382877803542,8.252587060630331
XINWUO_clean,XINWUO,4.287990093231201,6.286159992218018,1.098250578502363,2139.639892578125,1.0983200073242188,4.29,6.29,2139.61,1.1,4.28799,6.28616,6.28616,1.09832,2419.54,0.491842086,0.5402,1.74,0.2,0.24,8.06,18.51,14.5,1.7362679561,0.0020559697,0.077282,8.059110229840169,6.405349698310031
XIPGUA_clean,XIPGUA,4.80417013168335,6.999000072479248,2.955354968615998,451.15899658203125,2.9553298950195312,4.8,7.0,451.16,2.96,,,,2.955354175721954,,,,0.16,0.06,0.09,4.68,14.64,17.3,0.0543379779,0.0001578835,0.065763,2.939486428400063,3.913723909787581
XOSPOK_clean,XOSPOK,4.5766801834106445,6.021389961242676,1.9480918117059105,943.2969970703125,1.9482300281524658,4.58,6.02,943.41,1.95,,,,1.948094533928444,,,,1.33,0.15,0.21,9.61,20.82,14.6,1.3198045223,0.0015010238,0.104317,9.365932857229263,7.16841964284696
XOVPUU_clean,XOVPUU,9.773329734802246,11.45503044128418,0.40495817211920615,4968.89990234375,0.40495800971984863,9.77,11.46,4968.9,0.4,9.77333,11.45503,11.42335,0.404957,4879.58,2.011566632,0.8146,1.16,0.32,0.17,3.57,13.31,20.0,1.1619323776,0.0029505026,0.078579,3.570737840186267,5.365121879198952
YARZEZ01_clean,YARZEZ,4.058849811553955,5.619770050048828,1.0287381063341303,1930.219970703125,1.028730034828186,4.06,5.62,1930.22,1.03,,,,1.028738131850209,,,,1.48,0.2,0.22,7.45,19.06,15.3,1.4785043907,0.0019404668,0.091498,7.452176592616344,6.446147069912842
YAVWAW_clean,YAVWAW,4.075479984283447,4.872270107269287,1.4637308469302286,782.8809814453125,1.463729977607727,4.07,4.88,782.74,1.46,,,,1.463729842578078,,,,2.67,0.33,0.84,17.37,27.1,15.1,2.6204694972,0.0030492079,0.177812,17.43705632839833,10.11592187462502
YAVWUQ_clean,YAVWUQ,6.622340202331543,15.485969543457031,0.7477847890053937,2927.800048828125,0.7477849721908569,6.62,15.49,2927.8,0.75,6.62234,15.48597,15.48597,0.747785,3130.17,0.858268085,0.6418,3.01,0.41,0.68,11.25,24.18,15.3,3.0115248797,0.00416774,0.131035,11.27167704235215,11.11230472963272
YEDLAV_clean,YEDLAV,3.8115599155426025,5.449900150299072,1.2588354954918577,783.0020141601562,1.2588399648666382,3.81,5.45,783.06,1.26,,,,1.258835526729824,,,,4.29,0.58,1.46,19.67,27.69,15.0,4.314338462,0.0058604271,0.286164,19.76926458047922,10.51547575997876
YEFNEC_clean,YEFNEC,5.676569938659668,7.0117998123168945,1.0301142434367552,2586.030029296875,1.0300899744033813,5.68,7.01,2586.03,1.03,,,,1.030114269013537,,,,0.86,0.19,0.12,4.36,14.1,17.8,0.7340159391,0.0016879136,0.041816,4.335663526770055,4.297173870003643
YEFPAA_clean,YEFPAA,5.650040149688721,6.991429805755615,1.0372281997290485,2564.659912109375,1.0372099876403809,5.65,6.99,2564.66,1.04,,,,1.037228225485926,,,,0.89,0.19,0.12,4.47,14.19,17.6,0.7416591583,0.0016749297,0.023559,4.441382211980056,4.339688375541931
YEQRIV_clean,YEQRIV,4.799320220947266,5.9963297843933105,0.7422714410785224,4273.7099609375,0.7422699928283691,4.8,6.0,4273.71,0.74,,,,0.7422698789259327,,,,0.36,0.1,0.05,2.74,10.51,23.0,0.2165204983,0.0009033618,0.04662,2.54501028611384,3.051806011190498
YINCEF_clean,YINCEF,4.389689922332764,5.2980499267578125,1.1417204795413238,1212.1099853515625,1.1417200565338135,4.39,5.3,1211.98,1.14,,,,1.141720348683353,,,,3.75,0.45,1.02,16.72,26.44,14.9,3.7782158136,0.0044792217,0.415989,16.86361991929497,10.33991979784312
YIWBIR_clean,YIWBIR,4.238120079040527,4.829639911651611,1.1336709175662198,1284.8199462890625,1.1336899995803833,4.24,4.83,1284.83,1.13,4.03966,4.58777,4.57856,1.03988,1217.85,0.507941,0.5282,5.37,0.97,3.18,25.75,30.69,15.8,5.4151922447,0.0097571603,0.480831,25.81078816428543,12.09168786770825
YIWMEW_clean,YIWMEW,3.802639961242676,5.719510078430176,1.307352606421813,1556.8399658203125,1.3073300123214722,3.8,5.72,1557.04,1.31,,,,1.307352639245095,,,,0.95,0.15,0.13,6.25,17.63,15.9,0.7612810491,0.0012563767,0.037218,6.04032122042189,5.757466117397044
YIWPID_clean,YIWPID,4.778540134429932,5.938720226287842,1.2743351972496422,1634.8199462890625,1.2743099927902222,4.78,5.94,1634.82,1.27,,,,1.274335228746921,,,,0.79,0.14,0.1,5.49,16.86,16.7,0.6784353558,0.0012832223,0.078572,5.296738445111556,5.403117191023993
YIXBIQ_clean,YIXBIQ,8.607390403747559,16.145450592041016,1.1680123758984566,1492.280029296875,1.1680099964141846,8.61,16.15,1492.28,1.17,,,,1.168012404450451,,,,0.93,0.18,0.13,5.06,15.39,16.8,0.9434546316,0.0016269254,0.045732,4.991819950724268,5.86613728110542
YIXYUB_clean,YIXYUB,7.366769790649414,7.997029781341553,1.6464503223134848,573.8670043945312,1.6464300155639648,7.37,8.0,574.83,1.65,7.36677,7.99703,7.98615,1.64643,662.233,0.181605048,0.299,2.9,0.25,0.58,16.07,23.35,13.6,2.9457344866,0.0025219858,0.273726,16.08003965617569,8.596264441070375
YOCCIE_clean,YOCCIE,5.180620193481445,6.8059000968933105,1.4163028209475095,740.3679809570312,1.4163700342178345,5.18,6.81,741.26,1.42,5.18062,6.8059,6.69956,1.416302855603726,887.487,0.216892479,0.2832,3.81,0.92,1.86,16.63,40.9,21.4,3.810031878,0.0092763024,0.403233,16.7706151123829,20.98373711469633
YORLEY_clean,YORLEY,9.824640274047852,14.11404037475586,1.5065404387379768,708.5449829101562,1.5065399408340454,9.82,14.11,708.5,1.51,,,,1.506541683000835,,,,1.01,0.21,0.37,13.48,30.15,17.3,0.9583813067,0.0020081169,0.925091,13.55051930398549,11.94900278261641
YOZCAS_manual,YOZCAS,4.312489986419678,8.461230278015137,1.2912851051877665,987.2210083007812,1.2913199663162231,4.31,8.46,987.12,1.29,,,,1.291285136737172,,,,1.78,0.22,0.32,9.97,23.16,15.4,1.7829825121,0.0022618276,0.119886,9.973577914682155,8.327054304470913
YOZYUJ_clean,YOZYUJ,7.350039958953857,8.327750205993652,1.0492449240502144,1714.7099609375,1.049280047416687,7.35,8.33,1714.71,1.05,7.35004,8.32775,8.32775,1.04924494971885,1939.58,0.493671851,0.518,4.16,0.35,0.54,10.26,21.42,14.5,4.1991592556,0.0036645983,0.218561,10.31338502950563,8.50182928479602
YUDFOU_clean,YUDFOU,6.344580173492432,7.640470027923584,1.0542523452309713,1801.97998046875,1.0542500019073486,6.34,7.64,1801.98,1.05,6.34458,7.64047,7.63187,1.05424,1975.08,0.473606829,0.4993,0.8,0.15,0.11,4.86,15.93,17.5,0.6991101444,0.0013709365,0.149131,4.856002943729334,5.821374683692714
YURKEC_clean,YURKEC,7.087629795074463,7.901010036468506,1.0739698735817722,1643.06005859375,1.073989987373352,7.09,7.9,1643.06,1.07,7.08763,7.90101,7.8976,1.07398,1880.37,0.450842187,0.4842,3.32,0.3,0.5,11.05,22.69,14.7,3.3208396489,0.0030891532,0.245297,11.05910425836893,9.357933057242494
ZARMAI_charged,ZARMAI,7.052309989929199,10.695030212402344,0.9753945425576422,1685.8299560546875,0.9754329919815063,7.05,10.7,1685.83,0.98,,,,0.9753945664947381,,,,3.04,0.37,0.57,10.53,23.36,15.3,3.0407892094,0.0035997218,0.228002,10.53034562821102,9.538375006781198
ZIQVAY_clean,ZIQVAY,4.507979869842529,8.561530113220215,2.0561525418137365,663.60302734375,2.0561299324035645,4.51,8.56,663.59,2.06,,,,2.056152592181974,,,,2.65,0.58,1.04,15.33,28.59,16.1,2.6988645806,0.006053951,0.290606,15.45612125373757,10.58081605030565
acs.chemmater.6b02817_cm6b02817_si_004_clean,acs.ch,5.645810127258301,10.39877986907959,0.8976883398624576,1658.3900146484375,0.8976879715919495,5.65,10.4,1658.39,0.9,,,,0.8976883618022609,,,,3.41,0.39,0.47,8.37,19.13,14.6,3.4714421061,0.0038271447,0.058009,8.362418230210432,7.042560036655354
acs.inorgchem.6b01211_ic6b01211_si_002_clean,acs.in,4.529029846191406,11.283809661865234,0.8228109395779586,2743.300048828125,0.8228110074996948,4.53,11.28,2743.3,0.82,,,,0.8228109596814676,,,,3.22,0.59,0.92,11.81,27.09,16.4,3.2116442854,0.0060425302,0.613689,11.81235288107237,11.55238255838284
acs.inorgchem.6b02413_ic6b02413_si_002_clean,acs.in,6.881629943847656,13.377320289611816,0.8042796348867912,2730.070068359375,0.8042790293693542,6.88,13.38,2730.07,0.8,6.88163,13.37731,13.37731,0.8042789871575181,2914.68,0.813523665,0.6543,1.73,0.28,0.25,6.32,17.89,16.0,1.7315077378,0.0027608979,0.050374,6.31993774914803,7.211119822631801
acs.jpcc.6b08594_UiO66_Ce2Zr4_opt_clean,acs.jp,4.072539806365967,8.497509956359863,1.272376567963435,1330.449951171875,1.272379994392395,4.07,8.5,1330.47,1.27,4.07254,8.49751,8.49751,1.272376599217156,1733.69,0.372137255,0.4735,2.65,0.36,0.61,12.66,23.02,14.3,2.6247401191,0.0035722502,0.372696,12.69746024899647,8.178591347210308
acscombsci.5b00188_5040209_clean,acscom,5.531429767608643,7.373199939727783,1.0462984871043801,1767.06005859375,1.0463199615478516,5.53,7.37,1767.06,1.05,,,,1.04629391425303,,,,3.53,0.65,1.15,13.51,26.09,15.4,3.5273405042,0.0064321992,0.377519,13.52458958811988,9.97752478921052
c4ce00408f_c4ce00408f2_clean,c4ce00,5.2388200759887695,12.627619743347168,1.0482721236409547,1725.3900146484375,1.0482699871063232,5.24,12.63,1725.4,1.05,,,,1.048268621775049,,,,2.03,0.52,0.72,11.73,29.92,17.7,2.0342169826,0.0051035505,0.534717,11.72677287366524,12.78763256143467
c5ce02194d_c5ce02194d2_clean,c5ce02,5.959440231323242,6.927849769592285,0.9519596348862064,1649.0400390625,0.9519799947738647,5.96,6.93,1649.04,0.95,5.95944,6.92785,6.79753,0.9519596581350347,1890.7,0.416920524,0.3969,4.59,0.61,1.1,13.11,25.02,15.1,4.5835374683,0.0058864606,0.311419,13.10382927748946,9.1533353146746
c6ce00126b_c6ce00126b2_clean,c6ce00,4.442580223083496,5.674409866333008,1.1302535907081788,1007.1599731445312,1.1302800178527832,4.44,5.68,1007.25,1.13,4.44258,5.67441,5.66536,1.130253618442824,1302.86,0.284531267,0.3216,4.18,1.27,2.35,16.45,27.94,15.6,4.1860123506,0.0129814791,0.178691,16.4512173214977,9.356514344545623
