,stat,p-value
Henry_CO2,14.319943977591038,0.21579246418884881
Qst_CO2,15.617422969187672,0.15593860409716293
Selectivity,14.859607843137255,0.18901479980210825
Qreg_TSA,15.592717086834725,0.1569371700726053
Qreg_VSA,14.938991596638658,0.1853069974677103
TOPSIS_score,13.598319327731105,0.25602198977279295
