,stat,p-value
Henry_CO2,20.0,0.0006844354690000178
Qst_CO2,34.0,0.008268248142618359
Selectivity,33.0,0.007119467263090898
Qreg_TSA,177.0,9.145634186529299e-05
Qreg_VSA,167.0,0.0010405947190282726
TOPSIS_score,23.0,0.0012703508949337648
