MOF_ID,True_LCD (A) Largest Cavity Diameter,Finetuned_Pred_LCD (A) Largest Cavity Diameter,True_PLD (A) Pore Limiting Diameter,Finetuned_Pred_PLD (A) Pore Limiting Diameter,True_Pore Volume (cm3/g),Finetuned_Pred_Pore Volume (cm3/g),True_Gravimetric Surface Area (m2/g),Finetuned_Pred_Gravimetric Surface Area (m2/g),True_Accessible Void Fraction,Finetuned_Pred_Accessible Void Fraction,True_CO2 Uptake @0.001bar (mol/kg),Finetuned_Pred_CO2 Uptake @0.001bar (mol/kg),True_CO2 Uptake @0.01bar (mol/kg),Finetuned_Pred_CO2 Uptake @0.01bar (mol/kg),True_CO2 Uptake @0.15bar FlueGas (mol/kg),Finetuned_Pred_CO2 Uptake @0.15bar FlueGas (mol/kg),True_CO2 Uptake @1.0bar 1atm (mol/kg),Finetuned_Pred_CO2 Uptake @1.0bar 1atm (mol/kg),True_CO2 Qst Widom Heat (kJ/mol),Finetuned_Pred_CO2 Qst Widom Heat (kJ/mol),True_CO2 VSA Working Capacity (mol/kg),Finetuned_Pred_CO2 VSA Working Capacity (mol/kg),True_CO2/N2 Actual Selectivity,Finetuned_Pred_CO2/N2 Actual Selectivity,True_N2 Uptake @1.0bar (mol/kg),Finetuned_Pred_N2 Uptake @1.0bar (mol/kg)
ABAYIO_clean,11.39486,10.809498727272711,4.3226,5.357149136363643,0.949126,1.0650148909090889,1505.31,1576.4257363636377,0.6636,0.6512381818181815,0.0086736824,0.008602738251818209,0.0818893369,0.07093160129499991,0.698030821,0.7037994146906071,2.1764030826,2.218065286620451,27.66530649131482,26.259090478304262,0.6161414841,0.5787112963227257,12.56625430206838,11.520428937557954,0.415162,0.3933490713636366
ABAYOU_clean,11.27344,10.513478500000016,4.5108,4.9545078636363575,0.979267,1.061891340909094,1494.4,1592.7710454545447,0.6638,0.6540127272727283,0.0083812243,0.00870022341,0.0807831006,0.08748161689363641,0.7016156573,0.6937658611518199,2.2534756888,2.1813874597845504,27.52679659214104,26.4897469659508,0.6208325566999999,0.6037867557745451,12.36030591384507,11.758234888700882,0.421908,0.3877020568181812
ABETIN_clean,9.47418,12.030230318181815,7.83744,8.418862545454546,0.597233,0.8300955227272734,3810.89,3153.537990909092,0.7302,0.7315345454545448,0.0029166996,0.00428869016431818,0.0288281032,0.04009201131363636,0.4431661145,0.5714766246831819,3.3710825042,2.8246236000790907,18.5478430663486,18.19133271762725,0.4143380113,0.6106471396304538,7.018212211800243,7.582082170503108,0.425017,0.4674577681818181
ABEXEN_clean,18.8079,13.929975409090918,13.71867,10.05369018181818,0.674371,0.8070798818181821,2447.09,2892.6779181818183,0.753,0.732268181818181,0.005518031,0.0071546380370454575,0.0539426204,0.05187647454272728,0.7038365512,0.5069882675268184,3.1483202986,2.4640508043459097,25.95154182656464,21.81618771519582,0.6498939308,0.4480553339986365,11.2721790506447,9.125648785102282,0.431072,0.39262208045454533
ABIXOZ_clean,6.22728,6.879652545454552,4.0515,5.516479147727274,1.91751,1.199716972727273,977.272,1753.826122727272,0.5866,0.6366045454545454,0.0001956596,0.008641683056590913,0.0019441365,0.07427442566045458,0.0294246197,0.7492974049209093,0.20249615,2.7987861355440926,14.19766892463236,21.988165867461284,0.0274804832,0.6731436831286366,3.978188706690645,12.231586049692654,0.0499353,0.35232729181818156
ABULOB_clean,4.86958,6.522179636363633,4.16445,5.084896962121212,1.31921,1.537656745454546,898.121,1046.6457522727276,0.5364,0.5592181818181817,0.0170806855,0.030689845796818164,0.1670266591,0.1363057820113637,1.8955147539,0.843443856791819,4.5012686221,2.231000395741817,28.2541960688733,24.401203992497646,1.7284880948,0.7416950460868181,17.03629528277695,13.247459701613492,0.834771,0.38399777409090896
ABUWOJ_clean,5.07969,6.002796580808076,4.03039,4.307378278950217,1.15833,1.20328069090909,1506.68,1277.587168181818,0.621,0.5612770454545452,0.0090712774,0.01017983905340909,0.0914059889,0.10686992371121198,1.2352459271,1.126422730807726,4.7900243114,3.8638923913226306,25.34032581907865,24.43674939201708,1.1438399382,1.237096336119546,17.71753449953557,15.61904075617288,0.489032,0.5546121336363634
ACAJIZ_clean,6.1865,23.760511999999988,5.74044,17.900216090909066,1.30148,0.6008630909090908,753.879,3469.927727272728,0.4824,0.872496363636364,0.0043166486,0.019046701962272743,0.0428930955,0.12040222468015153,0.6307235219,0.7993511324559092,2.5073505805,2.689142849509092,24.47856010281837,20.690674220453953,0.5878304264,0.6868142315177271,14.86953054683964,9.354646447003946,0.305414,0.5006569054545452
ACAJOF_clean,6.86398,6.056215781565654,6.10482,4.720806493939395,1.21871,1.2766001318181819,920.046,1237.848063636363,0.513,0.5658877272727271,0.0029615823,0.006556048086006496,0.0293198067,0.05191117591154547,0.4806914139,0.7008720403816666,2.7653180197,3.1090421360111944,22.99710851825505,23.998427901921783,0.4513716072,0.6743593270345454,12.70576595986408,13.081887894800577,0.263889,0.3373858036363637
ACIBOE_clean,8.25776,8.445845727272728,7.03071,5.594729363636361,1.10094,1.0571859409090905,1873.86,2007.9420590909092,0.6554,0.62709,0.0025550341,0.005524955502897724,0.0250904153,0.061945336766818196,0.3865334666,0.8057313745020654,2.9266384678,4.066224552688334,19.43924831145585,21.81403479281801,0.3614430513,0.7420229970972725,8.448307441841544,11.517274772157515,0.311873,0.4606226427272729
ACODON_clean,7.1439,6.17116604722222,4.65537,4.703721539481351,1.14924,1.1557540681818175,1505.09,1434.0437636363627,0.598,0.5831118181818182,0.0069125437,0.007054517129948052,0.0701530823,0.07390670420520833,0.9580861982,0.9273072530494695,4.6317404467,4.138778365434487,24.24226882030298,23.79739375472188,0.8879331158999999,0.959155129531365,13.53308301032064,14.025859646728959,0.497659,0.4659937655194808
ACOGAB_clean,5.20085,5.688112909090909,3.89327,4.432233869318183,1.15458,1.2726736954545472,1240.99,1066.2293227272744,0.5566,0.5493443939393938,0.0189807961,0.01625457737118185,0.1891889922,0.16015050058877242,2.1878496083,1.8364978495309108,4.8218285609,4.247299606055518,27.31574767739696,26.846879439547447,1.9986606161,1.671404153949091,19.45039039922733,18.39661748195271,0.8470200000000001,0.6997017068181822
ACOGEF_clean,5.20115,5.651081605027535,3.94888,4.236043719230771,1.25952,1.2274574606060629,1138.35,1166.2987324675312,0.5544,0.5535360606060612,0.017596108,0.015543039362727298,0.173424918,0.15428992633999977,2.0128966153,2.0041856067463626,4.3941853155,3.8096546867636367,27.41007547163628,26.646484830313955,1.8394716973,1.7480963768195439,19.51270484488519,18.57648051435867,0.7735679999999999,0.7139543803030292
ACOLOV_clean,8.42183,7.635260818181822,5.53552,5.156113272727273,0.863411,0.938340686363637,2579.3,2342.8614454545454,0.6794,0.6410345454545457,0.0033081968,0.008279667060681813,0.0330909003,0.08228303518272728,0.5069510107,0.9519045253750008,3.7049810172,4.326916478300451,19.6809345066346,23.4742713906065,0.4738601104,0.8728029818418183,8.795054292904338,11.457264958752265,0.394811,0.516730416136364
ACUBAB_clean,6.48174,6.164994863636367,4.30295,5.334012239898989,2.30944,1.446047381060606,536.484,1307.417736363636,0.5252,0.5704272727272721,0.0013147389,0.011573950825227289,0.0131939091,0.060846995358636344,0.19244588,0.7739008734090912,0.9952024044,2.498024189776819,21.04176181415352,24.594007072762096,0.1792519709,0.6460014733818182,9.91222940625949,12.386444209887596,0.136227,0.3524440295454544
ACUFEK_clean,15.55627,18.232835636363653,9.00897,7.988217000000001,0.559431,0.5364930727272732,3941.72,4474.733981818182,0.787,0.7992845454545447,0.0017941176,0.0030245531822727257,0.0184681684,0.03313325762499999,0.2799127884,0.36630622781363675,1.9166351821,2.3807672709704564,16.94692435781718,18.756924207979438,0.26144462,0.3391322486531819,5.470520918575987,7.144293353443795,0.345544,0.416990525
ACUJOZ_manual,11.50806,11.315049681818188,7.82539,9.417146772727268,0.694288,1.002073481818182,3375.59,2610.377327272729,0.739,0.6895963636363637,0.002000537,0.020766140995,0.0201962953,0.1967752972077272,0.3033853465,1.01520879660409,2.0768309828,2.901337785236819,17.25385779546832,20.603356322368303,0.2831890512,0.781970910735454,6.248850971530698,8.04603280556386,0.331325,0.8939328649999989
ADARAA_clean,12.29205,11.99714390909091,5.40077,6.753540454545455,0.881935,0.9752637000000004,2485.27,2396.575950000001,0.6948,0.6604509090909093,0.0045014241,0.009202156785909093,0.043983779,0.10385404616227273,0.6237614033,1.0554365572331819,3.3765594625,3.5280105954745493,22.53991086341233,23.561372099371958,0.5797776242999999,0.8554708941590913,11.45146635123943,11.223529652339632,0.376167,0.4872920800000001
ADASAB_charged,22.82402,25.391847363636348,13.49014,11.604239909090898,0.343942,0.39255045454545445,4829.51,4638.213863636365,0.8736,0.8616190909090907,0.0007893421,0.0023160105513636356,0.008221574,0.02455177086518181,0.1235763764,0.303961926014091,0.8405339896,1.973133106100911,12.11407218609142,14.689544271999086,0.1153548024,0.2696597426904544,3.023281884873256,4.105629971233097,0.271385,0.39456481181818165
ADASEF_clean,21.62414,22.069558000000022,10.92309,13.319438954545452,0.435607,0.35476130909090886,4179.02,4529.991363636362,0.8462,0.8580472727272732,0.0017475376,0.002319392469999999,0.0181937237,0.02551837686804545,0.2629437546,0.2864613758495457,1.549529447,1.7841609409709078,18.2690648933831,15.672170704915217,0.2447500309,0.24814865982909068,5.496176854273687,4.504940622707135,0.321578,0.36668003909090885
ADATAC_clean,26.33515,22.25578309090911,10.27637,16.33650881818179,0.33727,0.4071929727272727,5129.28,4518.0865,0.871,0.8517627272727268,0.0018357013,0.0025876967439393927,0.0188578545,0.024816002476893948,0.2674599635,0.2792111634713637,1.5660036977,1.9793135345095458,17.76504433927229,15.972892926418869,0.248602109,0.2864201417921829,4.891459887529803,4.582683692312166,0.369568,0.38212093454545465
ADATEG_manual,27.33782,23.564460499999996,13.33904,13.95085422727271,0.238777,0.42108047727272735,6170.7,4567.710000000002,0.896,0.8504399999999993,0.0010209203,0.004166645123363639,0.0100265572,0.02997955132053032,0.1531173653,0.3528615557618181,1.0414093324,2.260224673532726,11.42868668574207,14.117430657181297,0.1430908081,0.2783676427740906,2.737615527535001,3.6632018703766636,0.371275,0.38987793181818126
ADATIK_clean,24.55082,21.76032386363636,12.17426,16.290001409090895,0.377577,0.3920870181818181,4535.57,4226.592272727275,0.8764,0.8713736363636365,0.001346617,0.003683246888333333,0.014199904,0.023305583436545447,0.2029835279,0.25085586944636346,1.230892569,1.7593799532813625,16.79548633226026,15.285675383434134,0.1887836239,0.25913108982181804,4.546628717295643,4.3684059742065475,0.299673,0.36371266636363614
ADATOQ_clean,10.5421,11.531489727272731,9.07611,6.2586872727272755,0.632077,0.9232187318181821,3677.95,2481.163931818183,0.7278,0.6983445454545454,0.003939503,0.005138463327272729,0.0433066372,0.04689341507568179,0.6301438057,0.6341409863877276,3.4108316102,2.8837877289881813,22.74807490516706,19.787201151169903,0.5868371685,0.5298769214054543,10.89804342039982,8.610504176600044,0.385152,0.39477871863636305
ADAXEK_clean,5.76724,7.6040079090909085,4.10445,6.63965718181818,1.26343,1.2071229166666673,1033.38,1334.6651454545454,0.5042,0.5928668181818175,0.0237671048,0.008779175006584592,0.2276912293,0.0843552670865909,2.2295874196,0.8215331247147732,4.3145252698,3.0577092458495443,28.84065983196423,23.132770663348207,2.0018961903,0.7076392392827272,21.15052387406449,14.116427494920192,0.815182,0.3696026650000001
ADAXIO_clean,5.72682,6.114197787878792,5.00855,4.851207956709956,1.28062,1.3255242999999999,890.52,1216.0641906060607,0.4934,0.5539519696969696,0.0122080673,0.00858098734522727,0.1231934837,0.08928961295390152,1.5278839038,0.9118756651675455,3.6034997236,3.24339621972591,25.91253593209252,24.569678423934576,1.4046904201,0.8549380329594316,17.62393215286723,14.693001780377227,0.66577,0.45109973409090925
ADOCEC_clean,5.40135,6.463242649999997,3.83278,4.516523207792205,1.53544,1.335988431818182,613.56,1166.219670075757,0.4904,0.5687415909090909,0.0051535044,0.01685433979969696,0.050454297,0.14432300486454544,0.6588427573,0.8625447581395457,2.5411173293,2.7179608903913666,25.17784229154671,26.56157146835607,0.6083884602999999,0.8395244852377273,17.83425247364708,14.577093267806246,0.265516,0.389421594090909
ADODAA_charged,10.017,12.125633181818174,4.9065,6.465835363636363,1.03876,1.2524594409090912,1977.46,1578.8561590909112,0.6856,0.6379918181818183,0.0010431207,0.006670335521818189,0.010250756,0.05496029948318182,0.1553452301,0.5237135120568183,1.1072481275,1.9724458896568167,17.03539296744461,22.8983390441304,0.1450944741,0.47434985357772685,6.107111473477433,9.59143221703755,0.171038,0.33900233363636373
ADODII_clean,5.97541,23.088431999999983,5.30365,17.525605909090885,1.21661,0.557933990909091,897.412,3607.6660909090915,0.5394,0.8681490909090915,0.0111957763,0.01947965182136363,0.1103023603,0.1469700897746969,1.3385891134,0.9427871390272731,3.3798059363,2.7134159160590916,25.37479822707967,20.87060441992485,1.2282867531,0.7590976897159095,17.21010307989061,9.702266560485958,0.598103,0.5163948590909088
ADODOO_clean,5.9443,6.094641904545445,5.31331,5.05074270192838,1.28796,1.3076279727272722,818.961,898.4550636363656,0.5256,0.527198181818182,0.0132651151,0.013172955917038556,0.1295403747,0.13390624074170432,1.4576404152,1.456465678875004,3.2825193589,3.5604155740821177,25.97114599400916,25.929227411362696,1.3281000405,1.3516918992645424,17.3964513673966,17.322332968132244,0.6571520000000001,0.6502326340151512
ADODUU_clean,5.93338,6.1065089027777875,5.29096,4.984751746753243,1.31573,1.2439217363636355,798.439,929.8778727272735,0.521,0.5312918181818173,0.0139186774,0.012921919405545436,0.1394830715,0.13111497705727262,1.5115644845,1.4179847024472694,3.2564337869,3.246787656907997,26.24955004723165,25.886694171413133,1.372081413,1.2405966228240919,17.4696519243458,17.11304879386577,0.687068,0.6111228540909085
ADOGEH_clean,12.71447,12.100433000000013,5.05258,5.684706590909099,1.01991,1.0558159818181823,1958.14,1972.8981181818222,0.677,0.6731672727272726,0.054292403,0.00854922942712122,0.3461233189,0.05950128504363644,1.3486466485,0.5673291347627278,4.7784072728,1.9908568430963642,33.51340632061897,25.658358459184665,1.0025233296,0.4310734417972734,12.10796697000601,10.777804544800203,1.14726,0.3663965818181812
ADUROI_clean,25.68553,17.046171863636363,17.12424,10.700413909090914,0.402567,0.5616923363636362,3194.1,3520.058450000001,0.8358,0.8359263636363636,0.0008533261,0.003582114864045454,0.0084821507,0.029929088471969695,0.1257304958,0.307899074137727,0.8452195426,1.9841862340040906,13.28292063170816,15.640744853320125,0.1172483451,0.311031336075909,3.385251628643844,5.167846365395498,0.248787,0.38815934227272725
ADUWIH_clean,9.28386,10.104717863636363,6.55138,6.029886272727268,0.722123,0.9157576454545461,2844.14,2423.613549999998,0.7098,0.6751790909090907,0.0032033706,0.006685355023863642,0.0320417255,0.05961050768959959,0.4844242717,0.8099703596731818,3.6805135495,4.574875479386897,19.57520880969194,22.160409710522657,0.4523825462,0.7386874275018183,8.375822672058533,10.504743592998048,0.392548,0.48344836318181805
ADUWON_clean,16.37935,16.225886409090926,5.99724,7.8715832727272765,0.521247,0.656923668181818,4587.82,3453.8691909090903,0.7844,0.7673718181818172,0.00327318,0.00570721481227273,0.0309644238,0.041450325952045466,0.4864925729,0.4737253016049998,3.6090143539,2.4347032807786384,17.33898363598986,17.275804294629324,0.4555281490999999,0.4409695064404546,6.692091256794169,6.5711653030416075,0.491627,0.42962452181818156
AFEJOK_ion_b,5.99825,6.13994263982684,5.12689,5.134671954545459,1.10129,1.2204779863636361,1489.79,1336.9317681818184,0.5808,0.5879390909090908,0.0054194464,0.006459104116818184,0.0536884667,0.06451994169657198,0.786100305,0.6211920345388635,4.2574846756,3.489016075803637,22.5067069062846,21.474148124047264,0.7324118383,0.6870836984113632,12.08230268905496,12.007438871921671,0.457412,0.3205532345454544
AFITEP_clean,4.64022,6.3478321136363665,4.09997,5.07381124675325,1.06928,1.2111662734848487,1422.49,1256.4607000000003,0.5262,0.5653143636363633,0.0367796335,0.015052517487499981,0.3565309834,0.139991410720303,3.4321685281,1.6689354992565906,5.9077104907,4.68698283164693,29.51515714123277,24.609173824819113,3.0756375447,1.5767465356881825,21.63177234913769,17.244958022043644,0.0377439,0.7164568951948052
AFITUF_clean,7.14066,6.8188788240259735,5.08524,5.026358015151511,1.32285,1.169058386363637,1051.86,1530.0172560606065,0.5322,0.5827,0.0047220137,0.012291422057272716,0.0478777122,0.11515364967454544,0.6450404116,1.123164362989318,2.7488028889,3.4333505311431813,24.71869702348553,26.12642203333139,0.5971626994,0.875316503577499,14.92045434917717,14.263962863164478,0.030509,0.5113175804545453
AFIXAO_clean,6.3306,7.6791612727272724,4.52097,4.991368704545454,1.12223,1.0896488772727275,1176.44,1923.2216409090913,0.5702,0.618106363636364,0.0047559961,0.008111094503636373,0.0472675399,0.07146023323090912,0.5570825681,0.7857671543018189,2.1444518351,2.9231895657690923,25.45867297048443,25.035548726674286,0.5098150282,0.623448613131818,11.80842985592131,11.920902975159963,0.343339,0.35938120136363644
AFIXES_clean,6.43864,7.000297863636366,4.7481,5.0629274734848515,1.12574,1.3174864863636355,1159.23,1488.5492272727276,0.5758,0.5825781818181819,0.0048962719,0.01042692367590909,0.0489091981,0.07824980775136364,0.5542412284,0.7184753841454543,2.1566135287,3.054055654398636,25.73141453453129,25.19092462076626,0.5053320303,0.6270475872700004,11.82708408124953,12.921296463376537,0.338632,0.3716518345454545
AFOTOF_clean,8.7931,8.706113015151505,6.77287,6.77593568181819,1.07439,1.0711131863636352,1533.66,1619.6075636363644,0.6144,0.6181668181818182,0.0099737636,0.009389016069318192,0.1005347236,0.09006285702863633,1.0621202166,1.006299177656818,4.0264947798,3.978730846275912,28.61420909034257,28.17916698804074,0.9615854929999998,0.894551209630907,13.26157117628873,12.839507347702778,0.586742,0.5419996068181827
AFOTUL_clean,8.80212,8.835032272727272,6.81408,7.170320113636373,1.05969,1.0562724727272712,1588.47,1561.6857636363632,0.614,0.6192143939393944,0.0098642306,0.009449891229840909,0.0924439137,0.08612569509363627,1.0346468246,1.0204009551718927,4.0988839742,3.79429636210968,28.21564565668998,27.682697622041683,0.9422029109,0.8695771363919093,13.09814740467571,12.948476975973504,0.573493,0.5288763708116881
AFOVAT_clean,8.32882,7.19526651515151,6.54754,6.0956200454545435,1.04077,1.0903390409090905,1605.18,1781.2390999999998,0.61,0.6385181818181812,0.0114678296,0.006650094210503789,0.1152600335,0.05737504072355303,1.1592064396,0.6948622506740152,4.2318603061,3.9872752798353046,29.30542715906042,23.57136192027623,1.0439464061,0.6729493921831815,14.47554378842019,11.911408716927259,0.5816600000000001,0.42695109590909136
AFOVEX_clean,8.81515,8.098917136363632,6.86051,6.349574590909093,1.02206,1.0917593363636349,1637.43,1617.6077045454547,0.619,0.623413181818182,0.009722832,0.0081792344833788,0.0906819045,0.08390797546808437,1.0202175317,0.9280957304305602,3.9275753492,4.0917884795943555,28.21398404805707,26.180197881444894,0.9295356271999999,0.8173433360826817,12.82165821502583,12.823280261246325,0.57416,0.5059358427272729
AFOVIB_clean,8.79334,8.71891922727273,6.74118,7.012136409090915,1.0948,1.108757463636362,1513.94,1573.0461272727255,0.6104,0.6173272727272737,0.0103029682,0.009512636336090896,0.1013592136,0.09691530558280279,1.063374117,0.977230468873142,4.1591508079,3.7576752943746845,28.6968250352152,27.673926136608376,0.9620149034,0.859816893126909,13.17941899764236,12.888667868275004,0.587923,0.5294624767207793
AFOVOH_clean,8.78847,8.53387693181818,6.84598,6.777337750000001,1.04816,1.0641170590909093,1587.32,1662.463913636361,0.6228,0.6164147727272734,0.0099304011,0.009297581540357142,0.0959057903,0.08839015594272719,1.0411940873,0.9962372888649998,4.0491303256,4.029320773482764,28.54273018656536,27.275442918452104,0.945288297,0.9093234849659082,12.98406355969748,12.934470635439878,0.581847,0.5665308030303036
AFOYAW_clean,5.94533,6.197904116504328,4.22739,4.717607704924241,0.978122,1.1597266227272724,1850.89,1390.7749318181818,0.6112,0.5815609090909087,0.0083194098,0.008786718719090902,0.0808177852,0.09526732110333332,1.218223772,1.0908046532288633,5.6632575448,3.917669286023941,23.88148832641101,24.023862069316205,1.1374059868,0.9525240635772722,16.46327874640165,14.201359996817832,0.516895,0.475456442424242
AFOYIE_clean,9.08566,8.112369204545459,8.61929,6.458850863636358,0.761887,0.9647114090909098,2697.6,2035.6663363636364,0.71,0.6566036363636365,0.0022188908,0.004047141114318182,0.0225827105,0.03327663634872471,0.3525463968,0.5146611699654546,2.6787327312,3.7112946057047718,18.81550070573552,19.325194930785,0.3299636863,0.4492615544409088,7.589071173762113,9.031242543736463,0.314318,0.31369358454545443
AFOYOK_clean,7.73482,6.80004599242424,5.71785,5.714189181818181,0.979448,1.1698000488636364,1668.18,1405.3796393939408,0.588,0.582872272727272,0.0035912047,0.006258750292954552,0.0355212395,0.062364120580974035,0.5713488387,0.8191268224079549,4.6477945888,3.817622763514935,21.44177367526694,22.834641155310337,0.5358275992,0.729709504459091,12.69487913802142,12.655718106062713,0.309586,0.42474100272727267
AFUKET_clean,5.96671,7.4053138636363665,4.7743,4.928129249999998,0.9597,1.1382064227272726,1731.99,1472.204922727273,0.5958,0.5741527272727266,0.0283763864,0.016776743794545447,0.2205607149,0.1225754479622726,1.5371968318,1.2340078037154543,5.5110275383,4.045067684720453,31.31228684044895,25.858824629328478,1.3166361169,1.131577108681818,13.81839991801368,15.665655373592761,0.98241,0.6077003904545453
AFUKIX_clean,8.69504,8.640459590909089,5.47442,6.156429136363634,0.784292,1.0662175090909098,2572.85,1974.8416909090895,0.6382,0.6296327272727272,0.0043846218,0.008267232859318187,0.0446664464,0.07695714246727273,0.6258553822,0.8805819780195455,3.8088221844,3.7409257284507573,22.4977470732423,24.46523469190992,0.5811889358000001,0.8017727141013641,10.14546906395446,12.615998605021922,0.424098,0.4660715604545455
AFUPEX_clean,5.43312,5.760126882575761,4.58891,4.665222750000001,1.38641,1.2128441727272716,1590.39,1734.218800000002,0.6146,0.6077845454545457,0.0035474642,0.007290551464621902,0.0363056462,0.07393073156714394,0.5571550158,0.9371285835754544,3.3405345872,3.5098864701665913,21.31604036369879,22.848063713426292,0.5208493696000001,0.7797751715909085,11.19564652767357,13.46866900298865,0.345294,0.4425822677020201
AGABIU_clean,12.57098,15.59169781818182,10.82742,13.033600909090902,0.647122,0.8756251318181828,2769.29,2350.060813636365,0.7402,0.6998336363636363,0.0003876822,0.003066121978560609,0.004246556,0.03860358722242042,0.0656791089,0.4390003914440911,0.449980581,2.048729909969546,12.26919708951046,20.91623029889431,0.06143255290000001,0.37958027740659117,3.215606327293414,8.434192813025312,0.138372,0.3292990472727273
AGARUW_clean,6.77693,6.558764803030304,6.25183,5.344040651515152,1.77195,1.288926097727273,759.804,1271.1669181818177,0.5056,0.5588781818181816,0.0013714605,0.00551849176416667,0.0138657806,0.05800583774628785,0.2120239303,0.6805721433860914,1.3800661585,2.6079156357345448,19.60139721497743,22.938808973186816,0.1981581497,0.6725426888881821,9.464315787357846,13.010035229715841,0.156992,0.3887854413636364
AGOFEJ_clean,12.6138,16.24951304545453,8.71559,13.01546759090909,0.583675,0.751528886363636,3357.77,2622.8262954545457,0.767,0.7567100000000004,0.0025596817,0.0035548803324621206,0.0271994512,0.04333152362749997,0.3780280928,0.4635221453345456,1.9669628757,2.401409691530454,20.82979436101395,18.89192731637043,0.3508286416,0.4535659519277279,7.393678681975984,7.5983974677009085,0.348858,0.396118401363636
AGONAM_clean,5.63222,6.347955954545452,4.90729,4.996145549242425,1.43768,1.2594261469696983,953.171,1131.196175757576,0.568,0.5559831818181815,0.0042693844,0.008238970654344925,0.0419746385,0.08304597826681813,0.60780417,0.8240425707172729,2.672878161,2.8615844708146514,22.56157232031557,22.879123544274865,0.5658295314999999,0.7368332610563636,12.12573241529781,13.291402436397386,0.362186,0.41737036590909077
AGONEQ_clean,6.16099,6.633497613636368,5.90611,5.597291954545455,1.08253,1.0886816454545454,2090.61,1909.8313363636348,0.6752,0.6338972727272734,0.0021492472,0.004667439588995868,0.0226791556,0.04811445228613638,0.3505973908,0.6553265039739999,2.6399261172,3.247318383896361,17.71791888004394,19.972245222991504,0.3279182352,0.6874913241077266,7.308392629870688,9.57364512622952,0.328261,0.4635172318181815
AGOVOJ_clean,13.91201,16.93262168181819,9.20691,9.918122181818177,0.616035,0.6506270727272727,3431.85,3642.674986363637,0.7722,0.774739090909091,0.0015805622,0.005261775674090912,0.0145023515,0.04874969145227274,0.2267358084,0.41556626475363645,1.470527351,2.183480599379091,17.17350299637961,19.394911521697363,0.2122334569,0.3966581339163635,5.723966062630661,7.24358055542411,0.271168,0.4138132490909087
AGUBUA_clean,5.46218,6.2220294772727325,4.59563,5.330157068181821,1.83317,1.3264945363636378,734.196,1512.210872727273,0.576,0.5700672727272724,0.0115399694,0.011728215098636361,0.1148304709,0.08416935951136369,1.3170226061,0.8659107120854543,2.9574066552,2.6708463397249993,26.13034982507809,23.787518117631695,1.2021921352,0.8086662434954548,16.23571381592219,13.24312984205345,0.627168,0.4155840704545454
AGUVOO_charged,6.0722,6.400478918181818,4.11181,4.650326909090911,1.16455,1.419104104545454,1302.94,1149.8211742424237,0.582,0.5623963636363635,0.003301675,0.008920866347651518,0.0340033559,0.08735830604363633,0.5013019622,0.7545113199309094,2.717305111,2.7163315910540917,22.3493060769521,24.05766231650358,0.4672986063,0.6365473569545455,11.13121346016679,13.015311085066696,0.313706,0.32750141136363636
AHEQAH_clean,9.26829,9.594777227272727,6.21673,6.450520772727272,0.759287,0.8434375272727275,3181.91,2805.663127272726,0.7146,0.6920490909090912,0.0034391724,0.0074649732651136435,0.0356860607,0.06625700576090908,0.5541552361,0.8050752861690903,4.0480127568,3.9127629633940892,19.87655007507289,21.603680547023412,0.5184691753999999,0.7487101276318184,8.553060082205361,9.864633973063295,0.440397,0.5037884349999999
AJAKON_clean,5.2765,6.109260246969697,4.32303,4.432223244696967,1.36723,1.2799200909090913,780.005,1043.1659886363639,0.5024,0.5451113636363636,0.0088331737,0.012244319197348485,0.0879754354,0.12410104095909084,1.1131164529,1.4284005625004539,3.1313374514,3.6616878761984095,27.24940733944657,26.72764429742627,1.0251410175,1.2926005350109084,19.63815102581728,18.244288147723175,0.420336,0.6000808372727269
AJAYIT_clean,7.12611,7.210030636363638,4.89301,5.075395484848486,1.98392,1.5949126636363637,423.782,844.8519000000005,0.4314,0.5377272727272723,0.0,0.006101601853787881,0.0,0.06258397565454547,0.5625215714,0.49354095377818136,0.0,1.7606009120377266,25.14540047800167,22.68816605409684,0.5625215714,0.4306493355636362,15.84145012290162,11.48337653092689,0.272475,0.26038738681818185
AJIGIL_clean,6.71352,6.88106122727273,5.54656,5.129238640151514,1.08988,1.4122009499999988,914.419,1072.7661590909092,0.4838,0.5389872727272725,0.0023339671,0.012518262809999998,0.0244351208,0.10721327646181819,0.3567450364,1.1140277062059096,2.0327693873,3.63210623905341,23.36583325117232,25.73401902293048,0.3323099156,1.040227066092728,11.87575609838297,14.084966365264926,0.208952,0.56651532
AJOTEY_clean,5.91075,6.949157784848488,5.20074,5.313695822727273,1.2556,1.2166805272727272,1546.98,1811.5060272727274,0.6358,0.6259481818181817,0.0011000885,0.012721640997272729,0.0111408958,0.07270388055181817,0.1711204263,0.7535126207831818,1.1114071453,2.7133464243600005,17.04567391018595,21.939551202255906,0.1599795305,0.7322686740836368,6.527134935439431,10.453552889192549,0.180025,0.65103797
AJOXAA_clean,6.60857,5.93465728181818,4.38157,4.586174668589743,1.52914,1.3615411636363632,902.948,1214.332662878788,0.5468,0.5616749999999998,0.005197248,0.00694573607968993,0.0520807012,0.07068037592431668,0.7406299989,0.7757364797427272,3.0720585809,2.9701399231513657,23.41493304477937,23.90879410536918,0.6885492977000001,0.6851322911935461,14.60774077594806,14.048648372337473,0.3677,0.3722089181818183
AKEDIF_clean,5.94406,7.4624172500000014,5.31262,6.17490231818182,0.925851,1.0335466272727272,1808.02,1799.665422727273,0.5828,0.6366172727272728,0.0126586177,0.009918714220545457,0.1260860592,0.08464178466666668,1.7723232335,1.1112708826450004,6.4394222705,4.171798031065956,24.75062188980203,23.230744964304566,1.6462371743,1.0644544274036363,14.85869507536357,13.534908823608612,0.869499,0.5373866044696968
AKUKUO_clean,5.04792,6.680822272727273,4.38484,5.341994897186145,1.30477,1.3394991954545443,814.426,1265.6227818181817,0.5004,0.5521945454545452,0.0156625039,0.010579649678977274,0.1583530134,0.12036884432621221,1.6611782461,1.0213489339636361,3.5400838381,3.037096726654091,27.75870889776703,25.89548185305703,1.5028252327,1.008042192246364,20.15554208456709,15.842268031703803,0.655296,0.4751599904545453
ALAHUS_clean,7.1812,6.807781840909092,5.45466,4.967759522727277,1.36604,1.3179888954545447,1122.76,1524.7062681818163,0.5724,0.5862300000000004,0.0024230437,0.005302415106696614,0.0246197703,0.05810651072693187,0.3729605255,0.7081458337590911,2.4954456125,3.1427487922395434,21.0547628231059,23.47182671704399,0.3483407552,0.650920174008864,10.50072857204655,11.949507776781841,0.244721,0.4040584022727272
ALAMUW_clean,11.92678,13.490868727272726,5.98269,8.235082136363634,0.64997,0.7252535000000008,3766.22,3364.381272727274,0.761,0.7558045454545451,0.0040047235,0.003751443802424243,0.0393449256,0.03627724046772727,0.5172211193,0.49890921625340917,2.4845953762,3.013709138767727,22.013977416876,18.23773359263389,0.4778761937,0.49231169993545465,8.65109115500579,7.027262899995477,0.412899,0.4369781109090911
ALANAD_clean,8.58065,10.025229454545451,5.8094,7.554361772727275,0.697286,0.792605690909091,4035.37,3045.8250681818176,0.7542,0.7111172727272725,0.0021185134,0.0077283483218181835,0.0214435465,0.08132294496863636,0.3277992145,0.8792957635904542,2.3601962489,4.044957849595606,16.5604454544892,19.136635228906197,0.306355668,0.7744586876386361,6.009962183756916,8.715338066708831,0.369804,0.5890487727272731
ALEJAE_clean,19.86541,18.315921727272713,14.56862,17.373124272727242,0.274675,0.4012492954545455,5195.22,4902.579,0.8942,0.8780427272727277,0.0014403283,0.005797576896363636,0.0137833611,0.04598317009454544,0.2019071143,0.3936643946131818,1.2407979474,2.3482176909372723,15.10647937512765,13.759596253633134,0.1881237532,0.3682877421252273,3.737620861564929,3.682738814308066,0.361156,0.4961668122727274
ALEJEI_clean,18.06508,18.03387095454548,7.13825,8.849272500000009,0.600782,0.5769286318181812,3701.13,3764.6906318181836,0.783,0.7907418181818171,0.002307175,0.0029653462522727277,0.0236804942,0.03339940247454543,0.3551468748,0.3829715122190915,2.0225920069,2.2954336692927293,19.10360502844981,18.132752537148924,0.3314663806,0.35088283245499996,6.742931214404237,6.467963759256318,0.358163,0.39039204772727265
ALEJIM_clean,18.20917,18.551437409090912,7.10984,7.858170363636357,0.592075,0.5591445818181819,3730.3,3834.1915454545465,0.783,0.7975263636363625,0.0022900393,0.003082758741363632,0.0237896639,0.030800198787045454,0.3451808015,0.3865426699718182,2.0817761164,2.4722033603500044,18.74352581252961,18.791318509004956,0.3213911376,0.36588062945818206,6.415655912608909,6.939265749585489,0.364824,0.4132227469696965
ALIXOJ_clean,7.8603,7.859767363636365,5.01976,5.68184877272727,0.979833,1.0108877136363632,2049.12,2024.6742363636365,0.6394,0.6328990909090909,0.0023214176,0.006091717411709951,0.0241887338,0.06533184729477273,0.3548133563,0.8100432640979958,2.3293739712,3.7141647003063647,20.15381524473275,22.3544530152111,0.3306246225,0.7285711513300002,8.349257392360943,11.278719504974083,0.285883,0.4394948000000001
ALIXUP_clean,6.38387,7.111318954545457,5.75713,5.442571272727273,1.33865,1.2731447636363638,1021.37,1176.4447999999982,0.5492,0.5600645454545455,0.0002959626,0.007054675051628787,0.0028807945,0.06706572100227273,0.0430680845,0.8223889060895463,0.3052314437,3.113978274094362,16.50341807897081,22.895707814668384,0.04018729,0.7495183364190913,4.861223855560234,13.21060790094831,0.05924500000000001,0.4133096716666666
ALOLET_charged,9.3993,7.905592590909087,5.21411,5.844034409090908,0.901246,1.0329933045454553,1879.08,2008.055795454545,0.6446,0.631908181818182,0.00478932,0.006397885463625544,0.0484904355,0.052324080727727304,0.572908904,0.7332988627640903,3.5754948672,3.704066461850453,28.8352912926757,22.126136605619354,0.5244184685000001,0.6732191808434852,11.44205829773628,9.819864764590783,0.341388,0.44444200227272723
ALOLIX_charged,9.32283,10.848533999999999,5.599,7.447743045454548,0.940569,0.933851886363637,1979.4,2232.2626181818155,0.66,0.6646309090909085,0.0026244892,0.005965873464805194,0.0255984182,0.049325511764545464,0.3924732983,0.6973796182913636,2.9420342633,3.747496529279999,19.68184300281137,21.668132849844298,0.3668748801,0.6866314687795455,8.407137948995686,9.93958765560416,0.316788,0.4807878450000002
ALOLIY_clean,6.86569,6.453112378787882,5.12412,5.007197431818181,1.19169,1.1804829818181821,832.898,1182.0105719696967,0.537,0.574051818181818,0.0001892454,0.007126693156182362,0.0020507325,0.06455665167707068,0.0315128079,0.7286197203306819,0.2163419553,3.3236447216398495,13.64329925570052,23.625377693520416,0.0294620754,0.7308618790202271,3.744582552502171,12.775302387938183,0.05684699999999999,0.4498703109090912
ALOLOD_charged,7.87306,8.824465681818186,5.02701,6.366897090909091,0.898447,1.0476490818181823,2004.72,1902.4130454545466,0.6338,0.6498663636363634,0.0048824608,0.008176750826060609,0.0491900818,0.08843732371909088,0.6757349887,0.7456010387618179,4.1497131167,3.3750081855206817,26.21593118942352,24.421439304889603,0.6265449069000001,0.7034542715997727,12.37933246599077,11.141122550814293,0.377189,0.4665835189393937
ALONEV_clean,5.59976,5.886915593181825,4.84057,4.640332718181821,1.49156,1.273032245454546,1107.49,1321.2586545454544,0.571,0.5618718181818181,0.0005374463,0.010330447427727278,0.0052896035,0.09429206761000003,0.0770528332,1.0027100024113635,0.4583720998,2.6397159815186377,20.8407802629551,24.06517864703478,0.0717632297,0.8625468353999998,8.441477949512112,12.770810943882438,0.061949,0.4387728536363634
ALUJEX_clean,5.99288,6.316806443181812,4.42191,4.580269070202021,1.43356,1.401322281818182,914.712,1072.7541010822515,0.5364,0.5596718181818179,0.0069110001,0.006638309602570343,0.0687939272,0.06447250270537888,0.9717910198,0.8982300545670984,3.4630769172,3.278290311000222,24.89719745422052,24.614695078820677,0.9029970926,0.7631906446718201,16.39457901497445,15.631568375718924,0.426902,0.3863988568181823
ALUJIB_clean,6.08943,6.091304007575762,4.42337,4.63120021780304,1.4324,1.3712249545454545,921.959,1010.8876907575757,0.5424,0.5502586363636363,0.0065378797,0.006495142584318171,0.0655108031,0.06753354584749992,0.9202587436,0.8595717616020463,3.4884895122,3.11224864414955,24.60936521083268,24.1929547408303,0.8547479405,0.8177583541665918,15.99462998918212,14.97343785853229,0.41517,0.4156064072727265
ALUJOH_clean,6.14197,6.143510954545455,4.45081,5.101514750000008,1.41539,1.386331472727273,958.46,1006.8376594696969,0.5526,0.5531245454545456,0.0054216641,0.007016174304034081,0.0560309777,0.07514116015886363,0.8168693981,0.8496802827477277,3.3488363509,3.309498022007505,24.1373302992447,24.426763941628156,0.7608384204,0.8530770917827282,15.65858564970628,14.515688455677084,0.378578,0.4539325218181812
ALUKIC_clean,8.54387,9.354889727272749,6.77342,6.903895545454544,0.56692,0.6552201772727266,5085.74,4083.505786363631,0.7934,0.7636299999999995,0.0013653256,0.0021463905358712113,0.0139412998,0.018454682634775964,0.2127834084,0.27508847038272727,1.5363715608,1.8945640975881795,14.32046834898193,14.839146332099098,0.1988421086,0.24201460378409145,4.353606789663611,4.958434615572301,0.324951,0.3309059078787884
ALUKOI_clean,8.54787,8.992450863636368,6.76817,6.9163275454545365,0.579939,0.6254604545454538,4979.11,4490.274409090902,0.7926,0.7762118181818181,0.0014078522,0.0019973193377272737,0.0135809674,0.01787810990363636,0.2088087876,0.29354798467272764,1.5122819966,1.9365885207736349,14.33647786880509,14.850739496120823,0.1952278202,0.25797232624670413,4.37571090129284,4.784716978612673,0.319648,0.3444495649999998
ALUKUO_clean,8.54799,8.961800136363658,6.78315,6.681330022727266,0.582411,0.5906829818181807,4970.58,4881.774136363631,0.7922,0.7890354545454523,0.0013417784,0.0020519055048484848,0.0138349759,0.017625406701979426,0.2105182701,0.2651274228769086,1.5321136444,1.638883995215906,14.36586723005385,14.589894553784053,0.1966832942,0.22309801715227326,4.388928067924613,4.670909098533538,0.319898,0.337456251515152
ALULAV_clean,8.53005,10.00752186363637,6.74275,6.8354353636363525,0.590909,0.6374120590909084,4908.1,4334.12105454545,0.7924,0.771932727272727,0.0016529977,0.0020819454856818177,0.0138382713,0.01997984189575759,0.2142195672,0.31122943506530343,1.5470383166,1.9738534605659093,14.43882682319936,14.836959889427547,0.2003812959,0.28605610815636334,4.4732607230454,4.88590290535288,0.318409,0.3409479106060606
ALULEZ_clean,18.75501,24.568476772727273,13.37911,16.467341954545443,0.425946,0.5005143136363638,3463.71,3226.7697227272756,0.8336,0.8443854545454542,0.0007821367,0.0025579920140909092,0.0073040484,0.021729358012727268,0.1093821274,0.2904893893059091,0.7286681239,1.859196890576818,13.05383287987414,16.475763554597226,0.102078079,0.27558071603909057,3.322794283729487,5.335589265670723,0.22439,0.33817045363636344
ALULID_clean,7.81513,8.100977068181823,5.26988,6.303997166666665,0.929552,1.1123606954545462,2283.71,1896.2663636363643,0.6652,0.6211745454545454,0.0030158142,0.005345713301590911,0.0309704246,0.05417136147238634,0.4722730515,0.6435205668235,0.0,3.746395958625184,19.94456756893844,21.828409037382958,0.4413026269,0.6767975353299996,9.063716168393361,11.641108326566084,0.356227,0.4293405689610392
ALURAB_clean,6.8318,6.619061477272733,3.73291,4.414717593939393,1.05182,1.100147122727273,1193.73,1443.121942424241,0.5338,0.5557134090909093,0.0087406096,0.01480925294682899,0.0872043898,0.10983620568335206,1.3132099945,1.2940325936272739,4.891056124,4.616159328013521,26.2021259686853,26.237042564988638,1.2260056047,1.2322414905565167,19.9936262671152,17.70092482294462,0.461967,0.5544514632467538
AMAFOK_clean,6.60314,7.506499352272728,5.66314,5.956662545454547,1.49249,1.3494152409090907,583.026,929.1533499999998,0.4392,0.5245136363636359,0.0094602893,0.005634325806818184,0.0922770576,0.051827918751363625,1.0490442865,0.5267489964645454,2.4864850908,1.9546288401586356,25.22157409643328,22.013457397323876,0.9567672289,0.5021853378422727,16.15067749425848,11.318310700190892,0.5285789999999999,0.27489911727272714
AMAGAX_clean,6.93247,7.635917863636364,6.0951,5.433883613636364,1.45916,1.2444196272727264,658.174,1333.6672272727278,0.4598,0.571064545454545,0.0069735815,0.014701617642045469,0.0700208452,0.08573869308056817,0.9327472084,0.7893027590411366,2.7202214247,2.3953959083850003,24.07851974932516,24.479469698060715,0.8627263632000001,0.6882866733062125,15.55322978922907,13.711893361983646,0.462553,0.3842979554545455
AMILOY_clean,11.03089,9.043203059659099,9.17864,8.11963136363636,1.00746,1.0789603327272723,1249.73,1564.0263045454562,0.6048,0.62316090909091,0.0136242161,0.01027393771259091,0.1259662818,0.10105080135015142,0.8957039568,0.8645277951827277,2.7213221028,3.040768686579093,29.20071626142445,26.58780238009588,0.769737675,0.8186318893486375,13.23301851163525,12.926260676336032,0.535186,0.49976666590909125
AMILUE_clean,11.39418,10.11280495454546,11.07263,8.498652727272718,0.982365,1.113659086363637,1276.27,1560.0422545454558,0.6124,0.6181313636363641,0.0137463529,0.005380926500454548,0.1267005923,0.05405038552545456,0.8442396609,0.5428461179159094,2.4042667694,2.623401674081364,29.23898195538342,23.364677021924354,0.7175390686,0.5002403546213632,12.86331575125211,10.868564420524022,0.524677,0.34396515409090933
AMIMAL_clean,11.07211,9.134028090909089,9.50667,7.817023954545461,0.988926,1.0732729954545468,1283.28,1615.1624303030303,0.6132,0.6213590909090906,0.0138223161,0.010495480195454552,0.1224481448,0.09723057656681823,0.8570357296,0.7673261390459092,2.4456324335,3.283782385762723,29.24446914245567,26.464535204126108,0.7345875848,0.6899518612465902,12.83779261258767,12.551232202162266,0.5289130000000001,0.47838949909090894
AMIMEP_clean,11.21563,9.302184363636366,10.87494,7.224889227272732,0.985981,1.0875403590909087,1278.57,1571.1580409090916,0.6026,0.6145327272727268,0.0144717266,0.00855453452924242,0.1312122082,0.06357316013148485,0.8586935139,0.6211518870854544,2.3683734318,3.291398848454543,29.74613823215902,24.339037296075702,0.7274813057,0.6079844336404543,13.08645338076947,11.861709347986736,0.5280389999999999,0.4258056609090908
AMODUC_clean,8.56321,9.482577272727278,6.70069,7.330302363636354,0.575734,0.6535343727272719,4971.91,4219.704949999993,0.7896,0.7664609090909078,0.0018639221,0.002424574255303031,0.0181970292,0.02241790719295452,0.2746906207,0.3184538841072727,1.9367773776,2.2060425052104526,15.31837918007847,15.816387583059377,0.2564935915,0.30373745629227267,5.07896588917416,5.49253024566937,0.365305,0.35015726272727266
AMOFAK_clean,8.38842,12.423381090909091,6.72694,8.67167118181818,0.577283,0.5654207909090904,5054.09,4040.5092272727275,0.7804,0.7793645454545453,0.0017967667,0.0047892238563636376,0.0171656404,0.04284283840738638,0.270795983,0.4916036065997727,1.8915985892,2.6920017245413668,14.96906956752485,16.29949378661976,0.2536303426,0.4664050499245454,5.007599024044416,5.858172133372437,0.366229,0.4197999636363638
AMUWIP_charged,9.98598,10.370730045454545,8.78636,7.283447772727275,0.771567,0.8443523590909093,3144.95,2581.1532772727296,0.7126,0.688381818181818,0.0039997225,0.00456747786590909,0.0382211928,0.04674074610181817,0.5555202615,0.6201391006972728,3.4575395392,3.2228125224227453,21.12435279745998,20.965824724515727,0.5172990687,0.5850150556122719,9.307777182012405,9.564562096823062,0.4101340000000001,0.4444152136363633
AMUWUB_clean,10.40349,11.737531045454547,8.69532,9.580213681818178,0.914151,1.1468552999999997,1565.42,1616.3783779220785,0.6498,0.6280990909090911,0.0008401528,0.003628352718181817,0.0091363689,0.032965962411363604,0.1356460596,0.33132330759454515,0.877505644,1.3862915592809093,17.48486808171559,21.361189486312114,0.1265096907,0.28909541145499995,5.621920465273956,8.33380664947139,0.16400700000000001,0.2927818522727271
AMUXAI_clean,8.64297,9.058003500000002,7.79614,6.892361181818184,1.02442,1.427488081818182,1368.83,1369.32425909091,0.5964,0.5800881818181814,0.0010552983,0.008364960601742431,0.0111096478,0.08040905802500001,0.1638442,0.6632136056309097,1.0724431653,2.3000859500263604,18.98889785940007,23.489081304555377,0.1527345522,0.5619822045768187,6.917102207071005,11.491141574268294,0.162145,0.3596462227272726
ANAWIX_clean,5.45667,6.001924365259741,5.01969,4.5442673419913415,1.52823,1.249200277272727,972.705,1287.97073030303,0.5628,0.5812704545454542,0.0036970558,0.008948474630909085,0.0344350697,0.09196666474397731,0.4852061862,0.973643711023636,2.1240360491,3.2230239757904573,22.37465232184391,24.94369120304305,0.4507711165,0.9133208028250003,11.85820453899233,15.832220988021787,0.290195,0.49665751045454537
ANAWOD_clean,6.92762,7.289218499999999,6.10595,6.211164590909092,1.43826,1.2897277409090913,1086.17,1552.9386090909081,0.5924,0.6271372727272729,0.0038265908,0.005082314536028136,0.0375424936,0.046251031981590904,0.5749243792,0.6789045502836775,3.4841030936,2.6559457226527274,22.25550148510892,22.820891427615376,0.5373818856,0.6846045392277276,12.16513096543759,11.782798155067848,0.327228,0.37531083818181815
ANOMOG_clean,12.8003,10.144332954545456,5.50166,6.97395286363637,0.784559,0.7711935090909091,2698.05,3229.3535772727278,0.7198,0.7172518181818179,0.0072367768,0.006475999523181814,0.0686304406,0.05744292967045463,0.7850026237,0.7370450683759094,3.9056445644,3.483682720236588,26.6682651615518,22.825054138961068,0.7163721831,0.6304846503590906,11.63126400195959,10.044828020088142,0.467534,0.4778177159090909
ANOMUM_clean,7.28969,8.316413272727273,4.98752,6.051302590909092,0.833729,0.9660724863636367,2990.19,2173.795772727272,0.6952,0.6498131818181822,0.0042131253,0.007505023024045451,0.040673645,0.0726399300403031,0.6065942208,0.9605630827104545,4.1467199171,4.709880858724078,20.25713357478829,21.66273344345261,0.5659205758,0.7774790888245459,9.128491278738583,10.680162060003457,0.458821,0.5278920366666672
ANONAT_manual,7.80429,8.88922059090909,5.88473,6.544869727272724,0.800823,0.9889948409090911,2885.95,2242.587031818182,0.6928,0.6642109090909091,0.0033768881,0.005397053561914602,0.0328745723,0.04643285896113635,0.4924507558,0.6688028577545455,3.2651953173,3.3430199789363644,19.52087209790363,19.863392322736388,0.4595761835,0.634248820804091,8.165780756234518,8.31498497584114,0.414705,0.40706020227272754
ANUGIA_clean,13.85309,14.130584227272731,6.75838,7.8812041363636425,0.567973,0.7037771772727269,4060.62,3636.178590909089,0.7948,0.7397136363636359,0.0020884975,0.0065872347495454535,0.0202966172,0.07169484070863642,0.3052715823,0.5784881926595454,2.1689854895,2.187253149963181,16.53555982318555,17.569309291103288,0.2849749651,0.5220775534890911,5.682700313590245,6.708628993883301,0.360408,0.4182022777272728
ANUGOG_clean,11.39005,11.669401181818168,7.08849,9.360115818181823,0.58467,0.6962169909090914,4228.07,3869.7170454545426,0.7898,0.7520081818181812,0.0023895577,0.004581143130909089,0.0248245623,0.044720413112196974,0.3705285268,0.5158766220745457,2.5072214412,2.747404681253184,17.68582738009976,17.575620150225273,0.3457039645,0.47052944348227277,6.385106590210049,6.971496258647847,0.390531,0.4908588064935063
APACAX_clean,5.65344,7.353864954545454,4.07573,4.9287495113636375,1.00727,1.1363664431818188,1763.34,1690.0975454545455,0.6264,0.5927590909090906,0.0143349174,0.012349880575454547,0.1382635055,0.12392812606772727,1.9035259479,1.6343040454659101,6.9047062523,5.4372059975196585,25.9406282539451,24.500252645509825,1.7652624424,1.4975999589881817,20.44424383672818,16.52311384549963,0.660527,0.6585364431818186
APARAM_clean,12.00094,11.3313535,11.06312,9.01778377272727,0.965457,1.1427838999999997,1061.95,1546.9184106060616,0.6016,0.6206718181818176,0.0181956414,0.007111786952272731,0.1596928598,0.06683017065123378,0.9037021933,0.6261471007045458,1.9720904993,2.508708065645001,34.88710746406196,24.197158772693534,0.7440093335,0.587203041230909,10.13939154554578,10.389106274712363,0.80494,0.3436171618181819
APAYIB_clean,5.96805,6.037001031818184,4.21212,4.49252990692641,1.10941,1.1516415181818174,1928.86,1561.0810954545448,0.6164,0.5811409090909087,0.0121815892,0.009332100725454545,0.1179804947,0.09023659122081813,1.5006733856,1.143275525057729,5.4647507727,4.903645106259093,25.20335594482541,24.39699194145894,1.3826928909,1.1208055815240898,15.04697554759238,14.05402974689044,0.730556,0.5802997615151516
APAYOH_clean,6.13125,6.048851637626265,4.32559,4.465886376623381,1.11146,1.1232461499999995,1967.56,1885.9187227272723,0.6078,0.600022727272727,0.0109657146,0.008821003229204542,0.1092109198,0.08161052783990907,1.4053089426,1.1108470887031834,5.2518205326,4.8164311047371235,25.03005713682835,24.040688414500153,1.2960980228,1.0749474404572712,14.27325955301355,13.743419443476464,0.70172,0.5718770137878791
APAYUN_clean,6.02417,6.141887088636357,4.10555,4.387918531060613,1.04671,1.1428953863636355,1974.55,1891.192890909088,0.6206,0.6045727272727265,0.009129473,0.010313545292954534,0.0895070966,0.10318990123654548,1.231572488,1.2865844007140903,5.1239018006,5.137075575059701,24.00683578648293,24.804355634328346,1.1420653914,1.200688651468408,13.99855984836734,14.352267755317644,0.62438,0.6470491136363637
APAZAU_clean,6.57194,6.347619492045458,4.51844,4.791220318181826,0.970314,1.0640551454545453,2333.14,1928.612304545452,0.6264,0.6091290909090908,0.0092786524,0.008491424868636344,0.0918794076,0.07970941042693182,1.2250853701,1.1296059992018166,5.5699633064,4.916227237856888,24.18325717051921,23.92942480372726,1.1332059625,1.0343675988509093,12.82992060250357,13.09768185475039,0.677014,0.5947476343939399
APAZEY_clean,6.61049,6.562117145454547,4.70522,4.816811439393948,0.97171,1.1158349272727275,2316.35,2049.0186045454566,0.6362,0.6175354545454547,0.0091095109,0.008205697811818177,0.087272532,0.08164462213136366,1.160217803,1.0773783669686374,5.2249788338,5.034705670789327,24.22396152059132,23.78531257875245,1.072945271,1.0055909989054543,12.71314658370777,12.756735359116572,0.6497529999999999,0.5872665445454549
APAZIC_clean,7.1095,9.81928340909091,4.86225,6.69423897727273,0.893607,1.054910136363637,2443.31,2167.9156090909087,0.6554,0.6586690909090912,0.0070900191,0.004853577738636366,0.0721190432,0.0502632261290909,0.9781152032,0.6329608338272732,4.6534113399,3.69218069858818,23.23681424432826,21.660152939643382,0.90599616,0.6302639797418179,11.7022765598814,10.185810426335676,0.5914470000000001,0.43679494681818154
APAZOI_clean,6.38612,6.133011064393941,4.28228,4.475764464682543,1.14648,1.1174204166666657,1786.13,1832.6119590909077,0.6026,0.5996127272727271,0.0088263869,0.00881128194213636,0.0904755551,0.08418268184174237,1.1383836629,1.1124157557199235,4.3654210091,4.802366238891572,24.56968538324952,24.286017986617182,1.0479081078,1.0149825566131825,14.24981813446164,14.321407334725318,0.572839,0.5273189193199854
APEBEE_clean,5.40727,6.226178124999999,4.06272,4.895518787878788,1.31041,1.1912729298701297,910.333,1077.7279151515154,0.513,0.5483310909090908,0.0153944335,0.015247986564090899,0.1526527776,0.1522002885582576,1.6892151285,1.9237854471588638,3.6831357803,3.4650335029782573,28.28612767185855,26.38777973709844,1.5365623509,1.6387827161109083,18.70941210513043,17.732493982864824,0.697063,0.534550741515151
AQEGUY_clean,5.54395,6.131366463636366,4.66139,4.98301941666667,1.46355,1.358549699999999,871.62,1151.140406818181,0.5148,0.5545699999999997,0.0146734912,0.015397044339090898,0.1465101124,0.1246972504331818,1.5628723395,1.1539450494545451,3.4793661147,3.256772751434548,27.33669985318307,25.24921548372598,1.4163622271,1.0496361547627275,16.96884056514855,15.623493767054535,0.727478,0.538835589090909
AQEQES_clean,5.6853,6.557488897727271,5.37606,4.710708224999999,1.07587,1.258532590909092,1619.58,1483.074754545455,0.6052,0.5838995454545449,0.0036851083,0.007149648165624997,0.0362893286,0.07506742537159097,0.5376932516,1.003957891723863,3.212365071,3.9250165048223864,20.21480426563028,23.07499950861613,0.501403923,0.8402839131259093,9.5880179818981,13.768110962816321,0.394544,0.46248232772727266
AQEQIW_clean,6.30636,6.774509909090917,5.13016,5.453588363636364,1.10057,1.2275790181818182,1567.33,1639.1499409090904,0.6202,0.6179959090909091,0.0038339712,0.004039513435757574,0.0399111558,0.044575957325151495,0.6218076199,0.611239033223409,3.5063977397,3.173539657467271,20.49389714082465,20.935058675909513,0.5818964641,0.5340478305009089,9.9805704510204,9.797469691802537,0.431694,0.3569242136363634
AQIQAU_clean,7.60741,7.499044545454545,6.30843,5.578393284090913,0.861714,1.0318347181818175,2282.5,1970.0596772727283,0.658,0.6381627272727269,0.0035332584,0.0047235340995129835,0.0357133495,0.051138072107878796,0.5435668292,0.7674167472659089,4.239675744,4.004280620903634,19.68935092041627,22.435700019497826,0.5078534796999999,0.7048047224200753,8.692848161999816,10.495833376210399,0.429181,0.4613849340909086
AQIXUV_clean,8.64919,6.625472636363641,5.459,5.04172688636364,0.934501,1.1566642393939393,1181.86,1181.617757575757,0.5626,0.5428862121212121,0.0016683183,0.009252582433051946,0.0174151573,0.09631549612272726,0.2523456497,0.993814029217682,1.5377702738,4.034161505563822,20.90535620930275,25.929402894586424,0.2349304924,0.9384036110440906,8.730969592137166,14.908340432174866,0.198559,0.510955390909091
AQOLEZ_clean,15.56875,15.566776590909093,9.80847,8.675977409090915,0.777237,0.8314573227272725,1644.67,1805.8601545454571,0.7198,0.7075845454545457,0.0057101754,0.004561587286363644,0.0580687508,0.04734862828045447,0.8387633646,0.6590919248924996,3.5651997468,2.9368138826336376,23.74275630350595,23.18592957434513,0.7806946138,0.6121537160377265,12.22788296335989,11.25173732966855,0.475518,0.3983320550000005
AQOLID_clean,15.46142,15.894694727272698,7.44821,8.75169222727272,1.15975,0.8711069636363648,1054.13,1701.1190818181863,0.6494,0.7116327272727272,0.006855772,0.005574418265909094,0.0693491495,0.053572570831590935,0.8924817902,0.7342679664722731,2.8557376159,2.8268224114790894,25.95990222418851,23.517031250563612,0.8231326406999999,0.6722023754540899,15.0241850006393,12.378316282952154,0.424869,0.3968842990909088
AQOLUP_clean,15.5822,15.600090136363612,9.65924,8.984180545454546,0.788284,0.8670745590909085,1632.89,1550.931686363638,0.712,0.6987090909090915,0.0055131526,0.0050189346354545545,0.05482145,0.05141698624727264,0.8115021623,0.7172838820740913,3.2144387706,2.924541936024548,23.87736944879557,23.462540794011364,0.7566807123,0.677930323919999,12.48857924471848,12.150444758111874,0.451947,0.41073337727272813
AQOMAW_clean,15.65949,15.453516181818179,6.23259,7.549242272727277,1.14479,1.0877435045454553,1133.23,1417.3552136363655,0.648,0.6620109090909089,0.0068454994,0.0035362954038636327,0.0650356369,0.04222057978818178,0.8698234885,0.43190138988666693,2.8945593973,1.9672602081172765,25.74923498510861,23.26272017541117,0.8047878516,0.46078044606090884,15.23789488735336,11.428528171736524,0.407749,0.2802794559090911
AQOMEA01_clean,15.71951,15.614249818181797,9.72839,9.608123863636349,0.76692,0.7943455454545478,1670.9,1647.9230136363683,0.7184,0.7144145454545451,0.0047917089,0.005196766548977271,0.0483408601,0.05322586375409107,0.722285007,0.7645947766727273,3.1359626505,3.1966437871450006,23.13792800506216,23.61104296013137,0.6739441468999999,0.7144307975490907,11.84277957311371,11.9665082716818,0.4275930000000001,0.44559487727272706
AQOMEA_clean,15.83521,15.892920999999964,9.82464,9.382505227272722,0.749306,0.8102482227272736,1701.44,1741.1018727272747,0.7222,0.7148463636363641,0.004186027,0.004911800312500007,0.0431543209,0.04754760522696967,0.6396393972,0.7193599437886361,3.1031193926,2.8837333855722727,22.51635428502329,22.83976942284219,0.5964850762999999,0.6279242136168174,10.78375816561086,10.964349225018651,0.409554,0.406803771818182
AQOTIK_clean,6.7817,6.392140890909099,3.86887,4.804240621212119,1.47348,1.226902986363636,874.359,1197.1273590909093,0.5612,0.5532963636363631,0.0070626049,0.007996209890454551,0.0725189371,0.07358752908000002,1.0784926073,0.8263404515261368,4.3494664745,2.8148599925222735,24.41713392971237,23.2129330464673,1.0059736702,0.73697729279,15.85502406885303,12.486257023458334,0.498445,0.4725481654545453
AQUCOF_clean,9.38154,7.928230000000003,5.59471,6.038754454545456,1.04219,1.2266837818181824,1876.59,1818.4263159090917,0.6824,0.6400927272727268,0.0013753378,0.003018498243333332,0.0138369852,0.033983616794545445,0.2084298658,0.45208945193409084,1.4325306725,2.6441662788854545,18.19770338714691,19.17589225790145,0.1945928806,0.45443959818000024,6.996557335754473,8.73348527070659,0.202673,0.2868704813636365
AQUCOG_clean,11.41407,11.430347727272734,10.59979,10.310272909090916,1.19971,1.1658828181818186,1314.22,1576.1320818181828,0.6588,0.6573781818181818,0.0013499406,0.0021243187090909097,0.0134537019,0.019724113825363654,0.2056814516,0.25469287294954535,1.5233594634,1.6743653645418162,17.70553050872961,18.813645020232062,0.1922277497,0.24719216940713634,6.629395955098996,7.41882792882763,0.208339,0.2539981118181818
AQUCUM_clean,11.51533,11.706089181818182,10.7235,10.65447036363637,1.1988,1.1487546681818182,1317.1,1536.8278954545463,0.662,0.6616100000000001,0.0013644321,0.00198946307469697,0.0137836626,0.019320344209227288,0.2088272256,0.2549912714245454,1.5978547811,1.7129981015504527,17.68979220647932,18.88463784092996,0.195043563,0.2804432509971363,6.650596419448897,7.520445221533191,0.211935,0.2645608528787879
AQUDAS_clean,9.38408,7.5577478409091,5.62446,5.246024136363631,1.03958,1.2249280454545453,1887.52,1803.1718272727276,0.6752,0.626294545454545,0.0013084521,0.0038760883915909088,0.0134245232,0.03417098873068182,0.2039248332,0.49004242550863625,1.4295640117,2.3739527837881824,18.13824057165409,19.10195999739527,0.19050031,0.474441645709432,6.751663173636748,8.720075714490816,0.202629,0.2598001527272727
AQUDIB_clean,11.3608,11.416930863636367,10.54479,10.234602636363645,1.19943,1.1768880681818183,1315.3,1568.3521090909092,0.659,0.6557809090909088,0.0012618768,0.002039755810454547,0.0129342367,0.020126847675818203,0.2001657571,0.25763605672772716,1.4753936554,1.6247609156990883,17.69325145328937,18.79074074281983,0.1872315204,0.2606637638939545,6.570071641669011,7.405155177290969,0.204131,0.2516137254545455
ARADEE_clean,5.98273,6.8841116893939445,5.3868,5.804144833333332,1.18176,1.2304224454545458,2211.32,1702.0925181818186,0.645,0.6167072727272728,0.0051407442,0.005999276886454545,0.051824308,0.05728895714534091,0.798811639,0.7835498846613631,5.2653169862,3.775791748623294,21.68921711950216,21.377945711425035,0.7469873309999999,0.8482892776477277,12.63251516164387,11.594274322332707,0.434779,0.5070599395454546
ARAFEF_clean,8.89536,8.172319409090907,8.62816,6.782565999999997,0.837745,0.9386921181818195,2222.3,2107.3176181818203,0.6918,0.6676845454545455,0.0039465206,0.0038376423423232314,0.0399694994,0.049483177583219684,0.6129232639,0.6136039742890912,4.7253252213,3.9410223600177248,20.82359659777691,20.750349035067828,0.5729537645,0.5558075517409085,10.30096846957265,9.884303992612667,0.409417,0.4069462318181816
ARAFIJ_clean,7.45121,7.61633108333333,6.98768,6.58646604545455,0.945343,1.0185176522727282,1847.59,1746.0300681818171,0.6538,0.6309099999999995,0.0053980167,0.00425230226086364,0.0533474393,0.03725315678113636,0.8139710547,0.5619834915861365,5.7158537296,3.3532075813523465,22.22969539989246,21.071958830359325,0.7606236154,0.5353696966593181,12.51052316811695,9.992384435824418,0.446693,0.38307801060606067
ARAFOP_clean,5.6675,6.6733261454545465,5.04419,5.014095954545454,1.1688,1.2332662818181814,1151.25,1313.053234848486,0.5694,0.5662542424242422,0.0100424264,0.014700930561590907,0.1036974494,0.14544809139272724,1.4349205159,1.3298523892527272,4.3322804781,3.8428329038286377,25.73675584288832,24.880454302392856,1.3312230665,1.1529195658531812,22.97946220768132,15.609430764524658,0.457819,0.4671372009090908
ARAGOR_clean,6.01834,6.4310906363636375,3.95176,5.005802698863636,1.15627,1.2973333696969696,1234.53,1228.5219863636355,0.5724,0.5774237878787875,0.0051495579,0.005890399220492425,0.0502847461,0.06417695497979548,0.7253567001,0.8282683201554167,3.5135389858,3.7374858293513538,22.43278667065224,23.15999852963884,0.675071954,0.7230876423156058,13.0658421417248,12.976333947794704,0.393124,0.3837599113636366
AROFAP_clean,6.18036,6.491732750000006,4.30595,4.476806633333332,1.16997,1.1326570136363625,1222.5,1258.1697727272726,0.575,0.567411818181818,0.0213965905,0.014003849868181815,0.2080843302,0.12447478062272722,2.2649534991,1.3091885869871207,5.2308020782,4.609216723209239,27.58198489667325,26.56433920549306,2.0568691689,1.1943970385168179,18.16831979623819,16.661880097391283,0.968783,0.6043931510606058
AROFET_clean,8.28593,8.86892061363636,5.15676,6.371323545454548,0.856166,0.9737476363636374,2601.62,2157.4765863636358,0.6884,0.6438854545454543,0.0041922389,0.00770476936039773,0.0402678857,0.07658846259272722,0.5831342173,1.0037697839018185,3.4108802449,3.97855374118932,22.11748765338408,22.24357912872619,0.5428663316000001,0.8783563985940911,9.959927587899504,10.81835746109702,0.4035630000000001,0.5156503893939395
ARUYES_clean,5.37817,6.08550471969697,4.58095,4.833538475829724,1.47856,1.338008442424243,918.075,1219.9080295454537,0.5162,0.5796930909090903,0.0057708112,0.00631826039772727,0.057370621,0.07735910835090909,0.8155684649,0.7389515692172727,3.2683640316,2.5726870246804565,24.06784002514564,23.339015707805725,0.7581978439,0.5997420638936363,15.35520173365259,14.540387377890578,0.380238,0.3272896345454547
ARUYUH01_clean,4.94052,5.831168970454548,4.11721,4.65265478030303,1.67517,1.4295904727272721,898.154,1003.7778045454539,0.6094,0.5597363636363631,0.0037040026,0.014594476379728152,0.0364641762,0.09929120727181821,0.5482744494,0.7258175564645454,2.6946934732,2.711272686406819,24.91821847678235,25.179567056564505,0.5118102732,0.6817027435763634,13.25383299651808,14.256989845378783,0.284061,0.30387283590909087
ARUYUH_clean,4.6223,5.459833637121217,3.84632,4.661782015151516,1.67938,1.4790529454545445,774.446,1058.8813704545453,0.5928,0.5500872727272722,0.0026720483,0.011748886315909096,0.0270070625,0.06818674992545462,0.4099979663,0.6962723650136365,2.2492108127,2.1886147275713626,25.39737275245895,23.8721061921538,0.3829909038,0.6473411952518183,12.95845381902709,12.946881809542509,0.216048,0.328258343181818
ASACON_clean,6.42024,7.349852590909092,5.0837,4.858807504443477,1.7783,1.288085940909091,555.703,1146.1299462121208,0.4528,0.5448318181818178,0.0031701217,0.00766884597227273,0.0325213022,0.08091060489022725,0.4410221857,0.8291189092546586,1.619137028,2.704033315566818,22.94323199340205,23.35842367636868,0.4085008835,0.7696642326854544,12.81815616339517,13.751845938253705,0.252168,0.4045317036363637
ASADAA_clean,5.76705,7.926051772727268,4.61254,5.600102409090904,1.521,1.3904339409090911,815.894,844.6853007575758,0.5144,0.523072727272727,0.0053149438,0.00918547997136364,0.054737332,0.09396276863218186,0.8261917056,0.7386066846772723,3.046650521,2.3815569488722734,24.45813242829885,24.635056027794867,0.7714543736,0.5963808781213639,16.86691208976503,13.93936411212404,0.355138,0.3343707890909089
ASECUY_clean,6.38635,6.320096967532467,5.15151,4.972130022727273,1.43745,1.2339818522727275,782.485,1437.7996318181813,0.5026,0.5626563636363632,0.0023690314,0.006946312996363634,0.0242668477,0.07519034477681814,0.3769891483,0.790595371281363,2.2330793541,2.464710096830454,21.04232856676405,24.04818973370201,0.3527223006,0.7230072192227275,11.0745821666804,13.158347161429088,0.237308,0.3258775595454544
ASEKAM_clean,5.99031,6.45994763636364,5.00967,5.5439073333333315,1.72662,1.2045383727272727,812.946,1206.8440272727269,0.5696,0.5577049999999996,0.0077394318,0.005692234114545454,0.0756425557,0.059926078973030296,0.9132391373,0.6913865452336363,2.8810850806,3.095303681365453,27.4078238899986,23.083777611712364,0.8375965816,0.6556171147186363,16.64448422411808,13.514373954951502,0.399924,0.3412475734090907
ASINAT_clean,9.7655,11.266299545454547,7.73483,5.818866636363637,0.727417,0.8575204272727267,2562.17,2728.5779227272724,0.6748,0.681941818181818,0.0046445249,0.006869145651363639,0.046809264,0.07145266174545453,0.643707901,0.8327565008790916,3.5716263134,4.298886454052271,22.54283900947469,23.121421665133216,0.596898637,0.7156614821799997,9.888918167087693,11.395549301075471,0.446141,0.4440258040909092
ASINEX_clean,12.53569,13.104432045454551,7.27061,7.169758545454544,0.659976,0.7827732272727274,2801.34,3129.708936363636,0.7014,0.7237936363636356,0.0032322996,0.006529858395909094,0.0333292785,0.04813189833545456,0.4830534605,0.6222218325095457,3.0412032729,3.2045914235686372,20.3197253956762,21.428562793303964,0.449724182,0.5832410424918185,8.351510759164293,9.365793815520405,0.393975,0.4315311872727271
ASINIB_clean,12.40052,13.526197045454545,7.22634,7.321541727272725,0.666065,0.7791934045454538,2773.85,3304.718045454544,0.713,0.7328372727272725,0.0033045483,0.0074582640272727345,0.033468113,0.057295440510454584,0.4870670847,0.6058135236359092,3.0583230921,2.5589857999495456,20.53657185919733,20.426788892333562,0.4535989717,0.5478769228545455,8.371736041774854,8.52451129155373,0.393157,0.4273272745454547
ASIQEA_clean,8.85063,8.374771863636386,6.25728,5.972675727272721,0.902561,1.079892188636363,1681.44,1585.6503181818177,0.6232,0.6027430050505049,0.0034346422,0.004673395262518938,0.0345328188,0.047153551871242455,0.5237815592,0.6453333901629552,3.460129236,3.478496866735447,23.47271106147059,23.296758847491045,0.4892487404,0.5706133571861803,11.46909475037005,11.941607606660819,0.310178,0.3381483327272731
ASIQIE_clean,9.00205,8.294463454545442,6.2555,6.242931454545466,0.893575,1.0842239560606048,1697.06,1451.7353678787874,0.6152,0.6057599999999995,0.0034538301,0.004372881601553031,0.0342970812,0.039845500513272694,0.5288855526,0.5395060429740917,3.4081956921,3.2383297209488675,23.43718072701055,22.858294925523705,0.4945884714,0.5001708805383335,11.40587129219263,11.232511174553377,0.311852,0.3095474631818182
ASIVAB_clean,12.32132,12.958401454545458,7.27063,8.0827110909091,0.538243,0.6518000181818182,4325.4,3553.0463181818163,0.795,0.7599209090909086,0.0016135929,0.004426945644772726,0.0174001872,0.04314596452272725,0.2567841778,0.5678898397085228,1.6753053297,2.604981375600004,16.85210683323265,17.58276824313192,0.2393839906,0.4661730040609092,5.113354797574954,6.420797407151584,0.335198,0.4035488613636362
ASIVEF_clean,11.85007,13.625610681818191,7.21214,7.61439940909091,0.623261,0.6824381681818176,3560.32,3503.8506409090924,0.7618,0.7597581818181824,0.0021592971,0.003475722634242424,0.0220384002,0.03199548320045453,0.3359063987,0.43024493782090906,2.3506633736,2.7594923412590915,18.11210126699942,19.99257163088091,0.3138679985,0.45568125014659083,6.400395695754266,7.737591895982627,0.35504,0.3867635049999997
ASOHUL_clean,6.56282,7.670514613636352,6.27917,6.568512303030299,1.03902,1.0756994848484858,1553.7,1709.5813818181825,0.6152,0.6257954545454546,0.0015348021,0.006722378468636364,0.0165226381,0.06099311439507578,0.2506224045,0.7892906537813638,1.7198822854,3.6592071445986347,17.87888883349585,21.554266622362405,0.2340997664,0.6609227286459083,7.63200547781618,11.240447077909975,0.226358,0.4145610713636363
ASOSUY_clean,9.00116,8.43357754545455,4.32918,5.116754613636368,0.897328,1.3340131045454549,2551.28,2118.6453000000006,0.6734,0.6412172727272726,0.0096781506,0.00460171972090909,0.0963110404,0.055092828532121225,1.2500598299,0.5690277326268178,6.0414205457,2.7272724020409074,23.81390069357713,20.676309136111993,1.1537487895,0.5783948437313635,13.50933221643031,10.587255244813997,0.677112,0.3910159386363636
ASOVEL_clean,5.72633,6.631683909090911,5.3133,5.389924143672015,1.03379,1.099018721212121,918.849,1560.452509848484,0.495,0.6021142424242425,0.0061281692,0.011165721090454536,0.0621616493,0.12794229625999998,0.9539822509,1.3365885889733329,3.5409410244,4.204710447212498,23.48702642311307,25.725825683805613,0.8918206016,1.2555748113689398,14.64207154996791,15.85534260833756,0.473744,0.5273280095454542
ASOYOY_clean,9.52144,9.188095818181816,5.9183,6.723305681818177,0.828676,0.9860524545454552,2557.99,2147.275927272726,0.6796,0.6761481818181819,0.0061693735,0.0064094533680303005,0.0604531041,0.06332859581363634,0.7928765772,0.6175684506590905,4.0497729722,3.151257439640909,24.60438184812067,23.28901678131079,0.7324234731,0.568354124532727,11.97816778240173,11.250665319389887,0.46309,0.40280280545454533
ASUBIB_clean,6.13583,6.684287734848491,4.25508,5.1915309436720145,1.52116,1.1584617242424242,967.73,1665.0283636363636,0.532,0.5997600000000002,0.0071101356,0.010333616433636358,0.0701419196,0.11228662984340906,0.9610305985,1.0744193186290907,3.3306096472,3.6083106363672726,24.08995298924634,25.876386559559197,0.8908886789,1.0993450038454549,15.34325672022348,15.507814818380771,0.459052,0.5121659412878792
ASUWUI_clean,7.16113,6.305249431818183,4.73321,4.568849528117717,1.15085,1.1572270818181813,943.517,1321.2000072727265,0.5382,0.5550945454545456,0.006857295,0.01188710193742423,0.0692984115,0.1166333713129697,0.851961079,1.1666202121440914,3.4201969354,4.187557660492727,27.62694933312714,26.647457992396546,0.7826626674999999,1.0614091213440908,17.67440906719388,16.387288440947508,0.34197,0.5250862113636362
ATAFIK_clean,6.40025,7.6777617727272744,5.70377,6.135537909090906,1.21508,1.2175263954545452,1722.65,1721.9489954545456,0.6392,0.5994099999999999,0.0030093096,0.006554328485045454,0.0298087087,0.0646816578594697,0.4603819831,0.8063516153000005,3.4110927573,3.528049567543184,19.34422045843633,22.10748053854738,0.4305732744,0.7178627257218179,9.0205312846125,11.228855251173329,0.35038,0.4118689818181816
ATAYAX_clean,10.41989,8.832725363636367,5.8507,5.720388727272727,0.781859,0.911546972727273,3072.5,3061.4843681818174,0.7182,0.6922199999999997,0.0053193441,0.005608744916742424,0.0542422217,0.05552912120431824,0.7272174435,0.7151965944872727,3.8770566314,3.7512029188322735,23.05616646383198,20.573833361674556,0.6729752217999999,0.6503308142845455,10.58037124465318,9.287709356284783,0.473081,0.5092080204545457
ATAYEB_clean,10.54748,8.733271681818183,5.75428,5.804074136363642,0.825883,0.9841671045454544,2845.11,3197.8564499999984,0.7048,0.6905836363636363,0.0053838558,0.005817035068560608,0.0527169956,0.052517184327045455,0.7199299086,0.6851460873621213,3.9617062284,3.7797244681797006,22.97861050098371,21.246816702799105,0.667212913,0.6796255055413635,10.7467919747099,9.187830676505303,0.458988,0.5069102863636367
ATEYOP_clean,10.52737,10.806273954545455,8.16815,7.89146931818181,0.722386,0.7326959545454551,3319.23,3308.658090909086,0.744,0.7414981818181824,0.0056370473,0.005634080859049592,0.0562063751,0.05194594781409084,0.8108331783,0.6645477128986365,4.4541618266,3.915473236436809,21.33413313656258,20.683457963921693,0.7546268032,0.6298515469513629,10.04449885083421,9.321979302707227,0.561422,0.491045872727273
ATEYUV_clean,10.25531,10.5105035,8.1108,7.809343818181814,0.751133,0.7083978954545456,3235.83,3324.940499999996,0.7324,0.7365099999999998,0.0067376534,0.004965379908795458,0.0664457908,0.05210767102037889,0.9276695163,0.6920845042281822,4.8167726021,4.164380339192729,22.14771035366965,21.03851201263362,0.8612237255,0.6298716988336357,10.71299683452172,9.642417223619603,0.6033569999999999,0.4844752616666656
ATEZAC_clean,10.53968,10.959871090909083,7.74023,7.367559409090916,0.687634,0.7592222318181814,3335.91,3216.299504545455,0.7586,0.728114545454545,0.0032048083,0.004504934263181816,0.0327854723,0.05373969080063637,0.497496854,0.6176646622404541,3.2275929104,3.9511868968969113,19.30502190978043,20.068128086228416,0.4647113817,0.5505301869072724,7.988751123687979,8.586206647675615,0.429881,0.4151961745454542
ATEZEG_clean,10.12518,10.073067499999992,7.5272,6.964050000000009,0.775574,0.7784870999999998,3045.2,3164.747463636363,0.7158,0.7168081818181815,0.0066829446,0.006155210917727276,0.065134664,0.06916900471227273,0.9690634425,0.8422840185781819,5.3066592817,4.7335214664907825,22.13630635716182,21.519609596336643,0.9039287785,0.7337700363468171,11.34729353042382,9.995304436192297,0.58941,0.5329644833333332
ATEZIK_clean,10.39835,10.120287045454548,7.60488,7.532023136363644,0.744295,0.7674357772727279,3129.33,2982.3752727272736,0.7298,0.7256336363636364,0.0047216019,0.0050496883559090905,0.049408191,0.04821787025590912,0.7401904471,0.6902340363420456,4.7002223998,3.387917174417725,21.00776309652366,20.6311534369441,0.6907822561,0.6525946158886362,9.879563268667072,9.20710401405525,0.51431,0.43666445863636366
ATIJUJ_manual,17.44029,12.606438090909087,16.95439,11.347770136363634,0.753394,0.9275423181818182,1675.56,2532.6282181818174,0.7098,0.7158872727272724,0.0004702184,0.00487951911326515,0.0050007633,0.04808343847243009,0.0728856333,0.47353120397681825,0.4907720843,2.1954538792936353,14.94948892775503,20.500385630699185,0.06788487,0.4191796098377274,3.893526391603287,8.704406140446146,0.126531,0.3489968249999997
ATIXAE_clean,6.03489,6.948902204545453,5.11879,4.80732682727273,1.08037,1.0934615636363636,1840.92,1821.822459090908,0.5946,0.6039981818181817,0.0036649614,0.008605455158939398,0.0357863465,0.08048213676909094,0.5271239901,0.9504315155127274,3.0579485426,4.245006584742501,22.08601371799925,23.244218567604673,0.4913376436,0.9110868135409094,10.97989319903402,12.355468861163587,0.329875,0.5594619918181815
ATOGEV_clean,5.55487,6.7683563636363635,4.3075,5.218169,1.61783,1.3585073409090913,874.522,1267.2044355519477,0.6026,0.584322727272727,0.002458123,0.006589517185000003,0.0249081726,0.04960540860999999,0.3614510458,0.5656174234781816,1.8493581538,2.004889303818636,21.90013484716386,20.886635137936715,0.3365428732,0.5557993847281816,10.68660795324552,11.676421852597638,0.235734,0.25516239181818184
ATOWIQ_clean,9.54888,9.215627045454557,7.69493,7.4779243181818105,0.866747,0.9499550090909108,2055.19,2000.914554545458,0.6812,0.6703072727272738,0.0025425903,0.004152335367090906,0.0257865187,0.03922315295568174,0.4104073098,0.4796914036568188,3.3190890598,3.3867439492386313,19.20118530095354,19.855269712015904,0.3846207911,0.5047498489268183,8.063696678502367,8.252565222595917,0.345962,0.3809095821212127
ATOWOW_clean,9.60606,9.545391454545474,7.73922,7.485041090909116,0.865497,0.9321882863636379,2052.45,2040.2271500000008,0.6816,0.671367272727272,0.0024462045,0.005128582846079551,0.0244454269,0.0617505932885607,0.3834026744,0.6474213318590906,3.1552614919,3.699187646283971,18.68333603986264,20.899225062942413,0.3589572475,0.6225579773297735,7.782965401326053,9.89821429176152,0.33526,0.39270441583333326
ATUXIY_clean,5.42434,6.18522071114996,3.78722,4.418511441179655,1.56042,1.2712138500000005,974.637,1189.5272147727267,0.5342,0.5662827272727268,0.0080648589,0.008995576183318183,0.0811171121,0.08540806723209085,1.1410662689,1.0286638240540895,3.626188471,2.7085859407138626,25.45881239070818,24.665329298469224,1.0599491568,0.8878125566031813,16.87572955838599,15.385905175887787,0.494856,0.47813904350649344
ATUZEW_clean,10.5847,8.093328166666664,3.84767,5.188984469696969,0.968927,1.0717107272727262,2190.95,2316.740777272727,0.6504,0.622361818181818,0.0135024533,0.0092455467725,0.1273151997,0.08016328504659091,1.1564074801,0.9606388498184092,3.8818182007,4.136436072126315,27.23007530447824,23.753666296298327,1.0290922804,0.9405798434850001,14.45403923085552,13.420196738299687,0.6311680000000001,0.48051579469696964
AVAJUE_clean,37.52571,23.1055935909091,19.54108,13.085272863636348,0.164116,0.37579967727272695,6088.87,4149.95822727273,0.9304,0.8849390909090898,0.0010365452,0.004196931087272727,0.0107303694,0.023627762928181813,0.162439838,0.22458755428454538,1.0757883751,1.6805511150000005,10.73264533906776,13.466639135691395,0.1517094686,0.24102008354863638,2.415556398819476,3.3345270525695843,0.450064,0.38479897777777783
AVAKAL_clean,26.25291,24.644174,12.57512,17.217862363636343,0.207415,0.26844491363636314,6072.13,5312.843045454544,0.913,0.8895972727272731,0.0009402786,0.002199589967727271,0.010808726,0.025769970467818145,0.1574115865,0.27108126157181806,1.0615834525,1.6173304788795457,10.93806184296473,13.073480411961784,0.1466028605,0.2581054818877273,2.598450805014545,3.6413349582354,0.4023680000000001,0.39878809545454524
AVAKEP_clean,25.17564,26.905391318181803,12.49369,17.193376272727257,0.244994,0.27348516818181773,5799.87,5066.713181818176,0.8902,0.8882445454545453,0.0013750982,0.004242652377727272,0.0151642775,0.03358622326811187,0.2195038717,0.31995442348045433,1.4990174785,1.7328324695677275,14.2510666734296,13.554855943099353,0.2043395942,0.3472509825132953,3.574823330135668,4.045433074874659,0.4142170000000001,0.42826635909090877
AVELOD_clean,8.08398,6.978126522727277,4.98141,5.515711818181818,0.915242,1.0296948090909093,1842.51,1860.9525318181811,0.6036,0.6094881818181819,0.0036404884,0.004130168926320344,0.0347078669,0.0454136528167197,0.5434702249,0.6037270802669323,3.9579103259,3.0750436113718185,21.12308028536814,21.646168365210233,0.5087623579999999,0.5583029664037874,9.631489184265329,10.947321236639189,0.388899,0.3549135286363639
AVELUJ_clean,8.10638,6.989342248484853,4.88927,5.093209340909095,0.902679,1.0670324545454548,1879.38,1788.9078000000009,0.605,0.6169045454545456,0.0037777169,0.006230482841144337,0.0375794697,0.055244079505471694,0.5825687207,0.661436751604659,4.1984487678,3.6422295458048772,21.39658456094365,23.02305247064755,0.544989251,0.656175101084659,9.845026769150794,12.62304906833577,0.409148,0.3583172131818182
AVEMAQ_clean,7.89565,7.1076157515151515,4.97897,5.115403477272724,0.907269,1.0540627318181814,1857.86,1685.988113636364,0.6116,0.5954836363636363,0.0036252743,0.005695323213881116,0.0357787421,0.05751996167568183,0.5591830813,0.6851337412125759,3.8923965357,3.3815943165459106,21.2601454802649,22.980713372166637,0.5234043392000001,0.6339562610295454,10.02862122560524,11.90994462807217,0.382411,0.3970338246212119
AVEQID_clean,7.54994,8.347730681818181,6.22752,5.970651090909093,0.801255,0.8480365136363637,2819.83,3014.0759818181814,0.702,0.6947145454545455,0.0030861518,0.004657368162140148,0.0308843645,0.04857954792613636,0.4874387374,0.6145452174270662,4.3307448808,4.181234859725909,17.85501078323919,21.00434557462809,0.4565543729,0.6108330981577267,7.459689873431421,9.297748780273,0.443556,0.42153528227272735
AVESOL_clean,5.87217,6.738863208874459,4.28231,4.780953178787878,0.954537,1.0156418818181823,2500.02,2250.866054545456,0.6616,0.636092727272727,0.0139580791,0.008885723212878786,0.1412496128,0.07835353535931822,1.9558559407,1.1309577979445453,7.6962309481,4.805321905432955,24.92493967871356,22.2130372959548,1.8146063279,0.9588521832249998,17.30490758562505,12.483457322207464,0.80941,0.5131911086363632
AVESUR_clean,6.33732,8.10114722727273,4.06042,5.977098386363636,1.18458,1.0306860681818184,1932.12,1843.7808954545467,0.6222,0.6323009090909092,0.0072280153,0.0082905200739394,0.0722241945,0.07161656570363636,1.0796820696,1.1113871528077275,5.4511810777,4.57533580868894,23.27085900159778,24.05722856411909,1.0074578751,1.0731310752043932,14.81240110479601,14.642920210772933,0.511759,0.5234846045454548
AVETAY_clean,5.64584,6.783204681818184,4.05596,4.7790525227272775,1.01371,1.2166883454545456,1714.92,1350.4968931818175,0.6096,0.5701654545454542,0.0171002113,0.01041152062409091,0.1688282976,0.12048929207318175,2.1834951824,1.3064575823486362,7.1396462443,3.594743287831363,26.60292210004484,25.21164029774349,2.0146668848,1.206561896388182,21.46490696789554,15.183872169294771,0.7330570000000001,0.5854206127272726
AVIHIY_clean,6.88379,7.02303253030303,6.45442,5.59695968181818,1.62124,1.4039310090909067,969.06,1330.5365556818185,0.5722,0.5729570454545458,0.00429493,0.006075977475993509,0.0424807961,0.06048434684080408,0.6483608405,0.7603655431672723,3.3289776554,3.0336121827513636,22.57332964226221,23.82759398910523,0.6058800444,0.6756672244786366,13.35396515597782,13.612475521198313,0.345487,0.39113012909090883
AVIHOE_clean,6.82367,6.927107045454548,6.45553,5.840827000000005,1.66276,1.2373638227272727,944.123,1508.1288181818184,0.5622,0.5912686363636358,0.0045816027,0.005065324899545455,0.0453857512,0.05384294829621392,0.6815951114,0.7523442524009091,3.3711454546,3.3801806445822717,22.83065755789623,23.20561531118953,0.6362093602,0.6944274944031821,13.71042993292702,13.5451215704749,0.355116,0.37751701045454555
AVILEY_clean,25.42698,27.296016590909115,10.76844,20.544210363636367,0.654082,0.4425207000000002,2452.57,4097.277772727272,0.8422,0.8356263636363629,0.0009406536,0.004098391669318182,0.0088245488,0.04154881552954547,0.1321043077,0.4687565411886368,0.8460716629,2.053603375308638,16.12858166529575,19.01686421893589,0.1232797589,0.41423575115363603,4.689466857698645,6.7098511106958485,0.190682,0.39845397090909107
AVIMOI_clean,5.73292,5.922104581818182,4.38571,4.7148927007575745,1.22616,1.125983306493506,927.807,1607.6128204545455,0.5176,0.5821445454545453,0.0196418566,0.012790678813068168,0.1897913846,0.11585721772893937,1.7909046383,1.2373576636095454,3.9001225272,3.6598844135109094,28.37501749498242,26.021570428077318,1.6011132537,1.1311656578713634,18.11821353777297,16.31296102423374,0.765757,0.5056045579545452
AVIPAX_clean,7.26399,7.3501420712121215,5.25081,6.034624545454549,0.96381,1.1849379840909091,1925.33,1636.6309999999999,0.5882,0.6105109090909085,0.0070101334,0.0067696209000953885,0.067090007,0.06498358384617425,0.8896660939,0.718898940068799,4.1952275029,3.68885096603318,23.90029815864858,22.190435028179305,0.8225760869,0.7418275596210611,11.7708198599201,12.47237910031895,0.539994,0.4284403413636365
AVIPOL_clean,6.57451,6.721393505681817,5.5873,5.28696138636364,0.939158,1.1312558818181822,1839.35,1782.1607045454552,0.604,0.6250204545454542,0.0053620921,0.005550015473977271,0.0564793282,0.05397024889090905,0.8876860918,0.6483391238624248,5.1005787091,2.8773507596563666,21.3981598449504,22.814542546890276,0.8312067636,0.6613174521481815,12.30266617984913,11.967298794211212,0.50099,0.34584066045454526
AVITUU_clean,11.69294,11.397292181818182,6.93274,6.86518259090909,0.710904,0.8540079500000003,2507.52,2529.8909499999986,0.6994,0.6991909090909091,0.0105206603,0.00957621400360606,0.1055098361,0.07127883454818183,1.3047468958,0.8531833631613644,5.0518990771,4.318929728215453,28.83658430006539,24.737282991819384,1.1992370597,0.73269827737,17.72842817045354,12.100251766342504,0.49721,0.507072815974026
AVIVAC_clean,11.84006,11.74747213636363,7.39815,7.191102499999991,0.73653,0.7492902659090911,2337.87,2395.9496818181783,0.713,0.7114145454545453,0.0092779831,0.009120285002272703,0.0879331703,0.08526777138954533,1.0746893028,0.9981636531084073,4.5281741594,4.366490933808275,28.99839396325389,27.779371203004764,0.9867561324999999,0.9234419565890932,16.22846107971903,14.878064737183013,0.453359,0.4630111400649354
AVIVEG_clean,11.84801,11.853616590909077,7.36492,7.233711999999992,0.733043,0.7436912409090907,2351.79,2365.8792272727264,0.716,0.7135045454545443,0.0088642057,0.008659182341818195,0.090000496,0.08411027549727279,1.0803900629,0.9975239747402295,4.6106423447,4.2539148882237905,28.7420336684385,28.133999306111694,0.9903895669,0.8872665580340933,15.98424505674212,15.185800297914927,0.462175,0.4394675060606065
AVIVIK_clean,11.79938,11.401123090909097,6.70311,7.086272863636368,0.734288,0.7753808636363629,2323.19,2306.54055454546,0.7142,0.7092499999999983,0.0077618401,0.008926472647272726,0.0790720874,0.08606510492090905,0.99864794,0.9971978633963633,4.5236678889,4.498386976759544,27.58509232957707,28.122361946879114,0.9195758526,0.9187750373018205,14.67379583660409,15.220652129333192,0.469866,0.45606793863636463
AVIVOQ_clean,11.94166,11.819531727272725,7.13512,7.0838895,0.709142,0.7466405681818175,2658.68,2405.9520000000007,0.7218,0.715123636363635,0.0069483381,0.007587994069545455,0.0716287779,0.07598070080454554,0.9038476256,1.001286398224999,4.3593873166,4.344285109803788,26.37781568355967,26.516565539001093,0.8322188477,0.8670456201295476,12.79064269019713,14.192719944188205,0.48328,0.420480814242425
AVIVUW_clean,12.04076,11.78214713636362,6.91892,7.067348409090892,0.729779,0.7345817045454552,2315.89,2424.031409090908,0.7162,0.7137836363636368,0.0081787404,0.00875967544249998,0.0834393912,0.08506140617439394,1.0069156816,0.9942151158667443,4.4347853726,4.4280030755129465,28.29022365369072,27.675991714055353,0.9234762904,0.912657231837274,15.22471008369058,14.71664211980701,0.451402,0.46143072272727265
AVOSIO_charged,10.84161,8.74260004545455,9.61852,7.4556537272727255,1.06031,1.137868929545455,1111.1,1402.6178727272732,0.5728,0.6052907575757577,0.0006130864,0.0063215381395454505,0.0066155334,0.06100788453318183,0.096801368,0.5857316345268183,0.5867457562,2.562434692377272,19.27898105017131,24.17772729052627,0.0901858346,0.5181980054909093,6.144084135025755,11.082762991693038,0.106795,0.3021851409090908
AVUCEA_clean,10.64181,8.90474368181818,4.52481,7.5825125454545494,0.89363,1.1318879818181817,2552.15,2338.7814272727255,0.6776,0.6509409090909085,0.0045443618,0.010609084622727274,0.0429352139,0.0852697870745454,0.6532239508,0.758402657468636,3.6427693034,2.3632294675704544,21.23379056359331,21.781720617345254,0.6102887369,0.7211243059122727,11.01477979885442,9.973800697799577,0.414552,0.5172087827272726
AWAGEL_clean,8.54501,6.780777340909094,7.28684,5.002740579545457,0.99094,1.135452677272727,1278.53,1445.2825999999993,0.599,0.5861434848484846,0.0031329724,0.006098780920795457,0.0319068505,0.056559422017537844,0.4937991733,0.7331759473876139,3.8348519124,3.6812210498827276,21.50424813354177,23.379703578500354,0.4618923228,0.6664269789991667,11.22244744996322,13.22815138340186,0.299241,0.3836422222727273
AWAHEM_clean,7.6574,8.02392663636364,4.85724,5.743081363636367,2.1582,1.5431966772727277,822.374,1749.416745454547,0.6144,0.6221981818181819,0.0003877897,0.005547465737272725,0.0036992191,0.04112660335886363,0.0570247194,0.3941871628927272,0.3839157207,1.5595593370522727,17.32318685065002,19.700141159455576,0.0533255003,0.34899080737613636,6.107652835084648,9.361453574712451,0.06376770000000001,0.19356677363636357
AWASEY_clean,12.05091,12.557878909090908,7.26209,9.28004722727273,1.15771,0.8808513909090917,1646.54,2544.94071818182,0.7186,0.7253645454545452,0.0005433763,0.005343678566409093,0.0051801876,0.04241732047795457,0.0759561345,0.4381450758286361,0.5123030697,2.1402478769531803,15.94919922025484,20.86909778236355,0.0707759469,0.40766657390454525,4.810957479830307,8.972941548294708,0.107012,0.2751532427272729
AWAWUR_clean,9.42427,11.223788181818184,4.27216,6.104563590909094,0.982453,1.1381989045454548,1610.56,1860.830927272727,0.6066,0.6367540909090907,0.0068537098,0.0054436568782575785,0.0618009388,0.04414542647924245,0.5706940023,0.656139678294091,2.4537916568,2.943190943451363,29.90003466074802,21.770790589834295,0.5088930635,0.5777212817063632,11.42470904329448,10.880345371322226,0.358211,0.38099720181818175
AWEDOW_charged,7.01648,6.861228079545458,4.5072,5.0251406272727275,1.06034,1.1489104409090902,934.006,1269.7563857142852,0.555,0.5578599999999997,0.0025524968,0.00788478078636364,0.0257259523,0.09614320248712117,0.3987556101,0.8634242476015902,2.3339836712,3.4648955859269712,22.24373470173133,25.939149094211267,0.3730296578,0.8118271058195453,11.24513508248223,13.291895951168145,0.246441,0.45420113590909084
AWEJIW_clean,10.88001,8.806160818181821,10.50387,6.98686209090909,1.19375,1.147275913636364,1102.24,1615.7530454545451,0.6004,0.6005698181818181,0.0098587339,0.009143813798909097,0.0943475808,0.08918013927636359,0.9402571425,0.921375770746818,2.6930947555,3.7123645314889373,26.32724022353397,24.86343204970432,0.8459095617000001,0.8917484013272728,14.59900555469085,13.696907920483879,0.501685,0.4743765454545456
AWEVIJ_clean,10.6197,9.430115090909089,8.65931,6.719710863636364,0.747212,0.8965244318181822,2151.16,2426.1845818181796,0.6408,0.6841709090909089,0.0157778784,0.006253069607272731,0.1664092956,0.06810597074492429,1.1808934181,0.7330044651750004,3.4634813522,3.6519442827845467,35.99805966952955,23.62467399650937,1.0144841225,0.6501602723190911,16.17382419165433,11.869043835489999,0.516607,0.3838129031818183
AWOFOI_clean,5.44554,6.198780210606062,4.19244,4.8684261212121225,1.31908,1.2058581371212116,1587.46,1544.6320809090907,0.5974,0.5996313636363638,0.004651861,0.007757468029948047,0.0473405849,0.07206716060636363,0.7019350183,1.005302818525454,3.7451340535,4.114169469178179,22.69514666474909,23.644790060601462,0.6545944334,0.9378987016704542,13.16141177100365,14.567983734824576,0.368776,0.4708750561363636
AWUPAL_clean,18.42063,14.128349090909108,9.23563,13.125673363636354,0.348553,0.5602565454545453,5001.08,3770.319036363636,0.8538,0.819816363636364,0.0014417998,0.008926258485795457,0.0140634572,0.09307392168272727,0.2185052684,0.7799005491231816,1.4593614094,2.2277168659854536,13.82953152256392,14.845384761656916,0.2044418112,0.795903145645909,3.891000048113327,4.278718795392638,0.376591,0.5667507409090912
AXIMUP_clean,8.06476,9.222299238636364,5.62993,6.510839318181819,0.749362,1.1422638454545455,3176.31,2159.187572727273,0.7064,0.65102,0.0039560784,0.00525104366659091,0.0370813985,0.047099112273977305,0.5568772857,0.579696841142386,3.2989610214,2.5316415011554536,20.5749255050002,19.456364483128333,0.5197958871999999,0.4927177283831819,8.689294981100327,9.180478497411958,0.440741,0.4275232299999994
AXINAX01_clean,19.47488,21.301528090909088,13.27772,14.588185181818174,0.402001,0.4656514681818182,3753.89,3906.186259090911,0.8346,0.8383109090909092,0.0022771201,0.00233542615590909,0.0232465592,0.029032724401818148,0.3289940159,0.36459138648772726,2.0115480776,1.8979474952059083,18.92651154226644,15.150858493403103,0.3057474567,0.31602566558636375,5.995696400012084,4.655264234836874,0.368188,0.39400374090909074
AXINIF_clean,9.6188,9.686406318181819,8.65235,6.27812563636364,0.750661,0.9349761272727272,2948.81,2201.0623545454546,0.6692,0.6569027272727276,0.0054501895,0.011012407491666676,0.0542976963,0.08806392253151518,0.7832201406,1.2095089234572725,4.4853032143,4.485060120849092,22.03519990965501,23.410080511430657,0.7289224443,1.2208934970686365,10.20574351480776,12.150380943820199,0.530845,0.590125468181818
AXIPEE01_clean,6.81111,6.297567136363639,4.3641,5.053348670129876,1.50078,1.1074470166666672,1324.81,1669.0659772727267,0.6082,0.6046912121212118,0.0025119605,0.006564041795216452,0.0236762682,0.06232511929601012,0.3662168718,0.8473719887127269,2.4713567119,3.222121262641366,20.66410010355041,23.566818408013468,0.3425406036,0.7462837046395461,10.9923232562918,13.260465978615315,0.228031,0.44054101545454555
AXIPEE02_clean,6.48792,6.407155784090909,4.04495,4.973994889266041,1.63435,1.238062818181818,1013.74,1258.0409768939396,0.5904,0.5721118181818181,0.0029686205,0.009358190556415586,0.0300020997,0.09719017540045778,0.4619971774,0.9462815139609089,2.7010110945,3.008092246305453,22.13459504842712,24.799306149194518,0.4319950777,0.8603216699534846,13.4152875449516,15.608581061997986,0.23821,0.7171777681818182
AXIPEE03_clean,6.5428,6.435351886363636,4.0805,5.4027895312500025,1.61298,1.1146447818181822,1058.25,1668.4959227272723,0.59,0.606603333333333,0.0029501162,0.008359905214025978,0.0288449193,0.06803465874145102,0.4541771227,0.9056289404854553,2.6720280537,3.4037969970852275,21.91418437019276,23.81121029220652,0.4253322034,0.8617916958404553,13.30736700756629,13.543587442475852,0.237008,0.45891040454545473
AXIPEE_clean,6.41608,6.469489818181821,3.94175,5.185637975757574,1.68088,1.177257086363637,923.32,1570.8724545454543,0.574,0.5889072727272722,0.0033129329,0.007854285951298706,0.0327645293,0.07696686970739898,0.5009903905,0.9396791558877285,2.6956448438,3.337346742664999,22.66167548959463,24.551876684955406,0.4682258612,0.9349892217322723,14.5849494371356,14.275967615574382,0.242346,0.45852789409090894
AXUBAW_manual,14.24572,10.4912705,5.52422,7.6745607272727305,0.741721,0.9542996272727274,2425.44,2290.585954545455,0.7126,0.6866563636363633,0.001405468,0.00336581592090909,0.0140546803,0.03371375242534088,0.2121457407,0.4503039418686366,1.5315771458,2.237802527765909,15.93220559763681,19.48983228766734,0.1980910604,0.43018726535042423,5.312239384854619,8.635746872524342,0.269865,0.3339054613636364
AXUBOL_clean,7.85983,7.644328181818185,4.2994,5.364043204545456,1.05112,1.1976787590909077,1031.17,1569.5673090909095,0.6054,0.580572727272727,0.0081988224,0.009575097823636374,0.083858029,0.09703422670636357,1.1069030957,0.7669382066509101,4.7718834,3.3514632341009096,24.72084907834726,26.12043483209094,1.0230450667,0.7801738310845457,13.71912051660987,12.748588681327258,0.576403,0.40377147500000005
AXUHEH_clean,7.21454,7.221600409090902,5.63203,5.10444287121212,1.06453,1.3922409227272712,962.545,1247.8215621212125,0.4958,0.553420909090909,0.0122984518,0.018308876298124988,0.115161252,0.11260984826510821,0.7889320839,1.1724652180268187,2.6451627936,3.98087340856409,31.63668723832791,26.433611557570725,0.6737708319,1.1404593746190914,12.4890457864002,15.202288401549982,0.503141,0.5143657907575755
AYOXUJ_clean,6.31092,7.328954022727273,5.4451,5.378920181818179,1.11362,1.3648975318181817,743.833,865.6029909090918,0.4926,0.5079359090909086,0.0011061768,0.007818809507589286,0.011768417,0.0805431259303333,0.1780074985,0.9330316838199998,1.1129987128,2.7996096578649983,21.09594575043273,24.087823414602557,0.1662390815,0.7661589510372727,9.031799878415175,12.969346053738237,0.135447,0.3136694927272726
AYUJIP_clean,12.69936,10.16897495454546,7.89199,7.830469818181819,1.08786,1.2193423409090913,1531.63,1527.9121500000003,0.6204,0.5927572727272729,0.0144473482,0.011335323699090913,0.1319158715,0.09752820916772724,1.0417913033,0.9608622119754543,2.8231066666,2.789712915371363,33.73478482316209,25.67238533921317,0.9098754318,0.8456029254759087,19.77810810531592,12.671239035717297,0.375301,0.4463633013636365
AZAFIS_clean,4.56554,5.550463935606058,4.01347,4.596769837500003,1.5219,1.3500539181818185,787.192,1415.7397545454537,0.5324,0.5745499999999999,0.0123604905,0.011556950879999998,0.1158467449,0.1304101501002273,1.2206593446,1.0956998888690914,2.9180272965,2.7593347496169986,27.87740772147499,24.6869056189687,1.1048125997,0.9093353541977278,21.68961943602806,15.623877866400816,0.416479,0.43419578636363676
AZAVUU_clean,5.48228,6.008203230303036,4.93668,4.951570320779222,1.18498,1.1589380318181814,955.777,1359.6202363636364,0.5306,0.5813157575757569,0.0142181691,0.011965158160303028,0.1389147533,0.10448545694681806,1.5190707931,1.2622670616977272,3.6176861063,3.9270002569148486,26.76735037925861,25.358301051065112,1.3801560398,1.1528329333790923,16.07963974523543,15.518667946826929,0.718178,0.5728332931818181
AZAWAB_clean,5.65614,6.027983610227269,4.89759,5.006271100478467,1.11309,1.1417380090909088,1118.62,1260.532332196969,0.5586,0.5469272727272732,0.0096257732,0.012665620847272723,0.0959932072,0.12378155824249994,1.2293676461,1.348738918395455,3.7785705109,4.127422993152045,25.21251990529499,26.327099179941094,1.1333744389,1.1798186775977266,15.5948132617591,16.241374384746717,0.58191,0.5973633381060603
AZEBUE_clean,5.44142,5.703078059848485,4.51467,4.552019839499386,1.81828,1.37072343030303,601.015,1339.0341333333322,0.5076,0.5600177272727271,0.0080589856,0.009280081827424236,0.0799390383,0.09763882186492424,0.9218879559,0.8053547723527278,2.2666079909,2.935933561435679,25.82481687690085,24.3068197312548,0.8419489175999999,0.7615760577331825,16.41103387169601,14.704502711662515,0.428179,0.3879996545454545
AZIVAI_clean,7.0547,10.094996409090907,5.80911,7.433479181818185,0.682418,0.8342329181818179,3825.28,2982.7766318181816,0.715,0.7147381818181817,0.0038906741,0.008459061697349574,0.0396294145,0.08656593511999995,0.6182180264,0.9267163170222722,5.3056525712,5.138063082207046,17.86309601459331,20.11429480016563,0.5785886119,1.0794874096768186,7.508087808032518,10.28127990594764,0.561712,0.5728142344588745
AZIXUD_clean,5.99991,6.295269596969694,4.88169,4.644422378787878,1.10463,1.160220331818182,1706.59,1993.5607999999997,0.6184,0.6219863636363631,0.0053050591,0.008123551883484846,0.0537463367,0.09239248664636367,0.7992438074,1.1005278418363627,4.546646875,4.107032958294627,23.00261659360381,22.91376351641305,0.7454974707,0.9981319396333341,12.87047596056193,12.673968682997899,0.431321,0.5073332745454543
BADYAJ_clean,8.60576,8.194866909090903,7.13629,5.541661999999999,0.984728,1.1326697818181817,2021.04,1902.3097733766233,0.6528,0.6233727272727274,0.0026611736,0.005043105031439394,0.0264220001,0.046587263722727236,0.4009931366,0.6619634355512121,2.9645036521,4.022697242260725,20.39504198048362,22.719881393621925,0.3745711365,0.6782896165050005,9.191152694730778,11.331992056850149,0.296082,0.4236381143939395
BAFHAU_clean,9.02635,9.202624454545456,7.37185,7.346132386363639,0.858551,1.0994487818181817,2734.89,2200.9897136363625,0.738,0.6522054545454546,0.0004058086,0.006621258550909095,0.0037692053,0.04981255873727274,0.0562835896,0.4832978527936366,0.3830901982,2.101501418525909,13.63194218427418,18.893139882011855,0.0525143843,0.40382026427954526,3.560612650398108,7.741871652601021,0.10466,0.37075473863636366
BAKGIF_manual,7.54763,7.5277928181818154,6.30914,6.4849205909090895,1.01674,1.118483170833333,1503.6,1500.55465,0.6098,0.6144445454545455,0.0025318342,0.006319124619950978,0.0279650111,0.055784012364734875,0.4410695802,0.7126813044883185,3.7047241815,3.7590949731836383,20.36862226974133,23.105987098260535,0.4131045691,0.644259132267159,10.22397708098656,12.308305191851645,0.297424,0.38860399999999967
BAKJEE_clean,6.44764,7.297698227272727,5.41267,5.750473545454546,0.918977,1.0738876727272726,2402.06,2123.936404545456,0.6406,0.6300809090909087,0.006028584,0.005761546048787876,0.0619344161,0.046773799159090905,0.9389667025,0.7441673056396975,5.6768159144,3.708317871790699,21.68638431458149,21.325975804129904,0.8770322864,0.6789549313786364,11.52439128387052,11.25245899107358,0.569696,0.3755686072727271
BAKJII_clean,6.19215,7.346988181818183,5.21845,5.7384647272727305,0.959339,1.1511853909090903,2146.44,1625.418745454546,0.6236,0.6159627272727272,0.0110923168,0.006138443815424242,0.1110110924,0.061071511472272744,1.7002041324,0.8024564608306816,7.2159685839,3.283781573135454,24.13298934754754,22.170496519146816,1.58919304,0.6923590337722729,17.25561243834557,11.771964892033498,0.701096,0.4086881272727273
BAKJOO_clean,7.70901,6.491385681818182,5.72948,5.208112079545453,1.0049,1.1595211090909088,1734.69,1588.0773719696983,0.6112,0.5928363636363639,0.004606759,0.006208178107296542,0.0479463891,0.06284410049934089,0.743573945,0.6930488967776519,4.9036069269,4.473347578541638,22.1229508751019,22.978365252653223,0.6956275558999999,0.6881095087862273,11.6533223113239,12.419900573661954,0.444973,0.4812797553030303
BAKYOE_clean,7.11646,7.239766613636354,6.19226,5.845216136363636,1.03097,1.2507333848484845,1457.08,1250.31186969697,0.5848,0.5645527272727271,0.0061196626,0.005281494340814097,0.0609126706,0.04863153747443184,0.9813216217,0.6494081060178787,5.5598836596,4.124750069933622,22.27776357042557,22.210438720084415,0.9204089511,0.6326697113488632,13.13463785000985,12.548551491760998,0.524924,0.40023134848484876
BAMKIM_clean,6.79615,6.743221386363642,5.75134,5.493341272727271,1.10764,1.1397205249999993,1338.8,1391.2408606060615,0.5666,0.5760618181818178,0.0024843218,0.005337482177878788,0.0259760684,0.05053322184338636,0.4005033845,0.6890459857316124,3.0757511543,4.367474177631443,22.28040449361621,23.716720693088998,0.3745273161,0.7279826940955302,11.14711147883991,13.333031497586974,0.243785,0.3570663230578516
BAMKOS_clean,6.76349,6.965126840909085,5.81846,5.639862272727277,1.11335,1.1413187363636375,1357.89,1438.2405409090904,0.5736,0.5707009090909089,0.0028366438,0.008047957644659078,0.0291270918,0.07477039980068187,0.4478681083,0.753449832266364,3.2278259754,3.473234705706514,22.79676022813371,23.908598105237648,0.4187410165,0.7182665659738071,11.73572578393217,12.625847109307394,0.264028,0.33881388090909104
BANMAG_clean,8.68497,8.797938499999999,7.44113,7.623407704545456,1.37401,1.5321390909090904,817.297,844.214322727274,0.5786,0.5364154545454543,0.0004447595,0.003527939118863636,0.0041941565,0.03295010150318179,0.0627607814,0.2980972031263639,0.4715195961,1.4236706787131812,16.53617434033134,20.943905494107177,0.05856662490000001,0.26077590207136353,5.715481743179101,9.033194056368242,0.07305310000000001,0.20639424045454546
BAPDAA_clean,12.36039,11.743331818181833,11.54677,10.1916290909091,1.38142,1.0086507227272725,1132.67,1830.2291136363665,0.6892,0.6685127272727275,0.0012101186,0.0026421531942424263,0.0122652976,0.021831638746206434,0.1875012404,0.2903017064118936,1.4271947688,1.721657419482271,17.91304158517489,18.445330807187315,0.1752359428,0.27046237730704537,6.753289788970715,7.030132191218256,0.188208,0.24349412045454535
BAQWIC_clean,8.02487,7.505948363636367,5.97028,6.0044253333333355,1.63849,1.0772624818181815,877.793,1579.7364681818167,0.5894,0.6186670909090906,0.0006237647,0.003454011672424241,0.0059514175,0.034542295727651495,0.0888999744,0.4997490264871215,0.5862902347,2.588627488848637,17.44350070532983,21.302364902240473,0.0829485569,0.45269317029227263,5.982537110465641,9.945863325834937,0.100098,0.30308650909090884
BARZUR_clean,5.4946,6.112015704545456,5.30289,4.700980070454546,0.925783,1.3113977863636368,1868.31,1297.971638030303,0.6062,0.5687659090909087,0.0207266334,0.009417670972954545,0.2046143371,0.09404701668727276,2.6102199634,1.1672792668390903,6.9336128852,2.7958797255036374,26.4651073940374,24.48232466841613,2.4056056263,1.1718551092140916,20.11096136294148,13.633843665824712,0.957415,0.4638616238068179
BASJUB_clean,5.47244,6.010928493181818,4.59142,4.842387204545454,1.03022,1.320779963636364,1512.66,1456.173409090909,0.5602,0.5836381818181815,0.0094019121,0.010784034227727283,0.0885874112,0.1252531249631818,1.2337539666,1.399733638541363,4.2569080767,5.160788807074633,24.72624534744886,24.183444260923764,1.1451665554,1.1929501762231813,14.78276761380677,15.40723637739359,0.600486,0.5977678977272728
BAWROI_clean,13.54985,14.412499318181817,9.13066,9.962975818181818,0.629882,0.6138505954545453,3143.05,3639.4086772727283,0.7794,0.7877627272727276,0.001779752,0.006424864424545453,0.0170065189,0.04218875808318185,0.2580833301,0.4671906635609092,1.6385727942,2.479700901046363,18.41556455348993,18.221896780850162,0.2410768112,0.4588999324818185,6.159663866649313,7.020103473453564,0.285327,0.35851106272727273
BAZFUF01_clean,20.14565,18.81209213636365,8.54605,9.105935681818185,0.342062,0.3817031590909086,5353.8,5070.107045454551,0.863,0.8482754545454552,0.0012129646,0.0018041732227272718,0.0120236589,0.017743068040909114,0.1683547775,0.2602987413236356,1.1483477488,1.6794887554218196,12.6744963037897,12.611790824663428,0.1563311186,0.26941601358272765,3.327282037124037,3.3530239648114435,0.337311,0.4317795409090908
BAZFUF_clean,20.24597,19.330163818181827,8.58384,9.489305318181815,0.340053,0.4034199909090903,5368.02,4895.8806454545465,0.8648,0.8396236363636357,0.0011187538,0.0017002304174999975,0.011199314,0.017654930381984856,0.1652811487,0.22390937347409073,1.1392564024,1.589146080833638,12.61844864100231,13.481785359918717,0.1540818347,0.221106621338182,3.31749633584996,3.800318720237313,0.337193,0.3775986481818179
BAZGAM_clean,42.79818,23.360196954545465,24.24061,14.026999409090894,0.126526,0.3947293454545457,6405.57,4304.586327272728,0.9392,0.8594790909090906,0.0012269223,0.0025328775577272726,0.01184927,0.01586390910045455,0.1802752379,0.22704952723363633,1.2139861163,1.4766133354354534,10.00442156395477,14.254364345538653,0.1684259679,0.2071817094840908,2.235850405861423,4.087359949343647,0.533701,0.32823105772727257
BAZGEQ_clean,27.24034,23.180594590909095,13.9632,10.856820181818172,0.334895,0.4738508954545454,4785.05,3808.9474999999998,0.8624,0.8201918181818179,0.0019931702,0.003303447711818179,0.0194723704,0.0310923861459091,0.2876685919,0.39142774696818183,1.741222803,2.267913466750908,17.22136384432461,16.76012317396637,0.2681962215,0.38624729547545444,5.248181845185366,4.9324321806583,0.37379,0.4006381009090912
BAZJET_clean,13.37019,12.561834909090905,12.10117,10.049698045454535,0.621294,0.7808486772727271,3450.5,2868.3805499999994,0.742,0.7405536363636359,0.0046705241,0.003661009883863636,0.0466018821,0.03013393959284089,0.6677654353,0.3810406333338634,3.8058375954,2.2218127760872726,22.29078326944283,17.704454847681564,0.6211635531999999,0.420881673833182,11.19540142637166,7.440113131231895,0.407252,0.3448094495454543
BAZJIX_clean,8.75902,10.081292045454546,7.46421,6.643198181818177,0.770453,0.79079115,2718.57,3061.424227272726,0.676,0.7204245454545456,0.0050115836,0.004832029686393938,0.0497631346,0.05256530086047983,0.7093327157,0.6455292076771593,3.5444643832,3.4526909152265914,21.70539058062456,21.366661677095433,0.6595695811,0.5886953968499997,10.89352346771014,9.717405535323087,0.454608,0.41392921318181836
BEDYEQ_clean,33.05863,29.286269772727263,31.49051,17.720157136363596,0.462445,0.5144960500000004,3062.18,3386.379449999998,0.8292,0.8409581818181812,0.002355068,0.006535103565454542,0.024481035,0.05326829500515155,0.3447599863,0.3939266021377278,2.0205247694,1.780882093724999,21.01873441890969,16.824844102082345,0.3202789513,0.4300281326331823,7.138673263764002,5.557787516692479,0.322572,0.3401100254545452
BELJIL_clean,7.21036,8.03710286363637,5.21436,6.44370677272727,1.28754,1.4055773181818187,674.07,842.990055371901,0.459,0.5153418181818181,0.0026008539,0.004602095152575756,0.0253200776,0.0393870615075,0.4245107776,0.3771417391054548,2.412661716,1.6438112880109086,22.61135901524661,21.412805316091323,0.3991907,0.36529986934045444,13.15941666521643,9.799753763484823,0.225657,0.25773714409090903
BELTUJ_clean,5.64744,7.020682727272732,4.1969,4.934823219696972,1.08566,1.1838781333333337,1283.49,1632.3449636363628,0.5582,0.5909999999999995,0.0099151535,0.015057574550064916,0.0991475949,0.13634988342954538,1.3464915594,1.298036542047727,4.3486309299,4.049699705807273,25.1496546998666,26.919896184630062,1.2473439645,1.1798004836663643,16.42026147194631,18.688920574975967,0.611908,0.620064706818182
BELVEV_charged,6.99036,6.728668454545453,4.92473,5.073179446969699,0.885864,1.1481812454545455,2152.69,1509.2920090909097,0.6356,0.5705772727272727,0.0031729182,0.007452641427045457,0.0330631378,0.06798002266378793,0.4957155025,0.9866721663684078,3.5351420243,4.336469846088179,20.67184960781758,23.571905172673652,0.4626523647,0.9383991778222732,9.210216767212625,13.190902039563827,0.36723,0.4714180772727273
BEPBAB_clean,5.3188,6.303864700757574,3.97632,5.602408193181816,1.04154,1.3483969909090912,1089.78,1051.4516204545457,0.473,0.5549053030303025,0.0211753085,0.01076594070441559,0.1972101486,0.09676190942015149,1.6841218645,1.049911794647273,4.0454825954,3.84800199110409,29.50368811510282,23.95975712030735,1.4869117159,0.9937504885495458,17.90848807962855,16.388800001441147,0.712186,0.4018705159090908
BEPLUF_clean,10.54661,10.234914454545446,10.45745,9.50163440909091,0.882268,1.0387947545454552,1532.3,1468.2068818181835,0.655,0.6226227272727265,0.0013655808,0.002110935481818181,0.0138034384,0.021892610837348482,0.20228198,0.3244821078811361,1.4471778071,1.7920193513213636,18.73115602850333,19.952729599499715,0.1884785416,0.28814690692977263,6.491081028133785,8.192512441463261,0.208789,0.2158821634090908
BEPMAM_clean,10.35764,10.138578909090905,10.23297,10.097929818181836,0.893987,0.9629088299242412,1532.64,1445.1789454545437,0.63,0.6375590909090912,0.001439396,0.0014332443653030313,0.0126365908,0.017620405472181806,0.2081786771,0.23037338862113665,1.4444807141,1.4734058885840888,18.71884666757781,19.527070859417773,0.1955420863,0.23996181117227272,6.603537400622784,7.235232811893169,0.213524,0.20593693030303048
BEPMIU_clean,10.07029,9.83530781818181,9.95473,9.415798590909102,1.02149,1.0330326727272738,1119.35,1340.7827454545463,0.6036,0.6194654545454544,0.000652147,0.0027278570330681803,0.0065313886,0.014114588187159082,0.0997239388,0.16395270020833336,0.7355127117,1.1380423478404529,16.66896032079575,19.06121352192029,0.0931925502,0.16104698980257562,5.52446495717392,7.3581167110767645,0.120371,0.15522858363636344
BEPNIV_clean,10.32219,10.253369272727287,10.19883,9.593277409090923,0.893387,1.1668639863636376,1494.71,1303.5553090909095,0.6494,0.6096363636363633,0.001456755,0.002544658850583331,0.0135213091,0.026494027358636346,0.2048123408,0.3145977025316668,1.4307044569,1.678671914178635,18.67512044352693,18.92462384944349,0.1912910317,0.27975776622477266,6.433483772814997,7.552735493885722,0.213397,0.22680244136363642
BEPNOB_clean,10.36311,10.322100909090903,10.23127,9.720993181818189,0.890303,0.9664908545454554,1498.37,1579.4262909090946,0.6478,0.6329718181818175,0.001086152,0.0017805501554741718,0.0120702557,0.017173139819756524,0.1811279562,0.2772761943913638,1.2837461003,1.6063518563440893,18.24749419241397,19.43905608130235,0.1690577005,0.241416263125455,6.073374497478,7.512460438751665,0.200056,0.21553727499999983
BEPNUH_clean,10.32563,9.894862363636369,10.2098,9.712903045454542,1.16569,1.0674077272727287,946.742,1232.7187500000032,0.6056,0.6005876515151508,0.0007233162,0.0010092071184325073,0.0067645047,0.009825347918545457,0.1022636462,0.13345152598590895,0.7586816796,0.9163200785913632,16.99640068410705,17.892391924095424,0.0954991415,0.14239085531216664,5.87916143955834,6.70728917814177,0.115892,0.1436870818181815
BEPPAP_clean,9.9082,9.965219090909097,9.78954,9.659965681818198,1.03173,1.1238879250000025,1121.89,1084.0809874999993,0.5902,0.6036890909090904,0.0005182461,0.0012086071853409067,0.0062487089,0.011767443829545466,0.0965822268,0.17203443042250022,0.7079291252,1.1177390253499988,16.64733352512646,17.80464031145573,0.09033351790000001,0.16216264838704542,5.638227033007103,6.645067170600498,0.116473,0.14519811818181788
BEPPIX_clean,9.77409,9.760758045454551,9.63706,9.557005954545456,0.990438,1.0644625181818195,1303.13,1195.512616666667,0.592,0.6075027272727266,0.0019484105,0.0022583569618712116,0.0196165458,0.023447301067736733,0.3080933634,0.30323446709313645,2.2301888481,1.7662744106686337,22.31472562413378,19.445776361424866,0.2884768176,0.2634024613554548,11.0835623935205,8.185297866730679,0.187686,0.21905306545454545
BEPPOD_clean,10.03622,9.085524772727268,9.89092,8.742367363636362,0.960732,1.09197352435065,1335.81,1246.773640909091,0.613,0.6014263636363634,0.0021959408,0.002355705485946968,0.020962415,0.024914696847272707,0.3158857,0.31451126893818176,2.1911475604,1.9966080220581812,22.62091330715395,19.762716491389064,0.294923285,0.3195848711722726,10.80168887191732,8.239803988078183,0.19553,0.20885579090909073
BEPRIZ_clean,10.21454,10.789062772727263,6.03558,6.285549636363639,0.764371,0.988471254545455,2730.76,2436.458040909091,0.673,0.6814390909090914,0.0040240295,0.0033268189142045463,0.0425416902,0.032684620604545446,0.6510655828,0.4669371820936366,5.0870803268,2.1199449551327256,20.13205725709243,20.242740046604094,0.6085238926000001,0.474263674643182,9.418392493981727,9.169717276004123,0.473565,0.3294248154545452
BEPROF_clean,8.00306,9.807758727272727,5.96794,5.814934318181814,0.730038,1.0131773318181818,3264.96,2206.819209090908,0.687,0.6552945454545455,0.0056241041,0.005150747438068181,0.0561069714,0.05284847765545459,0.8653394262,0.6595848463518181,6.6745390345,3.3702480820213667,19.89394270331775,20.796309162565912,0.8092324548000001,0.5476129648845449,9.591756545311423,9.877509748099303,0.619365,0.4290523193181816
BEPVEZ_clean,5.76875,6.990370636363632,4.44638,5.43690068181818,1.26954,1.3542432227272732,746.277,1145.797372727273,0.5084,0.5624986363636362,0.0043992188,0.009718195099393942,0.0420880481,0.10139541364727282,0.5497562506,0.8129153123754544,1.9282054849,2.771771139400453,23.73678123915522,24.924374238335286,0.5076682025,0.6740190110763637,13.01079989049951,13.388769709626612,0.312267,0.3177785845454544
BETDAH_clean,6.20265,6.425323698484847,4.35013,4.417110774475536,1.16306,1.1247871272727272,2011.54,2009.2689954545458,0.6178,0.6210990909090917,0.0072474532,0.007549024667424253,0.0707939317,0.07745724445909424,0.9707896616,1.0361137128169684,4.2621681573,4.508088424551316,23.85391201245046,23.904549832471208,0.8999957299,0.9415946299650695,12.80581669034778,13.305687396930168,0.537857,0.5548537598484848
BETDEL_clean,6.19335,6.938702257575748,4.27368,5.369053954545462,1.1646,1.107015986363636,1933.07,2086.461859090904,0.6174,0.6360003030303035,0.0072450525,0.008690654006984828,0.0708385509,0.07827456661513643,0.9913841955,1.0502851266101514,4.5157500531,4.411864109368724,23.70547957199124,24.010895538702513,0.9205456446,0.9915965364904564,13.06206940837146,13.345938693843308,0.534447,0.5444399704545461
BETDIP_clean,6.11094,6.817071833333338,3.88458,5.320338872159091,1.1806,1.078145160606062,1786.32,2043.461054545454,0.6132,0.6154354545454547,0.0083348648,0.009803749526363635,0.0831421634,0.08458067872060603,1.1223381667,1.105994910043295,4.7392542931,4.327314466269092,24.28195937360294,25.03300823731558,1.0391960033,1.0812805651545463,14.89141450038949,13.931138343101654,0.538327,0.5485300625000001
BETDUB_clean,6.03659,6.5578479772727345,3.7841,5.127986469696969,1.16905,1.1555415651515155,1663.8,1861.7158590909082,0.6102,0.599161818181818,0.0081088142,0.011130605446212116,0.0829496988,0.09070020852065905,1.1204204178,1.06968352685875,4.6444371565,4.295585010622273,24.43244463461951,24.74971961706161,1.037470719,1.0799797703522729,15.31936201457378,13.793184754296393,0.518201,0.47311359931818203
BETFAJ_clean,6.19267,6.205233165151513,4.31969,4.41340423147384,1.11108,1.1267776181818188,2077.66,2220.9975136363623,0.6196,0.6315545454545457,0.0078791337,0.007612236027860389,0.0757767318,0.0776334612305222,1.039113905,1.0401048034458202,4.5179346252,4.496531072008443,23.91461306328461,23.975069478473852,0.9633371732,0.9729267236756377,12.97910805378051,13.19715528108921,0.566911,0.5546349819372294
BETFEN_clean,6.20622,6.23379296933621,4.32109,4.42209387086778,1.07862,1.1142304454545449,2146.71,2071.4417227272697,0.6288,0.6246231818181817,0.0076310278,0.007588857949931802,0.0748648853,0.0728833637669545,1.0172910489,1.0074859864389603,4.4973052628,4.391407579275613,23.93521255473026,23.726753327114167,0.9424261636,0.9791822411297741,12.71482413589415,13.10943871182434,0.563157,0.5470941477272728
BETFUD_clean,6.14614,6.253670951515155,4.2626,4.420494416666679,1.06295,1.1080065303030309,2191.42,2107.4959249999997,0.6258,0.626447727272727,0.0070083732,0.009204574395423524,0.071533979,0.08068809848803023,0.9958343132,1.0622042808236505,4.33375938,4.488277930350918,23.72951832195927,23.883719018265378,0.9243003342,0.9620063708408718,12.89865362749371,13.133268896077062,0.541738,0.5370984966856064
BETGAK_clean,6.1095,6.385971779942276,4.21478,4.545011905832814,1.06153,1.104950527272727,2196.8,2111.6719090909064,0.6284,0.6277018181818179,0.0075247323,0.008062452367318168,0.0742871627,0.07490616731204547,1.0318241287,0.979228415977597,4.4459444004,4.404175730760531,23.97326638782025,23.80338484217967,0.957536966,0.9436641394556828,13.15404333983212,13.39836325005769,0.553911,0.5446044068181816
BETGEO_clean,15.21578,14.443716727272724,5.06222,7.463840909090916,1.31768,1.1228356727272741,977.304,1519.4827636363643,0.6412,0.5937522727272719,0.0021830327,0.00573162326727273,0.0218118372,0.04751250901499995,0.3202044259,0.6039129005054549,1.3835003632,2.2968412731599974,24.06172989096311,23.20494259235299,0.2983925887,0.5707908154668175,9.767403384226474,12.052411351982009,0.23252,0.3179772686363636
BETGIS_clean,14.00278,12.799130318181808,4.06192,6.382058772727272,1.35807,1.2868585727272726,767.136,1383.7665787878807,0.6224,0.6143690909090903,0.0022837412,0.004852833583636362,0.0233229136,0.04006375382636361,0.3540046377,0.5484509593213638,1.696988248,2.303747546734091,22.62558151568889,23.185645274237284,0.3306817241,0.46280473741818173,12.00702649107772,11.321748046588542,0.204544,0.3250120727272727
BETGOY_clean,15.16495,14.25141595454546,5.42937,6.79067654545455,1.28137,1.1882935000000003,954.353,1334.1424727272745,0.472,0.6531163636363633,0.0024925843,0.007188332575,0.0257494575,0.05492659447381816,0.3852865217,0.6246541839622731,1.8579613555,2.3434281670377266,22.43232910802355,24.47115524050642,0.3595370642,0.5775182217736353,11.37193395906715,11.686416977297833,0.234336,0.3299662672727273
BETGUE_clean,15.53135,14.766183000000018,9.65919,7.991585818181827,0.735216,0.8092728181818187,1765.57,2426.5872545454577,0.7352,0.7198781818181812,0.0021486461,0.003912073599090909,0.0205385912,0.040329851288181805,0.317223896,0.4262436121636365,2.1285155341,2.236197158815,18.96303454375113,22.286245347116893,0.2966853048,0.38552431216227256,7.346994024781814,9.706843393665926,0.291761,0.3484876636363638
BETHEP_clean,15.93969,14.288899499999992,5.38602,7.74907031818182,1.55026,0.923473468181819,781.08,1916.2178409090925,0.6876,0.6736281818181811,0.0023160719,0.0053373682304545455,0.0237087477,0.04650015728772727,0.3566210212,0.4352770948809091,1.9969750103,1.7515714239263613,22.26681329056818,22.069179490079712,0.3329122735,0.39238827497500006,11.36607217220347,9.732095273021285,0.217003,0.25247224818181807
BETHIT_clean,16.17666,14.410339363636375,10.50859,7.41474672727273,0.819587,0.7858612545454537,1570.48,2856.87383181818,0.7656,0.7317309090909089,0.0017410804,0.004051378338181821,0.0174108037,0.04012676183636364,0.2685084382,0.4291539119627273,1.8061632835,2.382618161130909,18.74898700007519,22.03746317718812,0.2510976345,0.39077040659409107,7.215502610886666,9.67885574873819,0.253368,0.335176815909091
BETZOR_clean,7.75357,9.128458727272722,4.72091,6.203715409090912,1.06732,1.0965396136363632,1461.22,1384.335918181819,0.5544,0.5781963636363635,0.0104496915,0.011037454473136381,0.1038737322,0.0975036132006061,1.1019079601,0.8795635289781821,3.8134922381,3.3523873846127294,27.21014515599836,26.575790065622293,0.9980342279,0.7680154281459097,14.37108720681576,14.08627267121835,0.570681,0.39306938636363614
BEWCUD_clean,11.43013,15.541829818181846,9.61646,10.706277454545456,0.476468,0.5089840727272723,4456.97,4428.619236363634,0.8196,0.8127845454545453,0.0015066732,0.0025520013327272727,0.0164967942,0.02443482759999998,0.250969612,0.31565108659954544,1.7864866207,2.3780688194809088,14.96102069074283,14.94713874917602,0.2344728178,0.3285483525027272,4.635731132090545,4.942292913252076,0.363012,0.4787164363636364
BEWVOQ_clean,10.23635,12.384255363636356,8.28637,8.727071136363636,0.717556,0.7971178727272726,3363.78,2969.37595909091,0.7708,0.7485363636363633,0.0003116649,0.009760990787727282,0.0031671889,0.09125034287363633,0.0459270464,0.6563862253418179,0.3154834588,2.0222946207609085,10.67602468961066,16.67682065200198,0.0427598575,0.4952400880845457,2.59231671201729,6.713189583766413,0.118106,0.6304525363636361
BEWWEH_clean,9.01955,11.128711363636361,7.89385,7.712147909090908,0.713962,0.8170045409090914,3323.78,3063.333840909093,0.7674,0.7374454545454542,0.0002484896,0.010040228118409092,0.0026112461,0.08602505063136365,0.040733334,0.456574842705909,0.280997461,1.3804553759868174,9.653395102001515,16.664356376381452,0.0381220879,0.32970929225045453,2.389027494839965,6.176801742018901,0.113941,0.37284585636363643
BEXPAX_clean,6.17717,8.570497954545461,5.82599,6.832381954545455,0.749009,0.9376953045454551,4307.06,2573.919418181818,0.7082,0.684903636363636,0.0055806785,0.006092027357727273,0.0547299229,0.049952776515909084,0.8555224449,0.680636535247273,6.1731108903,2.943030420403638,19.84546998514849,18.89270683653586,0.800792522,0.6036610037013631,9.413806562719351,8.579904513269739,0.6247969999999999,0.4149391109090906
BEXQIF_clean,8.04962,8.072048545454544,5.28644,5.479609818181819,0.683962,0.8006472409090923,3605.99,3326.084336363642,0.7172,0.7089745454545445,0.0007536573,0.0018761757126515182,0.0070382359,0.015445889907613615,0.1071946708,0.22083564349681772,0.7379904122,1.8612198216654532,14.54855983041308,15.165637489859765,0.1001564349,0.2095370299187575,4.285907557540348,4.9697362197342185,0.168,0.21650736181818162
BEXQOL_clean,8.04915,7.850408590909093,5.31359,5.295216727272732,0.699237,1.1547979954545455,3534.09,3069.3189545454547,0.7174,0.6812454545454545,0.0008540147,0.0019589580853939395,0.0075645641,0.02299998840272726,0.1108942602,0.2495183274031815,0.7527181928,1.0720050008840898,14.7162900614083,15.660700477775915,0.1033296961,0.21378168779090934,4.450407377746953,5.61676542057492,0.168908,0.23530314590909063
BEXQUR_clean,8.07729,8.166238681818191,5.36514,5.392511045454545,0.705667,0.8751341909090918,3511.67,3165.7010909090877,0.72,0.691416363636363,0.0006814162,0.0016036643322186125,0.0076720158,0.019935855425454552,0.1143349387,0.20342379070727226,0.7915470017,1.1897325060863626,14.9018309364582,14.971313123646661,0.1066629229,0.1785581689481819,4.460598148980339,5.352160238848803,0.172213,0.19819987363636346
BEXRAY_clean,8.11263,7.9019723181818105,5.64009,5.617497454545455,0.639388,0.8594511772727291,4051.63,3175.544918181823,0.7392,0.7040981818181808,0.0007285741,0.0021495564396666693,0.0065942133,0.021710233784242437,0.0989965526,0.25075418113749975,0.6796701292,1.8473289188618174,13.87791203594656,15.326738483906324,0.0924023393,0.27405704496595457,3.983775186234354,5.4168352724503395,0.168502,0.2595073886363635
BEXREC_clean,8.13134,8.283954590909103,5.54983,5.938366136363635,0.665352,0.7972039136363631,3933.67,3499.1177045454497,0.7388,0.7167318181818185,0.0007202899,0.0020021362406818163,0.007348781,0.01801013646556819,0.1103897533,0.18724589985477236,0.7493386045,0.8978003494159081,14.36733279503649,14.797420929843481,0.1030409723,0.16036746753090922,4.173119787019277,4.956711697341574,0.175072,0.21628530863636344
BEXRIG_clean,8.16514,8.096431727272714,5.60091,5.736925,0.67222,0.9234456727272736,3894.19,3263.4260818181847,0.7394,0.7046699999999992,0.000751383,0.002687940113333334,0.0077085203,0.02044180196405303,0.1131607127,0.24536177041227225,0.783972331,1.2088830183313617,14.54906371987193,15.050501515260592,0.1054521924,0.21524176574981818,4.25598370860617,4.7832867739003415,0.178949,0.2736827040909092
BEXRUT_clean,6.49399,6.376646037878785,4.71424,4.823982060606065,1.07075,1.1567738871212119,1328.47,1238.97740909091,0.585,0.5677327272727272,0.0033231787,0.006703472658208335,0.0328865217,0.06922604761363638,0.471811964,0.772314743407728,2.426833676,3.2792337939189746,23.28237510872997,24.317921712650968,0.4389254423,0.6755124834907569,11.95963627064069,13.289743002333047,0.274573,0.37900802520201987
BEXSAA_clean,6.21678,6.749798068181822,4.72062,5.179420454545457,0.992771,1.21224705909091,1467.57,1319.1096616666655,0.5884,0.5810759090909079,0.0031077476,0.0052067209103787895,0.0319581504,0.0477672326711364,0.4531323609,0.6551095761147954,2.2137020153,3.014421623813409,23.17227850788586,23.146902996925498,0.4211742105,0.6392935005266667,11.32272261761492,12.452920774483701,0.277425,0.32144084318181837
BEXSEE_clean,6.49176,6.577215128787875,4.26641,4.910545840909095,1.04973,1.2538186431818177,1311.66,1341.568486363636,0.5628,0.5801872727272727,0.0032253462,0.007139429748780301,0.0312341143,0.06359170830993183,0.4383866362,0.7895503088443182,2.2893420847,3.5817697014877283,23.10576918082023,25.008811809606406,0.4071525219,0.7764154519336364,11.72615037986134,14.450078197109898,0.26142,0.42663394264790744
BEXSII_clean,6.27069,6.623114895454541,4.79422,5.0873489545454555,0.943025,1.172051245454545,2280.86,1728.7040000000002,0.668,0.6231072727272727,0.0056821027,0.004511110353833334,0.0593721228,0.0511067459906818,0.8722943224,0.6894809314498483,4.7699598538,3.555538226795833,22.3520717865035,21.34432238626643,0.8129221996,0.5507690683949996,12.08882042765791,10.656686653096164,0.507474,0.43561231727272726
BEXVEH_clean,9.97626,9.931137590909085,6.15688,6.992621500000001,0.782835,0.8108093727272727,3030.79,2964.5949090909085,0.7306,0.7149218181818182,0.0032587479,0.008120547716992428,0.0338845036,0.06495171342045453,0.4754124692,0.8436912004659087,2.9300977582,4.768123475111825,20.62545082879993,20.968253668546183,0.4415279656,0.7494461722931818,8.302090871276382,10.150517104173094,0.391964,0.5033849772727271
BEYSEF_clean,5.61731,5.886647978787878,4.74798,4.562639676239672,1.17978,1.4169994363636371,1194.41,1048.2627075757578,0.5534,0.5520756363636362,0.0028456466,0.012638283526136369,0.0289770593,0.10609845468318184,0.4376228777,1.204997056730909,2.7231194438,3.7869941921693147,22.98944291788901,24.883088031194703,0.4086458184,1.0009322614100007,11.21776734286251,15.066116399638982,0.269632,0.48836043681818164
BIBXIV_clean,18.4936,14.195064954545463,4.06846,7.943654727272729,0.9977,0.7658307454545455,1660.99,2824.74411818182,0.7322,0.7089427272727268,0.0016906437,0.006516601595606067,0.0172612033,0.056420384292272745,0.2553557091,0.5639378944354548,1.607085311,2.862299928984091,19.68273891107086,20.935853249485046,0.2380945058,0.4843962043645453,7.584405200420349,9.184378678571036,0.228285,0.3755308918181821
BIBXOB_clean,19.69299,15.823515090909092,7.98654,9.240734772727272,0.409554,0.5869339590909094,4876.5,3341.812668181816,0.826,0.7857609090909091,0.0012623488,0.003958857548038278,0.0123627207,0.03539701768704543,0.1849726149,0.37580890461670474,1.1960665549,2.5467379263604544,14.43396860625651,14.798829006913893,0.1726098942,0.3938808202822728,3.88128932746269,4.353572205518822,0.316311,0.39601003681818175
BIBXUH_clean,14.73899,12.629640727272735,5.12647,7.324306681818181,0.739806,0.7257109363636369,2796.6,3471.345754545453,0.7088,0.7352981818181813,0.0025262151,0.00456204790590909,0.0260172697,0.05275526088477276,0.3894078207,0.5522067305886366,2.8950390776,3.309676223178789,17.87314441846436,20.30729998579662,0.363390551,0.571261587299697,7.062148297796269,8.741351919115568,0.371506,0.48579584090909117
BICPOT_clean,7.30922,7.10994129545455,6.53578,5.880583681818181,1.59286,1.4772675681818193,773.59,973.4546931818179,0.5162,0.5390486363636363,0.2401232317,0.016907929279090902,1.5271515052,0.07721592741613635,4.8646874608,0.46900351852500005,6.0274427284,2.213610747025909,43.12464176159939,21.03823831191077,3.3375359556,0.49485966449136337,22.19843503985339,9.740938112698666,2.00537,0.26435207499999985
BICPUA_clean,13.79678,15.088894636363639,9.90606,11.003690681818181,0.543859,0.5102892818181813,3871.6,4268.447881818178,0.815,0.8188872727272728,0.0013374785,0.0043703161890909096,0.0126719059,0.035998061462272725,0.1916048395,0.426282751779545,1.3711684929,2.35158006425409,14.3717596469168,16.351231241205305,0.1789329336,0.46614375186636353,4.291484498758872,5.46677417441368,0.297407,0.4772823036363636
BIFGOO_clean,10.87246,9.358210590909087,9.01928,6.056647909090909,1.75205,1.3069055272727281,696.781,1084.409504545454,0.5534,0.5630572727272726,0.0008024662,0.007933131943863636,0.0082393081,0.052263651867272734,0.1164670327,0.4994291065290907,0.6796159576,1.6275894500499986,22.89139270817986,23.627124533523236,0.1082277246,0.44538696668454547,8.110553157411335,11.103339619034196,0.0970909,0.26100481409090914
BIFKEI_clean,5.92703,6.341877655681822,4.3432,4.8894183787878776,1.02128,1.3103549227272724,1982.84,1297.5648045454543,0.6088,0.572342727272727,0.010199075,0.006974710924909093,0.0985023463,0.0718425644178788,1.3712896357,1.1821072760347275,5.533346014,3.612853739238637,24.69189357789331,23.417807958594597,1.2727872894,0.9743890331850004,16.50700541382373,13.593810047492878,0.591966,0.48137898954545444
BIGZUO_clean,21.72315,18.1135315909091,20.98793,14.814749045454528,0.308304,0.5333342363636363,4539.4,4324.331627272723,0.9064,0.8391645454545457,0.000634396,0.01978077067272728,0.0065678642,0.16346439487090886,0.097367909,0.8744746934800002,0.6419340953,2.4855280362590904,11.90692034653683,14.505551761109864,0.09080004480000001,0.6868458869931817,2.674886764449682,3.9501675405993955,0.243702,1.2650026590909063
BIHBAX_clean,18.57439,19.287163318181832,17.55669,15.152366318181807,0.321672,0.45125740000000014,4541.16,4333.343409090907,0.8984,0.8547636363636364,0.0006717134,0.012773322244090916,0.0064347089,0.07933898965840908,0.0923173367,0.3397299620104547,0.6062047951,1.5972498983136363,11.75170194499618,13.989209820347499,0.0858826278,0.30626391717727264,2.629374378773513,3.8950704141081505,0.237499,0.525832319090909
BIHBEB_clean,18.34605,15.462421818181824,17.1599,13.58307295454546,0.724278,0.8554336181818182,2301.23,2356.9448818181836,0.776,0.7210045454545453,0.0683449651,0.0021396741804545465,0.4749033514,0.019094833505909084,2.195015658,0.30384865237749964,5.09969359,1.6442569084159082,32.25152960023858,18.362753426371675,1.7201123066,0.26236364712363625,13.13913240604597,6.615568509317292,1.76715,0.2913018877272728
BIJDUV_clean,8.61386,8.197505090909088,5.69718,5.946536331168827,0.896671,1.2432445909090912,1900.85,1578.320722727272,0.6122,0.598471818181818,0.0095725648,0.0056481286890909125,0.0938911242,0.05986851400863636,1.0325545745,0.6365345179354542,4.2415091457,2.617926812573636,28.79440410138913,22.127580797779398,0.9386634503,0.601739938670909,16.18751320168903,10.680501124107426,0.454869,0.37803457363636334
BIJFAD_clean,8.3585,8.97871268181818,6.26342,6.65420763636364,0.855984,1.0928449772727284,2073.18,1560.1202409090927,0.6172,0.6071845454545454,0.0094465732,0.0070824286995454615,0.0900492121,0.07117016899454547,1.0826218685,0.8581596967329551,4.8742065835,4.081216032869547,27.60579546065631,24.181378428401047,0.9925726563999999,0.8101711556036364,15.47328941281354,12.949071953701896,0.495751,0.4187740068181819
BINROH_clean,21.31368,21.57838595454542,10.23686,10.165732727272728,0.503862,0.4919601136363636,3783.82,3756.7225136363677,0.7964,0.7949236363636368,0.0040800722,0.003987626627878785,0.0402545704,0.03647717845909095,0.590105107,0.510623179454545,3.1716112908,2.890167878568185,20.58964339159403,18.982183474858164,0.5498505365999999,0.4689151308695457,8.653838386520077,7.070079519248477,0.468326,0.45174089090909003
BINRUN_clean,21.10286,21.595859590909114,10.09364,11.280620590909079,0.511736,0.498889395454545,3727.96,3919.7470909090875,0.7778,0.8054645454545464,0.0044427707,0.005470547619350648,0.0438929288,0.039959218282727325,0.6415918493,0.5164192411854543,3.3438157003,2.7923819185522736,20.86957355523295,19.300807115353617,0.5976989205000001,0.4952069514959097,8.874565341201148,7.2930802622944695,0.49597,0.43489087499999995
BINSAU_clean,21.88013,21.96589872727278,9.52705,11.427962727272723,0.471575,0.5115339363636359,3994.65,3826.9859636363585,0.7874,0.8029436363636381,0.0032513636,0.004161143192727262,0.0316388092,0.04156220677227277,0.474703771,0.5157362016368181,2.7747511641,2.8665904480054554,19.16842931286838,19.517284367611534,0.4430649618,0.4661708194363639,7.122871301581767,7.737223959515355,0.452728,0.44639487422077945
BIPLIX_clean,7.36646,7.49476359090909,5.75458,5.534232545454543,1.07595,1.143720663636364,1516.94,1696.3874454545455,0.6014,0.6074521212121207,0.0018850017,0.0070521738103030305,0.0179495388,0.06322336721102269,0.2794605113,0.7111902892995451,1.8839751846,3.590465255998561,19.79698070809351,24.05946986998442,0.2615109725,0.7035627488836357,8.32653645359243,12.09840193772936,0.228645,0.43328755272727276
BIPSUQ_clean,18.61448,25.981259454545437,16.92881,17.771521863636327,0.43749,0.5118311681818182,4480.84,3759.7531363636363,0.8374,0.827110909090909,0.00108695,0.0049094293624999995,0.0126589909,0.03659093519931818,0.1899909072,0.3990980491918183,1.2538763612,2.1542789136122713,14.60960069846051,16.100534994664088,0.1773319163,0.35043945928181797,4.199039080386588,4.893602250545699,0.30212,0.3727447645454546
BIRGIU_clean,6.67557,6.395759874675326,4.28336,4.803282941115702,1.36929,1.1571536818181811,1071.8,1210.7029312377008,0.553,0.567472727272727,0.0033617693,0.009160383264090908,0.0337477878,0.09162987442378785,0.5123475363,0.922021445560454,2.9875869235,3.7510266286786362,24.37889315763934,24.426532749848366,0.4785997485,0.8838924232154546,15.32560052508036,14.36772922293032,0.233233,0.43154028698863606
BIRSEC_clean,6.48832,6.59335331818182,4.86094,5.128677840909089,1.33798,1.2636151818181818,932.038,1374.275077976191,0.5134,0.5720551515151514,0.0042726947,0.008117707795545454,0.0438475138,0.0648941979248788,0.6617009836,0.8035474111118179,2.786767833,3.3647518460077266,22.86205974560857,24.234479405184683,0.6178534698,0.7665596623333523,13.24956323811804,13.673313121471589,0.358361,0.42454309090909037
BIRSIG_clean,6.37536,6.6753773977272735,4.74657,5.571661727272728,1.3786,1.3757506818181817,880.813,1134.9653999999994,0.4994,0.5511558181818185,0.0053438002,0.005598914915473481,0.0544913469,0.05656538506424241,0.7895743073,0.6314283239876172,2.8809762662,2.5101256991172742,23.70741634914533,23.035994136945476,0.7350829604,0.5917441869532574,14.08665195046767,13.169355555334965,0.400894,0.3752234195454546
BIWSEG_ion_b,29.73511,20.103329500000015,11.96997,10.488045545454549,0.466941,0.6740167636363633,3073.15,2605.6755772727297,0.843,0.7903327272727269,0.0027836864,0.002929172740000001,0.0269428865,0.03370080597670454,0.3651280788,0.4011869954518186,1.6419752358,2.222764828952272,23.660022958357,15.813920722724102,0.3381851923,0.3695323882356817,8.336707601505333,5.407180409371449,0.29835,0.3465193413636365
BIWSOQ_clean,15.33666,12.303203227272721,5.40917,6.466937318181823,0.990293,1.0209973469696976,1959.67,2110.567986363638,0.6518,0.6853645454545447,0.0127248726,0.006631626857954549,0.1256161285,0.052281172018636364,1.6188797521,0.7867397020040912,5.9483415855,2.398909795102725,24.20075883294738,22.324350249738288,1.4932636236,0.6771991251963635,14.37042309548398,10.600416966038699,0.834629,0.48881101636363583
BIWYAH10_clean,7.2461,11.254180636363637,5.52874,8.299115727272728,0.722295,0.8597230818181824,3981.85,2755.96966818182,0.7574,0.7205472727272721,0.000295132,0.004073390285909092,0.0039645058,0.03437406899318181,0.0602890881,0.5733152714650002,0.409929288,2.364706914584998,11.53480806785377,16.977383184729806,0.0563245823,0.4803885244913636,3.072759979519992,6.679681666261797,0.132518,0.3703168736363637
BOKQEZ_clean,7.07757,8.374460272727283,4.49353,5.875904090909088,1.32957,1.2951785,1169.14,1369.5597909090925,0.5416,0.5909243181818177,0.0012741498,0.005243981469000002,0.0126461953,0.05367843331333332,0.1954400705,0.6229167083431819,1.3938597547,2.8212189256265905,18.13013481435092,22.67281994144943,0.1827938752,0.595959618457727,7.591296087017117,12.366834341004685,0.174688,0.35721324727272696
BOPHIZ_clean,6.90751,6.8688477765151505,5.24121,5.098748136363636,1.23618,1.1773044999999995,1230.9,1385.3130045454548,0.572,0.5554454545454542,0.0093177951,0.009809015833787887,0.0917347602,0.1028746842049091,1.1012568309,1.3134946476456826,4.4784275387,4.005224301215002,27.75374723912365,25.43098384037232,1.0095220707,1.2015866790968184,15.90308845665329,15.94817118738951,0.490304,0.5273517254545455
BUKMUQ01_clean,5.90111,7.5745436969697,4.73838,6.272782181818181,0.853512,1.18435279090909,3436.94,1881.122859090909,0.7038,0.6378872727272726,0.0025305983,0.005741757181590909,0.0249414562,0.05438197374431819,0.3880190447,0.7218679323945454,2.9482042384,3.5641729887779534,17.87410190045893,18.957040822848068,0.3630775885,0.5860341650859093,7.375564055167561,9.944792002278705,0.354074,0.3224856513636363
BUPVEP_clean,8.00881,7.282747045454547,3.79594,4.806090749999997,1.70124,1.2806384409090905,932.564,1471.6370787878786,0.582,0.603409090909091,0.0009455368,0.009253145943787875,0.0094287062,0.06700019107636362,0.136388683,0.6472791053945456,0.7754677633,2.644871570639999,19.74541270380685,23.293975763233533,0.1269599768,0.6260757680107577,8.121371228488607,12.655949395889603,0.113705,0.2957010231818185
CAGSAG_clean,9.02799,8.10931004545454,5.29308,6.232050590909094,0.961699,1.0646234454545453,2112.53,1701.7559250000006,0.6624,0.6187281818181815,0.0045508558,0.006807353315113636,0.0451621495,0.05192778868340911,0.6241736446,0.7240200311777272,3.7286214288,4.0031671983131805,23.06596832289541,22.035283879371963,0.5790114951,0.6704891879754546,10.83508722502584,11.210242936989452,0.398334,0.41480530818181793
CANROA_clean,6.93935,6.883680333333329,4.21694,4.842045363636367,0.944373,1.2024198318181814,1916.88,1866.595781818182,0.5966,0.6161281818181813,0.010756819,0.012455706371060598,0.1094581372,0.1042510594386363,1.193256514,1.150495811877955,4.2645674165,4.286996108311817,27.10609377826483,24.932188934336036,1.0837983768,1.0491969755013633,15.09754826762823,15.137583064032492,0.5778300000000001,0.5819704079545455
CANRUG_clean,6.57321,6.88469115909091,4.9271,5.328407266666667,0.884567,1.3508613045454545,2031.65,1410.9750272727279,0.588,0.5674595454545451,0.0128847496,0.010241035018219703,0.1257844878,0.09120871517443935,1.7671929636,1.0860396676559094,6.8932313132,4.508280144694659,26.55260107184633,23.882503479183857,1.6414084758,1.0716138573704546,17.72866530428314,14.848465005753596,0.6968,0.5549341297727274
CAVPUM_manual,20.42812,19.928889272727243,7.78019,8.606998090909096,0.407456,0.4256174590909085,4767.53,4645.808590909101,0.8202,0.8232145454545451,0.0013255838,0.0016752651675703476,0.01385139,0.01723537641045455,0.2030448557,0.24132673078727232,1.4305162312,1.8532338206781798,14.17806783937137,13.836482284641255,0.1891934657,0.21999431847045475,4.020771512677366,3.9997187273788795,0.34231,0.3805857212626261
CAVREY_clean,7.18071,7.338102318181826,5.30054,5.3245407670454545,1.02665,1.1621025909090912,1915.49,1528.9515409090911,0.6398,0.602971818181818,0.0078809362,0.006370547424999999,0.0803215959,0.06213744815795458,0.9129761489,0.8118024329552265,4.0521362425,3.6791491711949478,26.22645325342189,23.41238236515606,0.832654553,0.7366671377247729,11.82776952943548,12.442278896333269,0.576672,0.40119271863636335
CAVSUP_clean,6.03054,6.846379863636369,5.46806,5.23813469090909,1.37834,1.2210174954545459,803.663,1307.4035750000003,0.5324,0.5660333636363631,0.0008873569,0.010994504068181823,0.0088486897,0.1159332216941364,0.1307400121,1.137650433794545,0.8231209544,3.1306555845913637,18.76216763324532,25.261796909607714,0.1218913224,1.0807666606754545,7.554991130750968,14.880643977803814,0.118632,0.4520820292424239
CAWDOU02_clean,6.97816,6.3075861579201105,4.93144,4.8891410037878815,0.905214,1.0711627705627706,2198.39,1659.3917542424238,0.6108,0.6110518181818183,0.0100436647,0.00792851741378788,0.0981904799,0.07549905370363635,1.3133518387,1.1282761196218187,5.9670629895,4.459824258596966,25.67678093560199,23.522415115176106,1.2151613588,0.9662880360247726,18.28174650311193,12.674648115856131,0.507708,0.5229074518181818
CAXTEC_clean,10.87616,10.829268818181818,5.2726,6.009986136363639,0.837152,1.209838690909091,2303.05,1755.9084045454545,0.6672,0.6398790909090916,0.0032930002,0.18726508021818153,0.0332883857,1.274288086462728,0.4818043977,3.029407941832274,2.716910942,2.8564633700145463,21.03617187047015,23.438921237515988,0.448516012,2.196073615259094,9.228151256265201,10.734353827428388,0.359333,1.8638786090909163
CAXXEG_clean,6.07325,7.051047863636365,3.85926,5.337437484848485,1.21319,1.4326924772727287,1172.97,1287.3662181818179,0.5422,0.5654581818181813,0.006366594,0.012289378525681821,0.0639111469,0.09802237008818183,0.830082898,0.8147860418004546,3.4599106426,2.6619910912518177,25.81390663234058,23.60080814570362,0.7661717511,0.6886897424259091,15.30653376186699,12.999301760415557,0.384897,0.3750486318181819
CAYQAV_clean,5.97925,6.64237101818182,4.27197,5.199697602272726,1.3965,1.211056995454545,1124.85,1359.211812727272,0.5832,0.5785254545454545,0.0011003565,0.005357644008193473,0.0116805461,0.06269195921575758,0.1707040657,0.6520260878565912,1.1245475628,2.84551957902,18.74015709088945,22.558969425810506,0.1590235196,0.6917480970122725,7.861734787128101,12.131221669617892,0.148303,0.36160935999999994
CEJBEA_clean,7.33038,7.010091734848485,5.85474,5.998072045454543,1.57516,1.3041806454545457,492.799,929.8976409090917,0.4492,0.5156527272727269,0.002374877,0.008858870216443463,0.0224211768,0.08787464800378786,0.2737156074,0.895033235136591,1.1859021645,2.7582873532938934,25.8894992631196,24.081684589487082,0.2512944306,0.8086133284749999,14.2345293036467,14.183532555400616,0.137309,0.46784495015151495
CEJZAU_clean,7.19009,7.291975590909092,4.36372,4.9315121772727295,1.03983,1.1095283227272739,1427.0,1474.8912727272734,0.5552,0.5768636363636367,0.0139959034,0.01064025241353536,0.1394048012,0.1044450141076262,1.9095698778,1.1831072405390903,5.8542829739,4.137627121165036,26.66593239351041,25.55096728438989,1.7701650766,1.1529554080918187,18.34680180174808,16.267509907831123,0.745635,0.544010401818182
CIFDOM_clean,5.56405,6.152181490259739,4.03207,4.510435775189394,0.979977,1.1265732863636366,1834.33,1590.9315409090905,0.591,0.5971069696969691,0.0063566369,0.010123038848939394,0.0624670747,0.09901377220390913,0.9193004348,1.252108847164432,4.9251394395,4.48713508405845,23.13518889085525,24.495238408784274,0.8568333601,1.1644128394692428,13.47079583369164,15.30789187870403,0.4724599999999999,0.49063769428030257
CIRTUU_clean,15.60203,15.395819500000007,7.15132,7.973066590909092,0.583758,0.5583700363636362,4136.1,3907.4055909090907,0.7788,0.7791863636363637,0.0047982134,0.0034845046795454553,0.0473537581,0.031804601648636355,0.6359324526,0.4337576815885225,3.1528902301,2.461308246460455,22.2045077449971,17.330822353309628,0.5885786945,0.4150543902854551,9.074668457753557,6.251462390564912,0.484456,0.4050249681818181
CITZIP_manual,6.91567,7.67681445454546,6.30981,5.9998207727272685,1.43035,1.3209723045454538,997.402,1023.4353742424248,0.5266,0.5320207575757573,0.0029481382,0.0075697616345454565,0.0302608143,0.06777155794545454,0.4689526865,0.8344179311772733,2.7439766338,2.9540383473286345,21.00644599096257,23.72373513511803,0.4386918722,0.7176294220713637,11.04126838149283,13.675943925246633,0.300484,0.45535636681818187
CIVTEH_clean,5.3881,6.570299931818181,4.01709,4.828329973484849,1.06088,1.2202185181818184,1173.37,1253.1231431818178,0.5492,0.5593536363636363,0.0097802923,0.010077273167045464,0.0997166524,0.11820818777954539,1.3600299733,1.2105362532230486,4.4066014446,4.041033493381516,27.05274442552015,26.348481256772917,1.2603133209,1.0432997055968178,20.46083403644763,17.063083592015452,0.46951,0.5218771137144168
CIWROQ_clean,8.21788,8.284446090909086,7.67164,7.225467681818196,1.21042,1.1639068500000016,1714.31,1699.5876681818174,0.6722,0.6505927272727279,0.0044673595,0.004882137661992428,0.0454537043,0.04560033975386362,0.6311024166,0.6134249429113638,2.9872751156,3.0488194235542454,24.16096256433476,23.598611302021325,0.5856487123,0.5933577574210785,16.20446247403796,14.80272266613686,0.27043,0.29916780863636366
CIWYUD_clean,7.106,7.249484977272733,4.57125,5.770959545454544,1.41213,1.3722026454545462,944.617,1175.8330500000009,0.5334,0.5615990909090908,0.0036401092,0.005560076511666668,0.0372325284,0.05180424003287881,0.553150588,0.692391681226591,2.6370452738,2.9958489134431807,22.59030938140231,22.148771463896235,0.5159180596,0.6139176793395452,11.83277722148941,12.960414466203586,0.329809,0.38718912818181767
COCMAJ_clean,8.89284,11.19168499999999,8.27815,6.7857791363636375,0.8398,0.8598983272727265,2997.14,3090.7121363636393,0.7562,0.7075263636363637,0.001327212,0.005002205319090907,0.0119783274,0.042328137944545464,0.1800329711,0.4499614998286365,1.1992745271,2.465888633336818,17.03637603935834,17.943233816872926,0.1680546437,0.46099207259136354,5.664884026759946,7.489143425452266,0.214763,0.38520702000000007
COCNEP_clean,10.13832,12.444131818181818,6.56369,7.970212272727273,0.615207,0.680895468181818,3852.42,3444.119295454543,0.7534,0.7475845454545449,0.0029269238,0.006165970186666667,0.0298614557,0.060146276797272726,0.4393033546,0.599720419937273,2.7262529607,2.904252479759546,18.70612843390457,19.033960689953197,0.4094418989,0.5428603920913636,7.315654219544592,7.47155442638788,0.411671,0.541795239090909
COGNAO_clean,5.98836,7.207442318181828,4.70156,5.293241931818183,1.13574,1.1673642863636364,1543.53,1699.883413636363,0.578,0.6096872727272727,0.0083399071,0.015596310466590912,0.0828320302,0.12999447808818163,1.2247919751,1.3426462855827268,4.5428968292,3.6228238639900017,23.45991772008827,25.80625006450927,1.1419599449,1.1921330874254548,14.37945749710643,14.465751985865479,0.62768,0.6203498540909091
COKPOJ_clean,11.55541,11.690683136363644,10.79186,10.393822500000002,1.17423,1.1699742590909081,1327.14,1652.0276863636373,0.6464,0.6581154545454547,0.0013267175,0.0021732186134090924,0.0132360108,0.019958848902954542,0.2070013257,0.2589591781586363,1.5221802004,1.4292694852790884,17.62054334005126,18.951357916140303,0.1937653149,0.3095818510678034,6.580312349189028,7.487670304652292,0.210214,0.2808352927272728
COKRUR_clean,8.84098,8.269397772727274,5.5446,5.359078545454546,0.885689,1.0280351545454545,2141.9,2284.962586363636,0.6258,0.6462427272727267,0.0149075961,0.009582119824999997,0.1424207416,0.08998738445136366,1.5684208128,1.035991558025681,6.1636784148,3.6363140470159054,27.14480475126834,25.6113235728338,1.4260000712,1.0156369304840906,15.50427855055168,12.972167166723581,0.772416,0.5119963090909088
CUCSAU_clean,5.5757,6.258667764069266,4.21323,4.898646579870131,0.840322,1.4578698045454543,1429.04,988.1344920454546,0.5078,0.5371463636363634,0.0063852594,0.011880610565893944,0.0657180796,0.09615509010863628,0.9154124298,1.280495759029545,3.7977668667,3.08217270109894,24.51781278187305,24.685857852721803,0.8496943502000001,1.1034971189054548,13.59144454610069,14.48330463105747,0.48211,0.5069113302272722
CUKZOY_clean,4.8322,6.880907606060607,4.10064,5.010371723989896,1.27011,1.2869823090909076,923.5,946.0901409090907,0.5356,0.5167628787878789,0.0115914094,0.012283898220833337,0.1141273959,0.11101626358318176,1.406695338,1.1814400359686363,3.7367573194,3.0437746799600003,27.92217315967591,25.431887901397214,1.2925679421,1.0639543719715912,15.60107990627093,16.62042717510422,0.65408,0.5155854018181819
CUQSAK_clean,18.30047,13.461213636363638,4.50008,9.395379863636363,0.672661,0.7281634545454548,2754.14,3094.8111090909097,0.7088,0.7371500000000001,0.0034867621,0.007088344327272727,0.0349267715,0.07985864336500008,0.483178059,0.638520312959091,2.3704938978,2.742974409523184,23.57968164444243,23.695557375945903,0.4482512875,0.5129251190186366,9.826023093313191,10.057840946539441,0.332517,0.3898163054545453
CUTFUT_charged,6.47725,6.599475159090911,4.49016,4.7029324318181835,0.996719,1.2699613227272726,1367.51,1138.8214022727273,0.5428,0.5689439393939391,0.0111813412,0.009418792799999996,0.1080275669,0.08894589507931815,1.487102149,0.8524482724328788,4.9541131055,3.2735542675298492,28.21910335667867,26.380955943010473,1.3790745821,0.7892135672377275,19.45515425888015,14.550682312451908,0.552112,0.37176179136363624
CUWVAT_clean,6.58776,6.187169349999997,4.88581,4.894723183539946,1.3301,1.3133792818181822,987.633,1409.860190909091,0.5658,0.5805445454545457,0.0067388003,0.01285499582,0.066274418,0.1055059905313636,0.8644910419,0.9440507577249623,3.0657602615,3.531666019465455,23.46327456538645,26.27208737659215,0.7982166239,0.8662228218477271,13.85343447405295,14.723590349505281,0.455847,0.4622275806060606
CUXFIL_clean,5.39541,7.169556318181808,4.09689,5.777960431818177,1.23338,1.1632797590909094,1122.99,1372.3577439393932,0.496,0.5836488636363643,0.0188686314,0.012185742209848494,0.1804648343,0.12750686156409097,1.7739893978,1.2860500398636359,4.0182856265,3.5842900405813665,28.48335190508924,26.600931969715838,1.5935245635,1.1159604840518171,18.93169313158167,16.78109749214254,0.709185,0.5093364068181813
CUYYAX_clean,5.04944,5.56412623787879,3.83367,4.656532452651519,1.16048,1.1685998,1191.75,1327.0580386363636,0.5718,0.5626118181818179,0.0284203551,0.014444574119621214,0.2798908323,0.14603267418363627,2.6963892343,1.6746642658281823,5.5364988539,3.871491989328104,29.44034011025042,25.477930625620967,2.416498402,1.4996806822577278,24.3013003419072,17.285251226348645,0.849752,0.6642343956565661
DACZUF_clean,5.17797,6.062738637445887,3.83142,4.322546071212119,1.30054,1.2141619363636358,885.425,1093.9665945454547,0.514,0.5429666666666667,0.0402601495,0.01226771665133334,0.3490131312,0.10733775259786346,2.0016644816,1.3955905749203026,3.727865031,3.8396938639719074,34.73092846462659,25.857741028056957,1.6526513504,1.2956296793281816,31.33675592200035,17.659357651076792,0.465709,0.5567991865746752
DADLEC_clean,6.0526,6.517486181818185,4.95704,4.881698286363632,1.09523,1.140661327272727,852.004,1135.600586363636,0.4902,0.5522627272727273,0.0047048789,0.012641750957973468,0.0438932221,0.11733651380681809,0.585483386,1.281071881944773,2.1616059519,4.146760582650364,25.49766391016318,25.674491278392498,0.5415901639,1.2993355923959096,14.31368909551651,16.249081615732823,0.294976,0.5399520534090907
DAPHOU_clean,10.96282,10.657261,6.06241,7.6352330454545445,0.785626,0.7901121363636369,3056.76,3043.196218181818,0.737,0.7192081818181821,0.0026944779,0.005611629642532466,0.0278496198,0.050068431061818186,0.4051452501,0.5237448086227273,2.5933677041,3.5452114404313644,19.60022906675836,20.258581552634503,0.3772956303,0.5202740005140907,7.49187219973108,8.000062602133498,0.364259,0.42772642787878773
DEBWAK_clean,9.51714,8.386678818181812,7.06696,5.745904590909092,1.05415,1.1285647999999997,1078.89,1166.7555704545457,0.5474,0.5591227272727269,0.0021201546,0.010014098144545455,0.0216411712,0.0902247810852273,0.340069149,0.7462699195227269,2.6454536001,3.595205979419547,20.26480624154718,27.048732547142215,0.3184279778,0.6917483298336363,9.70481573995822,14.586246898790387,0.238036,0.3682077799999998
DEGPEL_charged,7.7396,7.841554227272727,4.21765,4.9306188295454545,1.4277,1.3827342318181821,1141.22,1349.7010909090914,0.6116,0.5962963636363634,0.0019720952,0.007027903707386367,0.0204816443,0.06962396595431819,0.3178268151,0.6227149860200001,2.0380700383,2.0653759552131796,20.24164839357413,23.74767104479778,0.2973451708,0.5960280726677273,8.782647536179141,11.939266910901427,0.246777,0.2849025854545454
DEJRUH_clean,4.98345,5.885125121212121,3.78027,4.563770736363636,1.03045,1.2750753318181816,1331.87,1213.5195295454544,0.5442,0.574474545454545,0.0112603628,0.01698026345677489,0.1101675807,0.12211719055045454,1.4665050901,1.0044825734895464,4.9831912761,3.5371442469422716,26.2744136025723,24.996748989824606,1.3563375094,0.9716186837070449,17.31608938368204,13.962523933047576,0.5960190000000001,0.41216211840909095
DIYTEM_clean,5.54342,5.943057136363635,3.85621,4.662802008953167,1.27196,1.1677025499999993,1177.39,1046.6656749999995,0.5676,0.5483693181818183,0.0121323386,0.013261189702007575,0.1194650081,0.13272842488522718,1.4518503721,1.392201071394545,4.2063426147,3.6262104816389376,27.04187492532315,26.99181827045529,1.332385364,1.2839799155772722,20.05399934052782,16.700001732773558,0.519428,0.5731402942424237
DOPHOH_clean,12.12577,11.690491590909092,5.64086,6.743714136363641,0.985409,0.9305360818181821,1430.31,2066.1748590909096,0.664,0.6654381818181824,0.0015604014,0.006029800515454546,0.0156546905,0.05367580209636364,0.2459712106,0.6624076275827278,1.6937724816,2.915682413124545,18.78170619487095,23.847877073613148,0.2303165201,0.594830340683182,7.037030327234799,10.991001381726194,0.237383,0.3785109372727271
DOTFID_clean,9.22988,7.759471011363641,5.76129,5.4123215151515165,0.797235,0.9753382727272729,2238.66,2433.9986909090926,0.64,0.6438745454545457,0.0057968682,0.00719355411215909,0.057605367,0.08667254108170448,0.7566538424,0.9560857004344704,4.1796140821,4.260428840672727,24.72908112805987,24.24858901065184,0.6990484754,0.8373499826722729,11.4718895643495,13.414954474276652,0.455282,0.4835878886363636
DUFGOB_clean,8.44616,9.83201322727273,7.81761,6.999968500000002,1.12069,1.097334509090909,1300.59,1686.550425378787,0.5722,0.6274545454545454,0.0007764732,0.0037133575282249174,0.0075698587,0.04545215330909092,0.1118423579,0.3866164652472727,0.6819746237,2.2054423805261347,20.95402085315401,21.83258623416842,0.1042724992,0.4495045957649999,7.617656145305625,10.466085586073508,0.099277,0.26751302136363636
DUJRAD_clean,6.16228,6.7129329318181785,5.32315,5.433826829545456,1.37535,1.1224865590909086,1158.79,1736.5744136363628,0.5806,0.6313163636363637,0.0042212691,0.005179853544259906,0.041231001,0.05328758625500002,0.6190097563,0.678432857795,3.146941711,2.921246293639545,21.83511379486166,21.577031406271384,0.5777787553,0.6514884516478788,12.38935291443635,12.305811070400821,0.354864,0.4044753713636363
DUNXUH21_clean,5.07683,5.877914015151517,3.95879,4.4709925537878785,1.20337,1.2705889493506484,1545.75,1286.6168000000016,0.6076,0.5795768181818178,0.0092898937,0.008272239396363637,0.0917407012,0.09263103778227282,1.286659283,1.0473079270063639,4.896731189,3.892227960834394,24.93212117140363,24.691723196237096,1.1949185818,0.9818565782513636,17.57408963168944,15.210801416794476,0.5193949999999999,0.4765533704545454
DUWGEJ_clean,6.48283,6.677113909090908,5.44672,5.342324954545455,1.23973,1.3639819954545453,1540.8,1539.1808136363636,0.6142,0.5809236363636364,0.0040061109,0.006146330933181818,0.0406409408,0.06420806792393945,0.5521475053,0.7478145659927274,2.5965607767,3.568198176786818,24.31180457248586,22.697082428621158,0.5115065645,0.7630334599413645,12.2204506400053,12.298680363605255,0.313954,0.40394027530303034
DUWSAR_clean,5.89224,6.658282022727274,4.25071,5.431185136363636,0.915526,1.3470045784090907,2379.46,1219.640787121212,0.6566,0.5706145454545454,0.0007667254,0.003618743928977271,0.0080571144,0.04069444054,0.1229273084,0.49128541940045417,0.8539891541,2.680175152747953,15.9967037641799,19.795408773617613,0.114870194,0.4338785392877274,5.435565431923536,9.920248797608469,0.154941,0.24650761136363641
ECODIK_clean,4.79857,6.814377795454549,4.01377,5.128833386363637,1.19981,1.541627504545456,1584.41,1032.7962,0.5936,0.5391009090909089,0.0118539454,0.013554604900113626,0.1192351631,0.08565349614954544,1.6066605612,1.054157795621364,5.1882321818,2.4539885584050003,25.9975240798167,24.07760096857826,1.4874253981,0.9601448533518188,20.66326906804508,14.549328802073207,0.556858,0.383660005909091
ECOLEP_clean,11.63969,18.203471863636388,10.91793,11.411709590909092,0.407232,0.5777275090909093,4465.52,3967.8126454545445,0.8666,0.7916800000000006,0.0004761473,0.0042736716162727305,0.0053989592,0.0340210172309091,0.0778008905,0.49996843436590926,0.5220344917,1.97937062282,9.853147216563977,15.767520612697249,0.0724019313,0.5117791290372727,2.432814883609483,5.038963060080037,0.213427,0.4287333899999999
EJOQUR_clean,11.95194,11.343107318181817,5.10518,7.545283818181817,0.926552,0.7688989500000002,2044.86,2818.4247772727263,0.6978,0.715538181818181,0.0032580291,0.007316891096590914,0.0312420896,0.05729336332272728,0.4506377538,0.6615672747331819,2.2502852406,3.245137112812272,21.31817579419373,22.964097976522098,0.4193956642,0.6032550293422727,9.260620012014936,10.472585324259994,0.333018,0.3932700636363634
ELIKIU_clean,4.97124,5.627650700708386,3.7531,4.445038879220777,1.54816,1.3848482909090911,725.337,1173.204952272727,0.505,0.5644284090909089,0.0134323255,0.010174476897272725,0.13183533,0.0892086621971365,1.4823977902,0.9210773118827266,3.123044522,3.270729544800912,28.20937626136832,26.292366687928553,1.3505624602,0.8563106757203035,22.88780136996146,17.249546402710315,0.480959,0.44842091636363646
EMIYUW_clean,10.6209,10.842440090909088,7.98188,8.576332886363645,0.698012,0.728505586363636,3324.4,3546.2075272727247,0.7472,0.7511081818181821,0.0035556731,0.004805313690227272,0.0365100861,0.047750906472727235,0.5249912511,0.6070511034936364,3.0689123195,3.518060426330907,20.02165611395692,20.91079454911815,0.488481165,0.5335503298559091,8.240139596117238,8.521160412919954,0.437712,0.47985645909090957
EMIZAD_clean,35.58882,26.255317772727278,34.51057,19.006886409090914,0.382184,0.4541925909090912,3737.01,3822.396063636364,0.8516,0.835288181818181,0.0017711423,0.0027474708363636343,0.0153680656,0.030222194561818183,0.2392015284,0.3290255532849998,1.6960575611,2.0100808206668206,15.07541360459584,17.507964023172253,0.2238334628,0.3258015227104544,4.501501722430477,5.625945352570063,0.355486,0.3959823418181816
ENCDBZ01_clean,4.96088,5.856144208333336,3.91158,4.54191106439394,1.33226,1.354431659090909,1329.44,1203.8396833333331,0.6226,0.5629254545454542,0.0158099631,0.00940815925454546,0.1580353027,0.08773130969590907,2.1233669949,0.9855266640630913,5.577165723,3.144369722229547,27.98632650864685,23.986978570936024,1.9653316922,0.9500179420599998,26.86937167188605,14.400027950671326,0.558945,0.39948267954545463
ENESUN_clean,8.35126,8.33075977272727,5.49783,6.2676927424242415,0.626692,0.9268311772727266,3869.29,2400.038872727274,0.7316,0.6794381818181815,0.0025712252,0.004687246778030302,0.0247693577,0.04246580964249997,0.3820191948,0.6191704881372728,2.6974559441,3.116521175512727,17.8332540550992,20.09059026620862,0.3572498371,0.593781449740454,6.586156010120168,8.950685892611215,0.388439,0.41301662545454587
ENITEB_clean,7.9765,8.429731,5.25239,6.1547490454545395,0.909449,0.9935840909090914,2352.02,2291.3907409090907,0.6632,0.6512827272727275,0.004919692,0.007311800335681818,0.0487700236,0.07166221335257583,0.6919597553,0.8728763763336362,4.1788468358,3.779504434477044,22.54706634166873,22.194062759675454,0.6431897316999999,0.7305422322204544,10.91143293853983,11.167326208481743,0.441639,0.4763356840909088
ENOVAG_clean,10.23983,10.326495409090905,9.51593,6.85916,1.29505,1.0252138954545467,1140.64,1973.283786363636,0.5948,0.64447,0.001007435,0.003635662309005509,0.0100146206,0.04810635679090909,0.1583564365,0.5024076188597726,1.0920575391,2.6306845639172747,18.79872758799491,22.306899361902346,0.1483418159,0.4585329867063641,7.089870213020633,10.969736801350534,0.149673,0.285502
EQERIC_clean,5.65308,6.647345988636367,5.10575,5.1883066136363665,1.08357,1.0635742909090913,1330.51,1930.1519818181837,0.5522,0.6226127972027973,0.023318452,0.008455028604606066,0.2375179263,0.08966533017681812,2.7766308193,0.9970049075054543,5.8013904534,4.437994527209546,26.46885590527177,23.54660848791249,2.539112893,0.9823937569645458,18.99456879257837,15.290854608704615,1.1661,0.4366092518181821
EREFEN01_SL,5.00416,6.308166071969695,3.86566,4.864968106060604,1.13683,1.162463866666667,1104.07,1491.6424893939375,0.5352,0.5503681818181817,0.0362662818,0.015491530468181804,0.3551654988,0.16091973437853524,2.9596603721,1.4844874294581807,5.4072606747,4.2987492467188035,29.96809084889492,27.055091908589244,2.6044948733,1.345233832639546,22.97889538407085,18.36382804953749,1.01865,0.5554484010606061
EREGOY_clean,7.33047,7.498147954545455,5.25494,5.542899333333334,0.879553,1.0208487545454552,2730.16,2264.45083181818,0.685,0.6300268181818182,0.0041032938,0.008981826816753247,0.0415722069,0.09026174904590901,0.6199145831,0.97236574811,4.4438821306,4.9242457746013635,20.39286065877553,21.788364184571368,0.5783423762000001,0.9707170514945461,9.430270514717815,12.453578909616791,0.451099,0.5913508863636365
ESANET_clean,7.69209,7.644585954545461,6.08736,5.331417848484852,1.80232,1.3582789045454542,637.106,1070.8707304545455,0.5264,0.5649109090909089,0.0011452863,0.0071541292843636355,0.0116310593,0.06344405859863639,0.1883615464,0.503952678250909,1.3711868137,2.5366572171027273,22.90616604957522,22.69528403821409,0.1767304871,0.47690811586386345,11.18316011255686,11.160741626462467,0.113747,0.28703931863636367
ESUSOC_clean,7.05543,6.870461818181816,5.76553,5.719158999999995,1.36444,1.1184208545454544,1053.75,1466.2249045454555,0.5426,0.575845454545454,0.0049835497,0.0071927929820887445,0.0503374998,0.07381208551103033,0.7565024979,0.8727801695463597,3.6766003331,3.3366457302713632,22.64865085244797,22.98732633963004,0.7061649981,0.8376729172602269,13.36194835670678,13.736806837790978,0.410653,0.4770420504545451
ESUTAP_clean,7.12445,6.814710560606058,6.33134,5.496871666666665,1.37347,1.1513156681818177,1051.64,1453.2732136363647,0.5478,0.5711199999999996,0.0051707151,0.005415384383295453,0.0523813371,0.05728839551136367,0.8076496725,0.7746932978364045,3.8469729416,3.159108873091817,22.59025797439972,23.00816372553185,0.7552683353999999,0.7759639028490904,13.68252213243935,13.510850835918582,0.426548,0.39817972454545447
ETEJOD_clean,6.80678,7.211523787878787,5.11467,6.069686590909092,1.12771,1.0436155545454542,1978.7,1961.911027272726,0.6388,0.6486363636363638,0.0034884726,0.005463041575833332,0.0335704362,0.052009339578636356,0.5113444759,0.7527703945772728,3.3579605618,3.6483821376719705,20.17415417741376,21.33708469169466,0.4777740397,0.7081198114180309,9.75931024828215,10.618460582014334,0.361338,0.44412491136363647
ETEPID_clean,6.17672,6.803040181818183,3.95395,4.7272048522727275,1.10537,1.192079177272728,1156.47,1379.8841386363626,0.5518,0.5685845454545452,0.0612800417,0.015110487395681809,0.4572264679,0.12797092782681807,2.3974447735,1.2066459911931822,5.6909325199,3.572411780191366,31.94855074358406,26.66430239061088,1.9402183056,1.057982432016819,15.2745340708904,15.723726249585242,1.72863,0.5190002527272729
EVAKOB_charged,13.10841,10.771097909090905,3.92348,7.561620318181815,0.806398,0.9969576409090914,2137.62,1887.2823636363646,0.6526,0.6606381818181817,0.013311449,0.005674769305454548,0.1329413329,0.05643139699295455,1.3597512334,0.5353469675540912,4.7721436442,1.9454360070418177,29.29444674601127,21.269581086268452,1.2268099005,0.47897226485136346,15.93773784114558,8.526511099672728,0.612901,0.3334723181818183
EWUKAK_clean,8.06678,7.530004606060603,6.82094,6.028507909090909,1.11278,1.4631187363636369,1780.62,1452.4515545454549,0.6252,0.5906854545454544,0.0024206781,0.005088853022727271,0.0240253251,0.05112522989121214,0.3721417766,0.639902013439091,2.8781245704,2.689912168399546,19.44490585664652,21.98403549591642,0.3481164515,0.6744870647945451,8.595094236676987,11.499152010043957,0.296185,0.3994642577272729
EXALAR_clean,8.27068,7.036035250000004,4.14256,5.382919318181815,0.819136,1.0851621659090906,1894.68,1542.344271363636,0.6382,0.5822209090909086,0.0032204174,0.005777775384090911,0.0320396269,0.05751117380195456,0.4965225406,0.6388660599777274,3.8671524064,3.023914174721973,21.74431026964507,21.908637645078233,0.4644829137,0.5906603527077271,10.22262445106783,10.41259249119712,0.324802,0.37937385590909084
EYACOX_clean,8.14361,8.323513204545442,5.87215,5.38169719318182,0.961963,0.9780681181818189,2567.06,2454.8757136363615,0.6732,0.6662254545454547,0.0028385612,0.007328517899227275,0.0287774491,0.06578611851454547,0.4334927167,0.9043242111618182,2.8760674136,4.131067836313634,19.11173156739163,22.088641860928067,0.4047152676,0.7378006133745451,8.20832905838204,10.508913177023066,0.360956,0.47074260189393957
EYOCIG_clean,8.27418,8.542438363636363,5.89212,5.9065412727272735,0.922433,0.8235466636363646,2635.51,2923.955054545455,0.694,0.6957300000000002,0.0023564392,0.004967768798636365,0.0233946559,0.049976829794285686,0.3475467894,0.7285266029828787,2.4473561919,4.020906365343636,18.14593094807104,21.567079220060627,0.3241521335,0.6292353139785225,7.143885799678733,10.177457129095762,0.328992,0.4007205778787879
EZABEN_clean,5.22809,6.0444029648268405,3.75233,4.930928624999994,1.80933,1.2306261409090913,804.973,1131.5241347225506,0.5686,0.559190909090909,0.0054369568,0.008734876114090911,0.0539221168,0.10252320806613638,0.7455951679,0.9717132901859089,2.6255689226,2.8520820751418174,25.3897669957511,23.630663649539105,0.6916730511,0.8815069683513643,16.81846376509982,15.204369183997821,0.314843,0.48086382818181794
EZIPEK_clean,8.58626,7.955954363636371,4.2007,4.789800393939394,1.51602,1.5162283090909092,1102.68,1274.362278787878,0.5836,0.5829563636363637,0.0043442097,0.009747634758522722,0.043539066,0.09244240622939402,0.6003388844,0.8746265437222739,2.5926084333,3.0026433144999984,23.05112269132992,24.96267281938589,0.5567998184,0.8909100845954546,13.70565172614131,13.925010606386005,0.317252,0.4404467631818179
EZUCIM_clean,5.27092,6.403039977272725,4.42324,4.947685234848484,1.00292,1.0924024409090904,1776.11,1706.955865909093,0.602,0.612221818181818,0.0131887441,0.01008590026620455,0.1355721254,0.09087673690863636,1.8405717002,1.2966977488668177,6.1134875936,4.303024421059315,25.67164361991727,23.143713739555626,1.7049995748,1.1889077217476842,17.43969937179941,15.30899579585228,0.762103,0.594188636742424
FAFMAC_clean,6.81612,6.701487616161621,5.39086,5.0739550000000015,1.26269,1.3626757000000003,922.651,963.9612380303035,0.5508,0.5304015151515147,0.0029924017,0.005377274914208684,0.0292690371,0.044918469541352285,0.4848988221,0.6739099280675002,2.9731917745,2.6608886229672737,21.80559207751143,22.41892894976387,0.455629785,0.6053198233784093,13.01604242372793,11.463624690983423,0.261741,0.2959392324999998
FAFQEJ01_clean,6.37389,6.603149863636369,4.22376,4.968424913636365,1.46265,1.2687697045454545,1521.44,1212.124643636364,0.6474,0.5570690909090906,0.0009730479,0.0058694529565602475,0.0099165814,0.060004671413757545,0.1509606772,0.7391242789102267,1.0651458587,2.7879991071240897,18.73624626416021,21.99453397824189,0.1410440958,0.714502155767955,7.395126529626024,12.40674613406703,0.138454,0.38238260045454536
FAKMAH_clean,8.51474,7.735071863636371,7.6757,5.810320909090908,0.756909,1.0919505924242425,2281.31,2028.3187681818183,0.6586,0.6214654545454538,0.0035027981,0.005482999011818182,0.0358565795,0.04880443685500005,0.5432086266,0.6149403415013632,3.8349929602,3.2431527432459077,19.80127836435798,20.797096424360376,0.5073520471,0.6094000810945454,8.705831968258016,9.687163772441787,0.428152,0.4462317472727273
FALVOF_clean,6.65756,6.6366707727272765,4.5203,5.410913818181814,1.39374,1.2185459363636362,1211.03,1575.2583000000002,0.5882,0.5644054545454543,0.0006305174,0.00679659618995671,0.0064492057,0.05565945717446973,0.0967844176,0.6731077870134299,0.6378549492,2.7481403003122726,18.7244593146402,22.99014606110268,0.0903352119,0.6497023694940911,6.524906968666981,11.178984576721975,0.100934,0.39110929712121206
FAPXOM_clean,7.22558,7.321144954545451,7.07954,5.711850106060602,1.12985,1.166542236363635,1414.39,1555.6811545454552,0.5978,0.5938740909090909,0.0061264335,0.00902849865497727,0.0632498787,0.07495705876675322,1.0666084433,1.1846841096831826,6.2423330859,4.990606861020873,22.13407602447029,24.353394911338977,1.0033585646,1.107909581925909,14.42980709576746,15.954805584014746,0.512054,0.5270833189393944
FARFUA_clean,8.43305,7.588648636363636,5.99885,5.546198172727269,1.37514,1.155132909090909,1205.84,1528.718715909092,0.6292,0.6018081818181815,0.0013449478,0.005614677976823592,0.0129399379,0.056985361784318164,0.2005216383,0.6042704289427687,1.407704086,2.8496382799863635,19.0784092506426,24.212041948878856,0.1875817004,0.5062401813777274,8.166725649857097,11.203835959811956,0.168414,0.3641382786363636
FAYPOM_clean,8.33734,8.745862136363632,7.34032,6.243860249999998,0.888945,0.996288036363637,1992.16,2026.6102772727265,0.637,0.6395063636363639,0.0030006223,0.008848205283749995,0.0309145386,0.08255100703499997,0.4605531111,1.0510288003972725,2.9469486221,4.175836254439545,21.10769685530736,24.96528526700679,0.4296385725,0.9008714637081817,9.450250201701923,12.705814176152062,0.334759,0.556751473787879
FAYQAZ_clean,13.25092,11.287343409090909,5.37829,8.139477227272728,0.797039,0.9263920545454559,1986.41,2399.9207000000006,0.6806,0.6696518181818177,0.0022549349,0.007556926561818187,0.024980532,0.06379390900363635,0.3666679712,0.6541874883090906,2.2824364983,3.36085710765273,20.53785543612407,23.045345129642993,0.3416874392,0.575957677882727,8.656712766740466,10.569750299929485,0.290879,0.4233517422727273
FECJUT_clean,8.20883,6.749929536363632,4.88885,4.965117295454543,0.902793,1.1206555984848483,2013.68,1825.9457681818183,0.618,0.5853727272727275,0.0041481285,0.01153689812545455,0.0400170754,0.1005883713518182,0.5624213982,1.1524750275531819,2.9729660772,4.032084080370001,22.99320640310878,25.344039390784527,0.5224043228,1.027692884487273,11.42627631865713,13.512224207322532,0.338857,0.5645795181818183
FEWXIQ_clean,17.35042,17.921606227272736,7.46306,8.141426000000001,0.482905,0.7014473409090908,4678.25,3081.2655454545456,0.7942,0.7627972727272726,0.0019398492,0.005828120133560607,0.0188750407,0.04821000886712121,0.2936131122,0.4376231898727277,2.1733023575,1.9290231267536349,15.70194833143805,16.38256164534326,0.2747380715,0.43711252978090887,5.252153606471386,6.080395735572825,0.375344,0.37887079363636367
FEYJID_clean,11.05011,10.74672790909091,4.28201,6.130819318181825,1.28763,1.0547666727272733,1308.07,1943.7209000000023,0.6268,0.6465181818181822,0.0022634409,0.007149742115454544,0.0242850051,0.060927968474697,0.3745272923,0.751843046308182,2.6485200388,3.3020394562899993,19.9107791682769,23.572906085543504,0.3502422872,0.6137952317763639,9.15570233663016,11.298127849615904,0.280636,0.41770763454545445
FIBKEI_clean,12.33456,10.906153636363628,6.95883,7.0452629999999985,0.708252,0.7667058545454547,3211.97,3168.141909090909,0.7362,0.7200063636363638,0.0056361297,0.005851332002727273,0.0535892105,0.047605667852954524,0.6594693263,0.5395980487340909,2.9022121734,3.074125524147728,24.25120897176688,20.729828760739505,0.6058801158,0.5197884644845455,10.04405852009695,8.51325643349679,0.457582,0.42871569636363654
FIHFAF_clean,6.24558,6.600221636363635,4.36754,4.841433386363638,1.21214,1.1175785636363629,1247.65,1699.6735545454544,0.5622,0.6025281818181812,0.0057702973,0.011327116949090906,0.0562465939,0.10020077877272728,0.807406776,1.0732082806993175,3.4694418552,3.890579289633917,23.08691350448496,25.10296845846799,0.7511601821,0.9808984160205679,13.1686367213537,15.067868776051968,0.436708,0.4921364484848481
FIJDIM09_clean,6.04424,6.246721061363635,5.23566,4.701771166999665,1.22037,1.2892636287878787,1095.1,1479.0125045454547,0.5392,0.5729672727272725,0.0075112781,0.010781841577363638,0.074337137,0.10408825238909089,1.0420408383,0.9903302817773858,3.9480347175,3.916382498347597,23.61751275213859,24.47908084676359,0.9677037012999999,0.8746926486690909,14.982496761556,15.191042929380464,0.504126,0.4390508370454544
FIJFOU_clean,6.85299,6.577292655303032,4.5996,5.659792500000001,1.41253,1.285857922727273,805.384,1151.8930977272723,0.4974,0.5451699999999998,0.0107939178,0.00971155849560606,0.1042895436,0.1039175075359091,1.1580438908,1.0673330225127275,3.3940347033,3.0403697084059114,27.95615978996113,24.642509587831512,1.0537543472,0.9172770184331814,16.85871495246508,14.336624026574606,0.534892,0.5122929484090913
FIJXUR_clean,7.39108,6.66897952272727,4.72102,4.907491607954546,1.5002,1.4899293454545461,728.749,974.2359272727272,0.506,0.5462170909090905,0.0005373394,0.010971775617803036,0.005267414,0.06830806063499999,0.0780518079,0.7314560793100411,0.4910176222,2.321599429774544,21.0406843266899,24.545232735394652,0.07278439390000001,0.640180513416364,7.718856296783282,12.779588537773714,0.0681241,0.2839458372727272
FIVYEP_clean,5.69894,8.387505409090915,4.7333,6.1490678181818215,2.0333,1.557866931818183,614.092,1015.0683477272725,0.458,0.5402518181818177,0.0005411311,0.019165177657272738,0.0052238134,0.151249811124091,0.0787820369,0.6445274516518182,0.4738848456,1.3054468010509082,18.35602539497063,24.1796354753987,0.0735582235,0.5259958239287884,6.793696278239315,12.128147205254663,0.0799744,0.28747955318181834
FIXVUE_clean,10.80219,11.383940727272737,6.73703,6.059896090909099,1.60539,1.0474805681818187,1084.34,1856.9381590909109,0.6236,0.6597054545454542,0.0001310502,0.006281274755909096,0.0011544199,0.07044446563636363,0.0173310228,0.6645251523570458,0.1184384726,2.4079845708681824,11.60657725283587,25.095137019244486,0.0161766029,0.6306299214968181,2.918423005706825,11.436004757281887,0.0399206,0.3735494049999997
FOKYEL_clean,8.8968,7.0079837590909095,8.56106,5.298064295454543,1.19075,1.1429181045454546,825.606,1627.3903795454555,0.581,0.6061536363636365,0.019216464,0.010050014147977272,0.1675276273,0.09064897192681821,1.1757721721,0.750175412227273,3.5004391609,3.37132126190273,32.14635894663181,23.842533254785923,1.0082445448,0.7127100163472735,15.79541944891604,12.032145051021034,0.57223,0.5069240268181819
FOQNOQ02_clean,5.77332,6.599173545454544,4.6821,5.263228384702799,1.37197,1.2485075545454538,786.062,1109.7537939393933,0.5392,0.5547581818181822,0.0076829973,0.013874370752727265,0.0733091304,0.12458177585045456,0.7616700157,1.1251863226777261,2.3142704174,2.997174125456138,29.75908440958884,27.03784746453243,0.6883608853000001,0.984513183301818,15.25354676536697,15.631696416368884,0.366036,0.45436878045454515
FURQOZ01_ion_b,9.28425,8.838689181818184,8.43309,6.239475090909089,1.37609,1.453586077272727,796.865,964.9430409090915,0.5274,0.5463999999999999,0.0006805958,0.006389113405075757,0.0072208302,0.04757001106659089,0.1040797301,0.3432718324163637,0.6742081631,1.800950007133634,22.00609361561321,23.727318213786745,0.0968588999,0.30961442601159084,8.135586397696375,9.67405658378124,0.0878312,0.24123347272727275
FUSNAJ_clean,10.8347,10.258281227272727,9.87565,8.192991727272727,1.0024,1.3391656909090903,1659.45,1486.17421818182,0.6588,0.6049372727272726,0.0013862136,0.005232129853409089,0.0140143099,0.04402469544454545,0.2081626723,0.4574007296172726,1.2369637682,1.613290526421362,21.70036952231968,23.248045203966402,0.1941483624,0.42923169582545473,7.63229473346892,8.994936995020927,0.183002,0.2529620627272727
FUTDII_clean,10.10622,10.763033909090911,8.60837,9.391633909090915,0.871632,0.9891541954545454,1745.28,2044.2041454545465,0.6404,0.6535072727272726,0.0025239417,0.005766328645454546,0.0237196243,0.049418645008409125,0.355546719,0.5341014316372727,2.2048225277,2.563489216311819,20.38176911373215,21.72390248642562,0.3318270947,0.5255762063854547,8.407832878725463,10.024720802421035,0.28877,0.3799662031818181
FUTYOK_clean,6.0154,6.452266215909095,4.82285,5.361571257575753,1.02626,1.0756990636363633,1820.05,1926.38769090909,0.6442,0.6261677272727272,0.004191757,0.004766210120075759,0.0441395837,0.04562218475194445,0.6922540208,0.6808393508654546,4.1619127354,3.435718701147727,20.8330831825534,21.730719538946367,0.6481144370999999,0.5685525059786368,10.98368211497428,11.581654377210006,0.435943,0.3872106409090908
GAHSEQ_clean,9.12806,8.03231086363636,8.89551,5.921040954545456,1.04861,1.1190562318181825,1114.83,1242.048827272728,0.5662,0.5728754545454544,0.0012206149,0.009699365405340912,0.0121049478,0.08761829656931817,0.1897818712,0.8722278964763633,1.2537470933,3.6313287891536365,21.21805614393031,25.288879793194948,0.1776769234,0.7880742148386365,8.357648296866309,14.569962416751059,0.153093,0.3987419513636362
GAJZAU_clean,4.80108,5.530973479653684,4.30234,4.725177594696967,1.51624,1.4495587136363626,754.324,854.9960840909098,0.5456,0.5327770454545449,0.0016877966,0.005042260540646506,0.0167412117,0.05725034607239387,0.2534187719,0.6483053334672723,1.4485155541,2.307441037692882,22.37920500719338,24.231687730124758,0.2366775602,0.553376653876819,11.06463705787809,13.909520616326859,0.159386,0.3016435049999997
GAJZOI_clean,4.76043,5.211629280303024,4.22431,4.452251434140102,1.6231,1.4157351712121211,702.673,1048.0353136363626,0.5414,0.5487597575757569,0.0020237572,0.004661408924431814,0.0197506778,0.04766477844454547,0.2985373081,0.752240871824999,1.6059821653,2.083154542393185,23.2501056620597,24.37822249375772,0.2787866303,0.7319726503303408,12.48407157731499,14.408823610780559,0.166793,0.3903554268181817
GATQIE_clean,8.12277,10.30038563636363,6.57853,6.797711681818185,0.814422,0.8743497318181827,3305.6,2459.4267181818195,0.7176,0.6968663636363636,0.0036305847,0.005167493855000003,0.0366119973,0.0494834122681818,0.547184578,0.6008930621136368,3.265485806,3.2667455517629547,20.7316052532543,19.684435494600827,0.5105725807,0.5455115333431818,9.234589362059024,8.502928986470911,0.411728,0.4335634416666661
GAXKOH_clean,9.78617,9.373781545454536,8.86105,7.081987454545451,0.959935,1.1777953136363644,1763.0,1713.880113636364,0.6186,0.6126381818181816,0.0033515218,0.003923774745075758,0.0347328644,0.035083058141363636,0.5137030566,0.4021793987747274,2.8803525286,1.7857707520836357,20.65972891997015,22.012740292123873,0.4789701922,0.3726579431713635,9.816597750292717,9.280003224091125,0.362905,0.27176422318181837
GAZZIS03_charged,11.21713,9.813144045454548,7.9594,6.857485500000007,0.708632,1.0219178318181816,2646.0,2375.861000000001,0.6888,0.673421818181818,0.0034941162,0.0042493770457851235,0.0352293776,0.04017847861636361,0.5148984956,0.5418776435127269,3.2489832517,3.6291596380578617,20.41350631645562,20.94793776525488,0.479669118,0.5401653604645457,8.512839595039708,9.359046897375501,0.414537,0.4366707636363633
GEDDEA_clean,10.13591,7.816104125000002,3.81582,5.715256284090911,1.29721,1.3421492772727266,1234.26,1283.894595454545,0.591,0.5539000000000004,0.0037197867,0.007138476798750009,0.0359619379,0.05788180119840911,0.4461370843,0.6966327661970455,1.7852256318,2.9372739382309083,26.5849267011265,23.40497624793417,0.4101751464,0.6328748790777275,12.69103569312514,11.577933225198183,0.246093,0.3688811886363636
GERNOI_clean,6.93892,6.843403590909091,3.80818,4.662609004545448,1.05982,1.1317240545454545,1202.05,1163.3797196969701,0.5412,0.5475970454545457,0.0095035188,0.011525973713787864,0.093363923,0.10263255307712128,1.4015069897,1.2499858053164397,4.9632114503,4.611838977360678,26.38520433102226,26.18202409929182,1.3081430667,1.1351930839481812,20.87931607493796,15.430470840816431,0.47718,0.5158109753030304
GIJXAA_clean,10.59462,10.241251136363635,7.92596,8.125870909090908,0.990408,1.0255613363636364,1778.16,1744.768972727273,0.6526,0.6352186363636362,0.0213085821,0.006563850296931823,0.2157126094,0.07202904334000008,2.8246553856,0.6700024577877274,9.2063996954,3.0722712227095466,27.02207753367954,22.187991249799254,2.6089427762,0.5279609861759089,19.94340488417835,10.471161113743266,1.05567,0.41613893030303034
GIQXUA_clean,4.89316,5.5298765912878824,3.86869,4.570507735281387,1.79298,1.3962953000000002,913.522,1164.067481818181,0.5838,0.571762727272727,0.0016301872,0.012599183327054115,0.0169295664,0.09750221896590906,0.2547076463,0.9242184869590913,1.5495693082,2.367891873640909,22.13331019732999,23.710421232109894,0.2377780799,0.8778671400318178,10.86867070910136,14.63397541931701,0.158081,0.3990974133838382
GIQYEL_clean,5.04966,5.547372968181822,3.95603,4.601182196590909,1.69109,1.3319875590909087,974.192,1220.4247863636358,0.5932,0.5640263636363635,0.0013217242,0.01136806708064124,0.013914456,0.08920826022863637,0.2049399519,0.90352752656,1.2712954615,2.4749889644263634,21.20098508789057,23.220647847193135,0.1910254959,0.8484202472131812,9.159945341028077,14.009102386491463,0.150014,0.40127086045454535
GIQYUB_clean,4.85877,5.5278676651515175,3.85756,4.569864801948053,1.80735,1.3785929727272732,905.654,1134.8982999999996,0.586,0.5703645454545453,0.0017373628,0.010368044912054116,0.0176876967,0.0920065199390909,0.2628918563,0.9436045609336368,1.5892203935,2.4915884438163634,22.32941195083268,23.64007450528845,0.2452041596,0.8766835074677268,11.34110239363197,14.601962948598167,0.15781,0.40015529565656544
GIVHIC_clean,5.68256,6.099862909090912,4.14915,4.773937878787878,1.01525,1.487269954545455,1295.41,984.8014883333339,0.5352,0.548981818181818,0.037473294,0.014156409556363637,0.3609234423,0.13438060546954547,3.3044172471,1.3097834170718183,6.0251732967,3.774046549104999,30.9786554671799,23.728942451121643,2.9434938048,1.2081995606277272,17.91531882919604,15.816451830262558,1.42309,0.5646768463636362
GIWCOF_ion_b,6.18603,7.49032626948052,4.18536,5.205324045454545,1.09485,1.2811653272727268,1710.03,1120.5070015151512,0.5864,0.5523690909090906,0.0072537175,0.007617313844999999,0.0719807554,0.06035512827522726,1.0403270619,0.590624847204091,5.1882569209,2.4400240209590915,26.25818557975904,22.411056923151172,0.9683463065,0.5775540458977264,16.19886779221858,11.840597021080285,0.4495790000000001,0.3056976499999999
GOGWEF_clean,4.59875,6.160998074999996,4.17002,4.8305087491883105,0.999501,1.2513350454545458,2127.44,1679.562868181819,0.617,0.603875,0.0067695158,0.009022945952727277,0.0683644892,0.07891801759818189,0.9912984806,0.983950757386818,5.151105169,3.5687746993556826,22.44705985425282,22.444250671498114,0.9229339914,1.0071048783734848,12.67335439687013,13.197978305179312,0.542566,0.4494347209090907
GOSKEG_clean,7.10002,7.280642500000004,5.21425,5.616757431818179,0.943193,1.0763135636363637,1860.4,2032.5810909090906,0.6182,0.6141454545454548,0.0142492585,0.010262402682636368,0.1410706558,0.09683824724357139,1.7432913767,1.15265965521341,5.957532044,4.566588990006968,25.81912802564913,25.081334907726458,1.6022207209,1.0649314826025005,16.11555085069984,14.347062842404787,0.794047,0.5650475013636365
GOZNEQ_clean,6.09971,7.124088409090915,4.27883,5.42312306818182,0.947205,1.0758745636363642,2399.59,1911.7122772727269,0.644,0.6247895454545449,0.0027308395,0.005085332149350648,0.0279550268,0.04570381680295455,0.4213485548,0.7638079125850002,2.6115234713,4.603487741878639,21.52245323081279,21.558003809990222,0.393393528,0.614370584802273,11.54801022305123,10.719553809698118,0.246831,0.3927815483333332
GUNZIA_clean,5.83475,6.000001080681812,4.30482,4.628028041666666,1.2153,1.2051817863636367,688.601,1263.1690295454548,0.5296,0.5596745454545458,0.0365630943,0.01699017934992424,0.3026833777,0.14891679161181806,2.0953008378,1.3147863394772716,4.4843284832,3.5032567841831157,32.66376167787013,28.234695849146505,1.7926174601,1.145625626579546,22.15058862624864,15.819372422910106,0.80355,0.6418715487878787
GUPBOJ03_clean,20.79847,16.243826545454564,8.00163,8.110687454545452,0.806562,0.7919253681818181,2078.13,2642.9016772727286,0.7324,0.747277272727273,0.002659833,0.004523033929318181,0.0278362169,0.04578110616999999,0.4188244485,0.4824724743837881,2.4115662726,1.8049034091531817,21.74123519812076,20.50320445462093,0.3909882316,0.43440914949000003,9.131899087929249,8.760986304682358,0.308768,0.3452938259090909
HABQUY_clean,25.71531,22.61452836363634,12.0883,12.885689590909081,0.289452,0.3846095818181821,5688.62,4478.840359090911,0.8738,0.8562109090909097,0.0017794333,0.0019369861631818167,0.0167355422,0.018628236085909106,0.2375515704,0.2588916184818183,1.4757544153,1.6840068284968184,16.49515014697118,16.44695031980561,0.2208160282,0.2529483349231815,4.226884457749591,4.591449601806246,0.37563,0.36310306136363607
HAFVUH_SL,7.26111,7.60474825,7.14037,6.531489227272722,0.948615,1.2214941772727277,1751.34,1484.846463636365,0.5896,0.5872436363636364,0.0076136896,0.007725316770606062,0.0772271016,0.06668192857636367,1.281343653,1.0472511587927276,7.5718460319,4.684108957428798,22.90594487210186,23.089420936470695,1.2041165514,1.0254621311459087,14.58512019821061,13.980562700741618,0.609266,0.4609173842424246
HAHPIQ_charged,9.53782,7.048266909090906,8.62412,6.3113135454545475,1.59282,1.4349210590909094,387.91,806.9312920454548,0.455,0.5189163636363633,0.0002469634,0.003653470598836581,0.0026146485,0.0392295134588636,0.0396196144,0.4235585487186363,0.2974722909,1.7991757350645439,16.69363985405292,22.200898048554972,0.03700496590000001,0.4170990225027273,5.648556536677461,11.570536585483927,0.0472676,0.23360472681818167
HALQUJ_clean,5.83271,6.0881710454545495,4.11171,4.7037985411255425,0.775057,1.1396595545454544,2905.8,1604.985609090909,0.6658,0.568894727272727,0.0081455482,0.008985803576363638,0.081723544,0.09186721881204551,1.1560432075,1.181197939969545,6.1799775921,4.434965665302118,23.82434569198676,21.95377201771182,1.0743196635,1.0540120565950004,14.75809679809445,11.990821735099745,0.535947,0.5580337636363637
HAQKES_clean,7.18365,8.417441136363633,5.84135,5.238030136363639,1.26274,1.1671497954545451,1518.71,1739.2912454545462,0.6256,0.6095309090909088,0.0019593996,0.010446122919696972,0.0203858777,0.06858064331954548,0.2987458335,0.7088332330931814,1.7833209841,2.535597217244544,22.33138993237944,23.953934150679117,0.2783599558,0.5572556599104541,10.06969475685918,10.979295785558435,0.205344,0.42477707954545463
HATZOS02_clean,4.8576,6.289968981060606,4.0805,4.7682340886363646,1.31729,1.3458900181818187,842.374,1022.1566833333335,0.544,0.5456381818181817,0.0055591206,0.011801036298636354,0.0566730704,0.11444983732280996,0.7699429533,1.1359554991874246,2.6277425532,3.1051683780030293,25.89141143236096,25.629620145766523,0.7132698828999999,1.0283736917631823,17.57800625180579,16.794924303075586,0.308368,0.46629354909090903
HAXNOJ_clean,6.09414,6.904357340909091,4.53148,5.412956500000002,1.2268,1.3529401818181817,1841.57,1445.8089772727267,0.705,0.606648181818182,0.0006638977,0.005546850301584225,0.0070354716,0.047035453384999995,0.1052385451,0.422626350961818,0.7080392266,1.5770253608136364,16.41299909523758,18.421972335846895,0.0982030735,0.39385986475909074,5.203017916107184,8.255443812588652,0.135345,0.28586493772727245
HEDBOJ_clean,6.12669,6.702636424242428,4.55303,5.375510068181822,2.25914,1.157958636363636,693.232,1438.5840103030305,0.5588,0.5920681818181818,0.0002961069,0.013343980741637264,0.0030062518,0.09097522339659095,0.0439190311,0.9920173073481814,0.2896240403,2.8511055377812133,16.97871881148708,23.325860644596986,0.0409127793,0.8469579841931819,5.663836518036666,13.34814275399002,0.0531775,0.42636788613636367
HEHCOO_clean,9.66574,11.556947227272731,7.84648,8.642018363636366,0.868335,1.1426934227272727,2177.92,2292.5858090909096,0.6642,0.6659781818181825,0.0009074635,0.009935137705000003,0.0094732753,0.07225267623227277,0.1418663838,0.7236392936022729,0.946774143,2.0260148516245446,18.22289047478553,22.325284417128188,0.1323931085,0.6075426644845452,5.882063074526871,10.394316450726436,0.161971,0.33599898863636346
HIFGEK_clean,6.30554,6.817842287878788,5.14447,5.580014943181817,1.31758,1.3188135681818185,1286.57,1145.9614954545461,0.5682,0.567376363636363,0.0047144764,0.007425908700265155,0.0479031721,0.050640130087499985,0.5622976932,0.6041658790699995,2.4738994913,2.3671818966272697,25.6472660487066,23.027806279689635,0.5143945211000001,0.5131982963740909,13.00886098302758,11.030799137235707,0.311188,0.28655084181818175
HIFTOG_clean,7.95891,7.271447871212112,4.14066,5.332657243298367,1.16582,1.1958098818181826,1627.97,1687.7221136363632,0.6126,0.6148509090909089,0.0068285042,0.006418850306545457,0.0679765921,0.06475729400393943,0.874906915,0.7985313984113634,4.2788441995,3.658989026701795,25.55175546949112,23.445902939009024,0.8069303229,0.7503355632689396,16.09198877417757,12.980961843735852,0.38233,0.46294162909090875
HIHGAI_clean,10.55614,7.592569136363635,5.67197,5.6863723636363614,1.00791,1.0795560272727274,1701.54,1916.732199999999,0.6458,0.6221272727272728,0.0054666705,0.008155354924090905,0.0553654189,0.10100729041522723,0.7345508842,1.388482978691818,3.7756822166,4.681465103294214,23.87591820796446,23.830867239444768,0.6791854653,1.2780398099763652,12.45529194319998,14.098499199799146,0.418454,0.5596005827272732
HIQWOV_clean,6.76103,6.87576927272727,5.10334,4.855237159090909,1.07696,1.1210431772727267,1802.66,1914.8876181818189,0.6212,0.6161254545454545,0.0054439969,0.009367554310227268,0.0520960575,0.08326211106000002,0.7135382529,1.1092594888545884,3.5511947886,4.291206712292148,23.61435903478273,24.27341544065945,0.6614421953999999,1.0401325827977266,12.6736485871891,14.536791877790684,0.392389,0.4817617454545452
HOWPOZ_clean,7.21513,7.825609909090911,5.98736,6.3124048181818155,1.27988,1.236290513636364,1175.5,1566.0191545454545,0.585,0.5950554545454547,0.0038409813,0.004290491148636362,0.0370635594,0.03772404840545451,0.5984379266,0.4980695081763641,3.9387319441,1.9147339367009082,21.72282072864945,21.32560110932879,0.5613743672,0.46496701921242445,11.82257348435561,9.935605592779762,0.346991,0.27352369045454533
HOWSAP_clean,6.71751,6.408134488636362,4.61596,5.060132839393937,1.15559,1.1912981727272727,1445.9,1606.1062227272726,0.5844,0.5613822727272723,0.0039119402,0.008211682373181817,0.0378002142,0.08403526589075758,0.5544996038,0.9670834690927276,3.0867385336,3.9788888645212546,22.48455438606832,24.258979052734183,0.5166993896,0.8451444737886362,10.96329400144176,13.357083342326927,0.352883,0.4566191826515151
HOXJIO_charged,6.55469,6.459075263257576,4.73411,5.410580924242422,1.16621,1.284879586363635,1387.32,1076.951943939394,0.5634,0.5488018181818178,0.0138440288,0.009638894746601736,0.1328402221,0.07676720089621221,1.2686751258,0.9450231428604552,3.438906195,3.937484677611968,28.84168335277415,25.03037640381898,1.1358349037,0.8247068516313634,20.42044859853362,14.75079031377672,0.453882,0.4376716909090908
HOXSUK_clean,6.8634,6.4742889681818205,6.5073,5.055756425000002,1.07828,1.116346272727273,1179.6,1489.676436363636,0.553,0.5802931818181817,0.0200213885,0.010324862169772724,0.1908579121,0.10052140928303033,1.6146156295,1.1537183714969097,4.6014622064,4.631885827517497,29.07814183734956,25.548198268393786,1.4237577174,1.0443276726450001,18.19865821818604,15.444707807694547,0.689023,0.5920181560606063
HURFEH_clean,7.40163,6.678620386363642,5.27423,4.878786318181818,1.02718,1.1395292045454544,1803.42,1921.0468500000002,0.6308,0.6076636363636362,0.0089280156,0.006892070104772729,0.0875063074,0.061857751017916594,0.9938080854,0.8042293106302275,4.2461249514,3.6807484382640903,26.6117763358416,22.900334074787853,0.906301778,0.7258807205359096,12.16456735054781,12.166098544991423,0.6077710000000001,0.4121351863636361
HURGEH_clean,7.76009,7.90279504545455,5.17265,5.8687591818181835,1.0195,1.2223533909090902,1981.85,2033.1849181818197,0.6252,0.6254963636363632,0.0018245313,0.0063047788335606,0.0188110738,0.05269891452954549,0.2860481301,0.661515628929545,1.9618879141,2.7011572726540893,18.69323558253643,21.294863567964274,0.2672370563,0.661646987475909,7.625882009000572,10.856464433539001,0.258205,0.3209866336363636
HUVNAP_clean,8.75886,6.525421818181817,7.98277,5.296032469696969,1.18409,1.443965395454545,996.114,1067.9637962121212,0.5472,0.5560722727272724,0.002192492,0.011551964229204546,0.020749029,0.08113623316795457,0.3261412727,0.6502987222119324,2.3206018663,3.4185830530222745,23.63725373360149,23.263340971731846,0.3053922437,0.6196011029945452,11.65386394739872,11.41701444025956,0.191413,0.3537501554545452
HUWPIA_clean,6.29862,5.987763537878789,4.63989,4.935370401515154,1.01225,1.2630458272727274,1214.75,1079.2608699173552,0.5338,0.5411099999999996,0.0361093137,0.06491989122356062,0.3435355026,0.4976465993372729,2.8401283517,2.0583538337895444,5.650324935,3.6017315341650007,28.98051729892574,27.1358648214578,2.4965928491,1.1682099604359097,19.1136440540159,13.302383387230417,1.28238,0.6704405277272727
HUWSUN_clean,6.32885,7.5772760909091,4.07784,5.355769000000002,0.837909,1.2674000409090906,2359.4,1664.2198318181825,0.6126,0.6035354545454543,0.0129275387,0.009028153006818187,0.127722319,0.10133784283681814,1.9756509541,1.1530923131990907,8.399232921,3.347958410300452,24.40666568804083,22.998952104426373,1.8479286351,0.8891466122313632,16.81495050344402,12.015124777231335,0.843975,0.5642962822727273
HUXWAY_clean,8.32795,8.38716086363636,7.15006,6.942023681818176,1.52785,1.4968823545454535,694.117,784.5537325757599,0.5724,0.560593636363636,0.0004302513,0.003843084638939397,0.0044872118,0.02464641772212119,0.0705847066,0.2987358404840912,0.4954851239,1.3362961743063615,16.78025046728488,21.14285734147856,0.0660974948,0.26959297602954513,6.27374694194118,9.094657552982989,0.07699650000000001,0.1890186181818183
HUYKER_clean,10.78123,9.73621131818183,7.93542,6.467845954545454,0.823199,1.3133221409090918,1727.54,1776.8872818181817,0.6292,0.615530909090909,0.0020518691,0.009979641343636372,0.017916428,0.08547605728590903,0.2620272095,0.7360716666377273,1.5406807159,1.7866847360154545,24.10006109209869,25.95252562284645,0.2441107815,0.623328156010909,7.532403420540406,11.757133934339963,0.230794,0.3932473877272726
HUZXAD_clean,11.46912,10.813406409090915,7.77199,6.912266545454548,0.64457,0.89132575909091,3180.18,2772.211990909092,0.7146,0.7023136363636362,0.0031778011,0.006453168194090911,0.033193078,0.051824279965909076,0.504331065,0.6614246591404546,3.2954651438,2.655641985458639,19.97668283188342,21.7041553230704,0.471137987,0.5253534707304547,8.57532513491768,9.363390822038426,0.399486,0.4180383527272724
HUZYEI_clean,8.53699,8.982054045454552,6.27993,6.0877645909090905,0.711095,0.9622431818181816,3133.48,2382.5428590909096,0.6894,0.649042727272727,0.0043969371,0.007400330126363638,0.0449127542,0.06002611531772729,0.6701632813,0.6666608091440905,3.8808817962,3.5270221355440925,22.56576220975463,22.01460856971358,0.6252505271000001,0.672572851181818,10.93664469889619,9.88899712549386,0.415646,0.48137376363636336
ICAROV_clean,20.33339,19.472863727272742,7.92146,8.13742199999998,0.406521,0.4522572999999998,4743.67,4705.9489090909165,0.8236,0.8102972727272726,0.0014049687,0.0019435391493181787,0.0147619283,0.01716912524647728,0.2296538456,0.2744627822749998,1.6055865465,1.5757697488563622,14.20469427567592,14.12344151517794,0.2148919173,0.2488954806206063,4.13687651645329,4.18400580333234,0.368929,0.36766513727272704
ICISAP_clean,8.79152,8.388797909090915,6.71431,6.6507961818181816,0.851648,1.1399332772727269,2574.44,1939.0776318181809,0.6926,0.6451945454545455,0.0031462638,0.004690335370454545,0.0314210644,0.04200502032136363,0.4568468116,0.5815679091818178,2.8011043322,3.4226298989131823,20.76460519675345,19.78545320278423,0.4254257472,0.5396071326636367,8.830161993520717,8.836380648485074,0.353929,0.35411074136363646
IDORAW_clean,10.66058,15.372486545454548,7.94571,12.141924909090914,0.758358,0.7870175318181825,2623.65,3069.0298000000043,0.7566,0.7385363636363634,0.0011985788,0.006717322755909095,0.0112647382,0.06444765414818185,0.1667679709,0.5790778496190906,0.9584273641,1.5886922741554546,19.72463226435345,20.06374163640873,0.1555032327,0.5076691436054543,6.300094874002363,7.786631808082667,0.178352,0.31766663999999983
IFAHEC_clean,8.64157,8.287863409090907,7.39543,6.556221681818183,1.95986,1.3128443818181819,583.31,1519.8383989177498,0.5464,0.6175799999999998,0.0120898439,0.019040212638181828,0.1191145309,0.08769830972636358,1.2929828378,0.5611472835727275,4.2326927305,1.8582026978968167,35.13188226932917,22.400697781678467,1.1738683069,0.4602009382122728,20.3164805100776,10.568886140894508,0.472402,0.3650983318181816
IFEYIB_clean,5.67304,6.387681143939391,3.77404,4.87154102272727,1.56953,1.4210752136363631,1191.66,1368.0040522727268,0.6516,0.5766872727272727,0.0005902285,0.008285581549772726,0.0061830735,0.07765205494409097,0.0948849652,0.7599349809322733,0.6035673994,2.5208757007995475,18.03515840214951,22.63268322399145,0.08870189170000001,0.8173400089549995,7.013978612801657,12.824273606883187,0.09143870000000001,0.34899866545454544
IJASOC_clean,6.30976,6.722926181818177,5.8805,5.275231731060612,1.0194,1.2156445818181816,1945.99,1653.2687151515156,0.653,0.6193900000000007,0.006768258,0.0057251222805519445,0.0686506662,0.05819994317886365,0.8982004139,0.7257979260163634,3.8812106765,3.9095181814652267,25.23919413510244,21.485704161138337,0.8295497477,0.712665032544091,13.05559823688317,12.334038170139564,0.4877259999999999,0.43695478545454564
IKOVEL_clean,15.9244,13.93539077272727,15.48384,10.91464213636364,0.975432,0.8813403045454544,1571.53,2534.015299999999,0.643,0.7234781818181818,0.0045421526,0.005460308308282826,0.0460731493,0.054918898428181824,0.6181105949,0.6209764481700001,2.3160110935,2.415882741143183,24.67822824630258,22.106516415133402,0.5720374456,0.5923070880136365,13.43387244648299,9.06344614473821,0.321408,0.33806575727272714
IMAGAG_clean,5.63215,6.8377115000000055,4.41962,5.5892441590909065,0.709614,1.096470222727273,4008.23,2190.097663636363,0.7052,0.6270890909090907,0.0075113493,0.007553877933636359,0.0781363118,0.06466509783454544,1.2060370018,0.9213187328631826,8.4979323621,2.936483765184719,21.41413330966425,17.38526846283431,1.12790069,0.8410682017268182,12.66311958285871,7.796775673126426,0.665228,0.4222587690909091
IPIDUH_clean,5.17469,6.181730147727272,3.85894,4.713650373376625,1.5676,1.3482293454545462,740.859,1013.6588671717174,0.5352,0.5504881818181818,0.0057411309,0.012939014654090896,0.0563049591,0.07763883569636369,0.7262233374,0.6842369800068181,2.4658130109,2.352093872671817,25.59252268714959,25.72820835701371,0.6699183783,0.6338254700936364,15.37308694981915,15.275745495039114,0.341777,0.29813700818181815
IQOKIK_clean,6.46497,6.52633279545455,4.73774,4.537872542045455,0.941841,1.1715325136363635,1967.19,1625.5165499999998,0.5902,0.5835175757575757,0.0088598404,0.008747911878863635,0.0859171825,0.08286809205835231,1.1657071412,1.084074761422272,5.5068878924,4.683080397840738,26.11610441677647,23.867738391009407,1.0797899587,1.045647529939546,16.26815551876673,14.608935064970488,0.498608,0.5271367901298699
IRAJER_clean,5.44662,6.395110049242424,5.0231,5.216121590909089,2.01995,1.3864706909090914,491.236,1090.7605431818183,0.4872,0.5635649999999996,0.1610181758,0.011333788434999994,0.6381840525,0.08777423342863633,1.9036575367,0.8788526929695447,3.1480787864,2.6887569082604545,42.13703119852778,25.24388836728362,1.2654734842,0.7022520695972718,16.07250437175918,14.168821642451695,1.12275,0.3877125768181816
ISUCUV_clean,5.63872,5.843019977272727,3.87203,4.2953201931818175,1.06793,1.2514747090909082,1294.62,1423.9810409090912,0.5686,0.5748527272727272,0.0079109589,0.014132930462458681,0.0809012993,0.1279777031507954,1.1397010191,1.396165511625567,4.4955644128,4.244773827882327,24.68011060586157,26.895147965678984,1.0587997198,1.2253206203518188,16.20140584748203,17.354760060581743,0.49865,0.5461084141477263
ITIWAK_clean,5.0332,6.029098591617474,4.12661,4.606667234848483,1.10257,1.2421384175324672,861.818,1216.0066545454545,0.5042,0.5515881818181815,0.0349409362,0.0204011833315909,0.33976807,0.16775412968636366,2.9287662,1.9498089568754549,5.1859723649,3.9236279348904515,30.89408369824726,28.001854391706978,2.58899813,1.6066649893268186,21.82080954950395,18.052681702975033,1.06039,0.633408454696969
ITOSEQ_clean,5.53585,6.113456068181821,3.92423,4.899158303030306,1.23909,1.2406460227272729,1516.67,1505.4407465909092,0.6304,0.6035618181818175,0.0050633014,0.007553660189621202,0.0525328222,0.06630094040102273,0.8045029743,0.972947711469773,3.9261752212,3.3911502760302246,22.12236920972778,22.74579816884345,0.7519701521,0.8712228695468179,12.13357655490551,13.220839329158387,0.467255,0.442927098409091
IVOGUX_clean,5.27459,6.281458443181817,4.52668,4.57810518106061,1.48634,1.3197545030303035,823.275,1007.7428348484854,0.5418,0.5412845454545454,0.0064414393,0.010090005708515147,0.0665795011,0.08912498040204545,0.7931578235,0.9887532666309087,2.4939865647,3.0331018993875003,28.55568508922558,25.65668256662758,0.7265783224,0.9693953663554551,20.85676188033892,17.825094007299494,0.266352,0.38839031681818165
IWAYAG_clean,7.52525,8.337645681818183,4.29732,5.794750378787878,1.3181,1.3569020318181826,1050.9,1383.809040909091,0.4828,0.5970527272727272,0.0004041902,0.023749745065000005,0.0039063656,0.09828965106803032,0.0614078741,0.8157294249159089,0.4046283223,2.830492270468635,17.99712490962301,23.11900981073197,0.0575015085,0.625963430935909,5.046141606524879,11.992849694295055,0.0812007,0.3559350418181819
IXEJIG_clean,11.25458,15.774389999999991,10.39011,9.430852136363637,0.837465,0.753011681818182,2346.92,2611.224345454544,0.6976,0.7374854545454547,0.0022163173,0.0042880119727272716,0.0210955278,0.04034910911477274,0.3091500499,0.45920609517,1.9723555845,2.212299050482726,19.4280915411503,20.58436291919543,0.2880545221,0.3792399692963635,7.615234694413466,8.393610323187076,0.278532,0.3089840895454544
IXUQUO_clean,6.17038,6.009665116161609,3.88626,4.620217226623379,1.0897,1.2434949363636358,966.424,1044.1426715909092,0.5652,0.5498885454545455,0.0319414737,0.01956161360954544,0.2823567897,0.15720135361590903,1.8325065319,1.397361453187727,4.1048213032,4.058918505143806,31.91713326883845,27.552739016593204,1.5501497422,1.1834473840145465,15.44788894878306,16.443549668233093,0.994783,0.6405861081818178
IYITOB_clean,9.11454,8.960337704545456,7.50033,6.9924887272727325,1.16801,1.0432468545454545,1483.56,2048.730740909089,0.654,0.6573481818181817,0.0011321906,0.004030809529545456,0.0109002774,0.042808430833848485,0.1696167069,0.5065324712472727,1.1591705611,2.535670834288635,18.14250199799079,22.12806523266993,0.1587164295,0.4800455496913635,6.832218351278122,10.177530496574347,0.168411,0.350416270909091
IYODAD_clean,9.11936,7.825084560606066,6.31963,5.966943681818186,1.11347,1.0670473454545455,1556.5,1887.3010863636366,0.6578,0.6346799999999999,0.0013073857,0.003823352611060605,0.0138645371,0.032291607558636345,0.2073720426,0.49176104520181835,1.5176825521,2.2972461644136346,18.15677617026814,21.578670472746655,0.1935075055,0.4032569221263636,7.124209448312262,9.328676417466584,0.199297,0.3069522954545454
IYOTAT_clean,6.12724,7.727646590909095,4.05651,5.782938136363637,0.946965,1.0411414136363633,2609.08,2050.6386909090916,0.6612,0.630621818181818,0.0087512615,0.006201783163863638,0.0871777724,0.06764522530151514,1.3436587218,0.9522758452372724,7.2517089855,3.6193560918422722,22.33985337472613,22.240766154729254,1.2564809494,0.8339575996268184,14.17231382567893,12.121052031668066,0.662401,0.4993209672727273
IYOWID_manual,20.51668,19.56810427272727,7.7477,9.523357772727275,0.405068,0.43508627727272703,4763.89,4658.560863636369,0.822,0.8174972727272724,0.0014024292,0.002253208481363634,0.0139954752,0.02194171472079543,0.2043320168,0.3153033226645456,1.4428979522,2.220096644240451,14.01823519492023,14.882810363921298,0.1903365416,0.33563327518590885,3.9321231845163,4.36966545219531,0.34762,0.4458160863636362
IZENUY_clean,10.28405,10.347514136363628,5.66029,5.669465181818171,0.907624,0.9045125727272705,1640.12,1741.8115000000064,0.6758,0.6773890909090918,0.0030818241,0.0035122023224090767,0.0315963472,0.03441111009113632,0.4766172158,0.48938072470545496,3.5450955171,3.535647629565682,19.34208934799471,19.84412437642663,0.4450208686,0.4684341320222711,8.458296646693302,8.507404736051663,0.385253,0.4017770909090899
IZIHOQ_clean,7.0561,6.705828602272731,5.32108,4.910800765151515,1.40869,1.2325462045454543,1000.55,1413.734604545454,0.555,0.5785672727272724,0.0026759588,0.005856003123352274,0.0270096557,0.058093699934090824,0.4114234056,0.6104386720404545,2.5304146775,2.8250370543000005,21.40858275393167,23.81973584111633,0.3844137499,0.6678274363168185,10.95493975920451,12.610437782518055,0.26084,0.3509484595454545
IZOWAW_clean,18.94727,18.806027363636396,10.51321,10.304367318181818,1.00603,0.6320509454545454,1780.51,3594.2503090909095,0.7888,0.7944590909090916,0.0001366761,0.004747493828057855,0.0014270593,0.032508829848181785,0.0217063764,0.3697358650118182,0.1472172495,2.3643969916981815,9.476995708510195,18.280125719947357,0.0202793171,0.356773248234091,2.179207779927212,7.802187273035001,0.0665385,0.3521943936363635
JALLEQ_clean,20.72686,18.738339000000018,7.8738,9.016744136363636,0.987929,0.7620398500000002,1858.6,2038.0121136363632,0.7646,0.769907272727273,0.0002761134,0.0026470410627272727,0.0026646929,0.02310046400999998,0.0399611464,0.32385057810621215,0.2722729618,1.7177328340590887,12.13087262671304,19.08026887002484,0.0372964535,0.29004157916409085,2.949010431925491,7.405932931488257,0.0898418,0.29220408136363646
JALLOA_clean,21.13684,22.03963027272728,18.33831,13.917400590909075,0.755302,0.545003959090909,1480.46,3351.0732863636363,0.8308,0.8036127272727276,0.0001861098,0.0024715175604545447,0.0015365403,0.028422319800454544,0.0223967203,0.289612990029091,0.1492736416,1.6060631259545446,11.47768140281523,18.311698940558127,0.02086018,0.2578641996422725,1.856632173474642,6.674051094788558,0.08013229999999999,0.3532643809090909
JIZJOT_clean,10.25508,7.722524560606062,9.65715,5.849760576704553,1.06872,1.052710990909092,1040.98,1770.1911318181815,0.5712,0.6195136363636362,0.001837083,0.00914107625227273,0.0182874213,0.08282883290931824,0.2791573826,0.7622811044772728,1.8141726693,3.212259155373636,23.04057171043309,25.369485558055295,0.2608699613,0.7543285572900001,10.05679172094606,13.371548311876188,0.189139,0.492051651818182
JOQSOZ_clean,6.10079,7.329262625,4.1274,5.130711083333329,1.15948,1.4701990500000006,1536.94,1383.4627030303038,0.5942,0.6053886363636362,0.0042694258,0.006902876152727272,0.0439067181,0.08775320231272729,0.6265248849,0.7218951338722722,3.5044704038,1.8536791260140904,23.83020829804078,23.328452270355836,0.5826181668,0.6092728453213637,13.39904047552822,11.611836236095991,0.324051,0.3006488890909091
JUGQIN_clean,6.60597,7.8476871818181815,5.16054,5.785282000000001,1.12408,0.9861876795454547,2157.56,2438.5184909090904,0.675,0.6573945454545447,0.0019105201,0.006391982309488639,0.0196050067,0.05260655741090913,0.2871579948,0.6098212778395459,1.7586013446,3.434270515842273,19.04789528252477,20.87461894961466,0.2675529881,0.6138255419172722,7.968229323471923,9.439813604378813,0.246854,0.43587890097451787
JUMCUR_clean,6.66565,6.456785946969698,6.12054,5.6695044924242435,1.03261,1.2348790463636365,1618.12,1512.948062121213,0.6176,0.6025936363636363,0.0041588918,0.0046906274536099735,0.0408416701,0.04988709203580296,0.6666872646,0.7014367621775,4.4377877805,4.365484140216364,20.40140794216618,21.68300014316101,0.6258455945000001,0.6439623980624244,11.04492493648094,12.08837371132193,0.418545,0.3979181901082254
JUTCUW_SL,6.94384,7.236736068181821,5.61196,5.2963829696969675,1.08226,1.241030013636363,2542.38,1482.7354954545478,0.7548,0.6099763636363635,0.0007254783,0.0037409679710227253,0.0077319429,0.0317366416031818,0.1138100122,0.4151524670950001,0.8096897425,2.50503831128,14.44511960759302,16.696183305673667,0.1060780693,0.4306879584036362,4.481307516257717,6.919231584707038,0.173294,0.3176244131818181
KABXES_clean,5.52619,6.2453774378787825,4.96961,4.845388833333337,1.18279,1.267100731818182,1649.71,1591.9478722727279,0.6294,0.5971354545454544,0.0047185674,0.006630984535227273,0.0442674358,0.06810349475318182,0.6182625342,0.8051368084163631,2.7724988376,3.9204040990786124,22.31303353220076,22.054023993498436,0.5739950984,0.7894078118648793,10.93318301730748,12.265940785896742,0.399636,0.4065270204545454
KANDIO_clean,6.34814,6.798752460518649,4.18035,4.659408813059163,1.16715,1.360330752272728,1078.45,1107.3558969696971,0.5426,0.5493849999999999,0.021809838,0.010889128507500002,0.2017863553,0.09622685022693175,1.8413491873,1.0179894854847724,4.7169976222,3.8223518475860003,30.99435071376911,25.990563064786016,1.639562832,0.8965295390654544,23.79056811300682,15.181543519590896,0.565172,0.5025997842207793
KARNAU_clean,15.53234,16.57425845454545,10.48172,12.54466263636364,0.459782,0.6497369181818176,4299.13,3121.6102045454536,0.8028,0.7817936363636359,0.0037372137,0.006713464365000003,0.0353807497,0.05563170493545453,0.5026634325,0.4499641171518184,2.97255361,2.3304855787345433,21.08531228759232,15.897685753396216,0.4672826828,0.4188850736568182,7.484365098929016,5.348793898986718,0.454252,0.5076857322727277
KAVXAI_clean,9.40882,7.829693727272728,5.41413,5.782025818181819,1.00634,0.9663601909090906,2094.0,2435.612931818182,0.6462,0.6599863636363638,0.027656277,0.006582513849287879,0.2717685541,0.06606077384818178,4.4991167266,0.7759949794722726,11.1542323562,4.363344945336702,26.30054410730859,22.11307525253882,4.227348172499999,0.729534683666364,24.65218364230944,11.907311125228413,1.3285,0.4260684490909089
KAYCIY_clean,5.92381,7.2279086704545445,4.85823,5.486831522727274,0.977102,1.0593993636363628,1938.27,2198.865022727275,0.5954,0.6533263636363639,0.006245605,0.005078623448227275,0.0644461601,0.04959600834545456,0.9335758033,0.7147550629232579,4.9644256691,3.21245236750602,21.85331362383855,22.85260477710657,0.8691296432,0.673908029725909,11.49256426014059,11.508553252688472,0.569944,0.4098087856439395
KEDJAG10_clean,5.6275,6.880190045454547,4.42824,5.284635545454546,1.06272,1.3866943590909089,2852.86,1961.1615454545467,0.692,0.6083254545454547,0.0005632439,0.007954783934090914,0.0056004822,0.06617729555431819,0.0834899276,0.7750101499363639,0.5827038098,3.5191021787982963,14.87503992474148,19.430798918678196,0.0778894454,0.6512077329127268,4.748279073791156,9.238265169211935,0.116618,0.33194320363636365
KEVWUF_clean,9.52723,8.601293045454547,4.19884,5.748339636363633,1.04193,1.1231538909090915,2100.07,2074.662581818183,0.7092,0.6571727272727275,0.0006912836,0.0036067415604545475,0.0072212148,0.03487330209863632,0.1070847055,0.4233018543663635,0.7652380471,2.08992520365909,15.57510065576819,18.88352184792624,0.0998634907,0.3709418378336364,5.028357672119581,8.018491252129175,0.14339,0.3395434572727273
KIGCEK_clean,10.39364,10.561350090909086,10.27787,9.834770090909105,0.990795,1.0758848840909099,1305.96,1481.024772727273,0.603,0.6214063636363638,0.0016587918,0.0021160766215909087,0.0166384912,0.021896893924795446,0.2500957404,0.28096935085636376,1.8138838058,1.7473300413718174,20.17778236209239,20.75051927150877,0.2334572492,0.26655734584909085,7.934616929726107,8.813329344282076,0.215706,0.21586635181818167
KIPJIE_clean,6.98996,6.279668781818177,5.50834,4.68750333382353,1.65051,1.2029612048701301,633.782,1102.996166017315,0.4498,0.5437219696969692,0.0013426606,0.007554371032000005,0.0139264659,0.08198769941856063,0.1924927379,0.7739967500704547,1.0524371381,2.924011007055002,24.11842864221602,24.859757251359785,0.178566272,0.7730162085236365,12.80813727573862,12.981968164871507,0.103422,0.3997144895454544
KIYQOA_clean,4.76031,6.004594772727272,3.94678,4.587169240259741,1.3892,1.3112661840909086,751.292,1136.4677777777772,0.5312,0.5521545454545452,0.0139378726,0.00984583938984848,0.1353418188,0.10576123728909093,1.3996739099,0.9585250228527266,3.4847031247,2.8997912768975005,28.1117800599082,24.804937808927665,1.2643320911,0.7736135489990914,16.76024328552142,15.85508620027977,0.626118,0.4093891522727274
KOFVOS_clean,5.23992,6.163019636363641,4.30833,4.906982465909094,1.25499,1.290351447727273,1149.6,1066.5974321969693,0.543,0.550932727272727,0.0054139976,0.009788698646896096,0.0559101614,0.0756248252286364,0.7853683402,0.9146062905304546,3.2405603617,3.158439455947729,23.71049391654325,24.048913338136,0.7294581788,0.8202689283109087,13.4903048682359,14.458365976315035,0.416593,0.40497233045454556
KOGSOQ_clean,6.70555,6.98529072727273,5.36137,5.4769558409090875,1.02667,1.1100438378787882,1438.07,1676.4367090909093,0.596,0.6163736363636365,0.0080624867,0.007276953870818182,0.082587209,0.06050160676903411,1.1895890484,0.8140863079018181,5.4619956719,3.4912509092628783,24.14908941858752,23.590522164705625,1.1070018394,0.7699107019807578,14.43305685079831,12.425005050135955,0.596442,0.4263986195454543
KOHKIC_clean,9.61717,13.30566404545454,7.1473,7.530306909090912,0.879264,0.8733700863636368,1781.09,2117.142304545456,0.6478,0.6795381818181816,0.0039977752,0.00917144443136364,0.0401750104,0.0604171984783766,0.6127811588,0.6092112000222729,3.5431203073,2.7988516404704553,22.28796633505856,23.90599647666264,0.5726061483999999,0.5736824298145446,11.18851446878891,10.151061618065514,0.377987,0.42964461999999976
KOJZEP_manual,15.61444,12.78396949999999,13.71841,9.298506045454547,0.514247,0.6475318227272726,4945.62,3496.1094227272706,0.7936,0.7589036363636364,0.0026931631,0.0035230428299999985,0.0269316311,0.03242793694363635,0.3983938085,0.5046921327104545,2.4101827256,2.4132686253381834,18.42428682261049,17.150999632796754,0.3714621774,0.4076063686231816,6.910397756732356,6.342727153743168,0.39133,0.43086755954545464
KOJZOZ_clean,9.94395,10.436185181818178,7.51619,7.238241000000005,1.17869,0.954412627272728,1794.59,2394.72304090909,0.694,0.6669290909090904,0.0012036363,0.0069083805305681836,0.0119477836,0.06409365036727277,0.1763574668,0.713121993848864,1.0036932849,2.3692214545504555,20.88308392122572,22.101909560429593,0.1644096832,0.6410365234090911,7.991653284314473,9.99673630968996,0.149599,0.40844246045454546
KOMCOG_clean,8.14869,8.072938772727275,7.69355,6.3297343181818215,0.987789,1.0802830227272737,1290.95,1907.5901863636357,0.5856,0.6368309090909089,0.0064333342,0.008302312131287877,0.0588452983,0.07882435952090906,0.8060879707,0.7663671315201143,4.7123388328,3.6072089200854567,25.9799008265835,24.818626580083244,0.7472426724000001,0.7444412240745447,14.11917306987377,13.530267637654319,0.395615,0.3910431395454543
KOSLAH_clean,11.4975,13.133594772727267,10.81891,11.05150390909091,1.16812,0.9795390000000005,1342.37,1883.428000000002,0.638,0.6721327272727269,0.0011887033,0.0037729372814015202,0.0123411443,0.03030146255590907,0.191738509,0.43703261935162874,1.3987064284,1.6402160738913636,17.40122279997435,18.943382943682664,0.1793973647,0.3492522776763635,6.486275839191905,8.265269642033836,0.200542,0.2958849072727274
KOXGIP_clean,6.17141,5.763539014141415,3.90334,4.58497150275974,1.0195,1.2166224636363632,1397.97,1291.7376318181807,0.5534,0.5501568181818183,0.0067069283,0.010296138589999998,0.0640009311,0.09525020776307398,0.982448837,1.1060180669275754,4.3916169913,4.266937118584537,23.95401791063042,25.627842045023808,0.9184479058999999,1.0451422644859092,15.7059277450929,15.662350389477602,0.439636,0.5072318968939392
KOZNIY_clean,6.57194,7.2421886363636325,5.24744,5.748072327272726,1.04618,1.2375479363636364,1984.58,1697.3254136363635,0.6344,0.6106399999999996,0.0021993074,0.0046931159833333335,0.0218326311,0.05129008340242427,0.3099739948,0.6475064415768182,1.8784800756,2.7600643146131807,21.8433421578191,21.89435002627851,0.2881413637,0.6618709138486365,9.000272347280657,11.374150227882376,0.232202,0.3712667404545453
KUKPUD_clean,9.04322,7.809158613636358,8.10629,5.9709241363636325,1.11678,1.0299430318181824,1446.26,1867.4392454545439,0.65,0.6391127272727272,0.0092289815,0.0053643386254545455,0.0928557773,0.06082450442681819,1.7331794305,0.7776763148409094,7.6381866837,3.866783823017046,23.75709862507679,22.722087302794726,1.6403236532,0.6990117575940906,19.56003199122053,12.755541058037823,0.622669,0.42064719681818186
KULRIT_clean,5.77631,6.003346946969699,3.79148,5.259373457575755,1.4748,1.3899897681818176,1304.31,1022.9131346969702,0.5954,0.5323804545454542,0.0051696435,0.008241750684196967,0.0516119228,0.09038076019411366,0.7613185664,1.0195014841963326,3.8062493878,3.0373614665895445,24.32211429335752,23.363482505479745,0.7097066435999999,0.9778240148456817,15.5309744276798,15.184387979861878,0.336603,0.4267163915909091
KUTDAG_clean,8.09572,7.713616681818181,7.27616,5.533352227272732,1.05444,1.2346709560606064,1315.9,1235.1271727272726,0.5816,0.5725300000000003,0.0095455751,0.007855710211666662,0.0953357233,0.062320692946363596,1.1139697428,0.6225724004636367,4.3231581108,2.5326081225309105,28.05036696177772,23.514412930529016,1.0186340195,0.5710496035159087,15.13855462547645,11.329694590517065,0.5198539999999999,0.33400353818181816
KUVMIZ_clean,15.75075,20.908907500000012,11.00764,12.935368545454551,0.361001,0.483333390909091,4915.74,3934.5506363636423,0.8214,0.8224454545454551,0.0016802272,0.004335325620454542,0.0145464112,0.03267578102681816,0.213723341,0.4470202760809093,1.4897080834,2.210481920383636,14.77763699817924,15.284905941296941,0.1991769298,0.4249322384318179,4.061105034389108,4.639929655632074,0.352838,0.43525045409090907
LACYEW_clean,9.98958,10.154921499999999,7.17562,6.510367090909091,0.965678,0.9448830590909095,2207.96,2661.0554727272734,0.6886,0.679669090909091,0.0035758441,0.007628749680454551,0.0337700606,0.06855760042,0.5234339151,0.8196092062036363,3.2424684753,2.916264212526818,22.81751220970542,21.384802834401356,0.4896638545000001,0.7157807860127268,11.20984527859508,10.909027644193051,0.313146,0.4503807213636364
LACYOG_clean,9.45292,9.569541272727271,5.8367,6.325981318181819,1.00526,1.0267819318181826,2153.37,2213.9757590909094,0.6652,0.6481245454545455,0.0102885153,0.0071147248717272765,0.1008291063,0.06854549113113637,1.3977753958,0.7213786800654545,6.5689272702,3.7232348221593154,25.17010532138861,22.879162530793963,1.2969462895,0.6191201158949998,15.69180148996047,11.396344187410453,0.630321,0.4414548686363636
LACZAT_clean,8.2988,7.536800454545457,5.7298,5.367587977272726,0.945764,1.0477683499999997,2110.17,1952.6761318181827,0.662,0.6312045454545454,0.0050384578,0.013623208305454552,0.0526960132,0.11261418781909088,0.7459619672,1.1023720826286358,4.7831794092,4.811630114762995,22.01336786545045,24.043515510160933,0.6932659539999999,0.9520018082040914,10.8533140753018,13.455052074202271,0.474696,0.5823118513636367
LAFQUG_clean,12.86913,10.572059590909092,4.98724,6.020120863636365,0.728838,0.9461445409090915,2381.17,2080.737109090909,0.6744,0.6708045454545449,0.0100744082,0.006158688975909092,0.1043152933,0.06397851571454548,1.3378852836,0.5941854389904544,4.4319295717,2.6013578012427265,24.84218343674874,23.161540258632364,1.2335699903,0.6295176545468183,14.79652012127424,10.169206601123342,0.6464460000000001,0.38048486090909045
LAGVOG_clean,7.38705,7.248857818181811,6.71212,6.158806318181817,0.935187,1.1701794454545456,2480.9,1938.1306409090917,0.6728,0.6318227272727274,0.0019253063,0.004679988692142856,0.0191969518,0.04614295864257576,0.3037740519,0.6529124555913183,2.4187913759,3.666455113082677,17.66350579179689,20.47524373127348,0.2845771001,0.6570958132545458,7.281278368101267,9.745443237549122,0.28214,0.35098876909090904
LAHTUM_clean,7.00326,6.814998727272729,4.86289,5.180897992424243,1.1818,1.2065405454545453,1390.19,1556.800855454546,0.5612,0.6057645454545453,0.0093086901,0.009726880338896102,0.094294371,0.08681533514454541,1.4094779693,1.1262009518577272,5.3884456319,5.022434382022519,24.81648420492427,25.207978836788833,1.3151835983,1.0856338777090915,17.33103213886413,15.500341311939138,0.58441,0.5563651883333331
LAVDOE_clean,6.06535,6.501161432851236,4.45301,4.975355120129869,1.35673,1.2563904681818165,893.908,1178.3834477272726,0.533,0.5421199090909088,0.0070330214,0.012374816629155847,0.0718911765,0.11190383335590905,0.8980687843,1.115363163516818,3.0394949906,3.0930678827872726,27.64383309321726,25.66310421837885,0.8261776078,0.9689701781931819,19.13406251762628,14.387246152776246,0.340226,0.5199922640909092
LAWGEW_clean,15.06244,16.806580454545465,7.93691,9.6728475909091,0.591684,0.6997204681818187,3769.3,3552.5141090909096,0.803,0.7676436363636366,0.000832002,0.002187736581363636,0.0084052494,0.021338497984090887,0.1229293091,0.3251362899181818,0.8534757612,2.795229292760912,13.08454468225668,16.541309193949257,0.1145240597,0.31423438875227255,3.684524245441161,5.4471589708872115,0.224244,0.3635281309090906
LECFAC_clean,9.81867,12.714554863636359,4.43769,7.61273940909091,0.838672,0.9851755727272739,2599.3,2188.072013636364,0.7164,0.6801918181818181,0.0061554864,0.003042598928603895,0.0607124887,0.029399797711818183,0.7277832885,0.343566918385909,2.953680951,1.6013686861013636,23.5705695246395,21.35214247905322,0.6670707998,0.3160363558657271,10.55019509211189,9.055486195748047,0.49542,0.26753167409090933
LEJBUX_clean,6.30676,7.624249636363634,4.81909,5.947364360139863,1.04776,1.1007577045454553,2546.63,2231.4716909090903,0.7428,0.6696945454545453,0.0006556895,0.005010018174545453,0.0061998367,0.04077676133409092,0.0928936784,0.5038790417311364,0.6436555738,2.789482496992273,14.18879094881303,19.159300712515577,0.0866938417,0.4594337237195453,4.264384486741871,8.06618568585742,0.146378,0.3057745540909091
LELDUD_clean,16.5482,20.53851781818184,9.24625,9.990918772727268,0.458126,0.5012567318181816,4349.15,4062.7388136363616,0.829,0.8081027272727274,0.0016605596,0.007854647080909095,0.0161256823,0.051255602727727265,0.2463075051,0.5080223254900003,1.6625292874,2.337930799233182,15.16432814742081,16.300470586518536,0.2301818228,0.46431858116727287,4.777669902282872,5.23123404381322,0.348873,0.3918952572727269
LETDUK_clean,7.09435,7.822650136363641,6.39708,6.698177909090911,1.10433,1.33635535,2152.25,1660.6644363636362,0.6948,0.6159672727272726,0.0008746284,0.004699307346797366,0.0085246591,0.04008232945304544,0.1301949738,0.5209710185850001,0.9349916574,2.685890307505455,15.702692420843,20.035835911710286,0.1216703147,0.4876439462222724,5.037130606675599,9.142438315753141,0.173234,0.24972832681818175
LETPUX01_clean,17.65528,15.603622136363645,16.43472,12.281751409090916,1.06966,0.8015687681818179,1388.55,2074.2082181818155,0.7452,0.7409509090909087,0.0009014549,0.00516750733,0.0092100851,0.03386230074170455,0.1321393683,0.3231668194859089,0.7425767851,1.35872763553409,21.20111376152023,20.08885814927976,0.1229292832,0.29789132475727226,7.653664534408321,7.7294946719429625,0.115221,0.25070222818181825
LETQAE_clean,18.31927,18.026676590909098,17.55519,13.871304454545461,0.940384,0.8182107954545454,1454.47,2195.398763636364,0.7778,0.7542054545454547,0.0008563382,0.0029103383704040388,0.0088473113,0.03188376666272729,0.1296073778,0.27977195977454544,0.726989269,1.09261057191,20.38350214306039,20.40252588704385,0.1207600665,0.2849896342309092,6.905528451916541,7.39596579927604,0.126816,0.21066189999999985
LIFWOO_clean,4.98366,5.946831918939395,4.55513,4.540882719047621,1.07707,1.3435159818181814,1028.34,973.1250631818173,0.5242,0.5448727272727272,0.0326881983,0.011116221220909097,0.314619356,0.10818250331909085,2.7135919453,1.3521378628740912,4.6335935958,3.6640719991354342,29.13668723970106,25.205100855804876,2.3989725893,1.2224671436004548,17.04529855103842,15.239903717454325,1.30952,0.6037363072727269
LIQJEC_clean,8.59986,7.5841697499999965,6.07561,6.220117318181815,1.33584,1.151873495454544,1288.03,1659.270727272728,0.6236,0.6199290909090904,0.0012797741,0.005196150116022726,0.0123435,0.04847164922159087,0.1882176375,0.592853238257955,1.3531319914,2.529773442345455,18.70306616569916,21.906742253941392,0.1758741375,0.4969963429452271,7.678338353337472,10.092560531559572,0.168769,0.37273518818181833
LIRVAK_charged,5.32501,6.328549986742424,4.24984,4.9598243939393925,0.914869,1.186412690909091,1634.38,1301.8652712121211,0.582,0.5626054545454542,0.0146581947,0.01187450438931818,0.1460407994,0.12940229694818173,1.9390183895,1.540547270049999,5.785345382,4.11336309644,25.84660167275981,24.97209493744513,1.7929775901,1.4446152211486918,18.45483518741476,16.31491606436078,0.7771600000000001,0.544310131896235
LIVTIT_clean,5.03218,6.074748559090909,4.49412,4.868258988257574,0.873833,1.1794373090909083,2117.34,1392.6324045454535,0.6576,0.5837490909090907,0.003607237,0.008278098197462128,0.0382758271,0.0782854148359917,0.5550494726,1.1952242869959093,2.9161425641,4.212167251175848,22.07358330600528,22.282267999909056,0.5167736455,1.1315470002786372,9.827025031459835,12.465095167666364,0.387821,0.5942232591666667
LOBHAM_clean,7.0104,6.935427242424243,5.91491,5.611838616883113,1.01758,1.1971070181818184,1739.45,1563.5102772727291,0.6232,0.6030945454545459,0.0037938077,0.006024690172064394,0.0391884952,0.06306658220965908,0.618868566,0.7746269681293183,4.3984470469,3.9168547701718923,21.33920749168464,23.475473506827424,0.5796800708,0.7757903705121205,11.55966836792224,13.56629277270032,0.370268,0.41042176772727296
LOJFUL_clean,11.50657,13.485887636363623,8.6404,7.94941404545455,0.609882,0.8194050454545457,3197.13,3115.192681818183,0.7292,0.7256399999999998,0.0466249091,0.004848538500454545,0.2974861876,0.04972459559666667,1.2850817357,0.5756779987845452,4.1140873556,2.648211888747728,35.93453911970568,19.666282800946895,0.9875955480999999,0.566503869802727,13.69356573695616,8.443128478206576,0.766528,0.3965849259090907
LOJLAZ_clean,6.04161,6.363866850000005,4.90341,4.988668107142856,1.78682,1.143097895454545,779.539,1235.5951227272724,0.5636,0.5566136363636366,0.0027225597,0.007844236789075755,0.027203184,0.08410111719022725,0.4123919892,0.8434865306846971,2.1760371763,2.733411731790229,21.23088477395676,23.761424526070734,0.3851888052,0.6685930246131825,11.52386636289418,14.264184370003974,0.251778,0.3642131949999999
LOMLOQ_clean,6.7486,6.761519681818183,3.80235,5.221222393939391,1.47019,1.4533891863636368,1498.78,1378.0582818181817,0.646,0.5996063636363631,0.0037349092,0.009019099793181815,0.0381260417,0.07429131889704545,0.6049461449,0.7251429800690906,4.3167096215,2.4582770920281813,22.87650538915667,21.498789582868255,0.5668201032,0.5922304321872723,14.61681148909088,10.340879130969842,0.285455,0.5976764886363637
LOSBOM_clean,6.43284,7.102413318181822,5.09662,5.6965368181818175,0.76383,1.1034178500000007,3066.64,2268.352209090909,0.6748,0.633960909090909,0.008978474,0.007888579778484853,0.0924837772,0.07258784022136365,1.406308166,0.8634958667454549,8.5450016438,4.646949893652121,21.43919993340734,21.025060471517563,1.3138243888,0.864538304482272,11.540839663964,10.832415798442714,0.848184,0.5216617022727272
LOSXIC_clean,6.03462,9.006436954545459,5.83771,5.603115500000001,1.10745,1.368183272727273,1953.42,1814.5643681818187,0.6146,0.5980590909090908,0.0262981585,0.008012848115454546,0.2377421573,0.08044192476,1.6009099208,1.07783649115,3.7563839732,3.5640552282877263,30.09585875903207,22.21853320555856,1.3631677635,1.0747222144322726,15.80357903585557,11.509269290686436,0.823187,0.540755554090909
LOXKAM_clean,14.55985,11.631036681818186,13.78223,7.18528118181819,0.784824,0.8514150909090907,1908.83,2523.42201818182,0.661,0.6933081818181812,0.0102079011,0.007173510575909093,0.1027121058,0.05785219507409094,1.1894978337,0.7066775961820455,3.8861805069,3.439655012370907,25.7467674262807,24.157434879308997,1.0867857279,0.6200850090163633,14.02335086647889,11.583218293970354,0.628935,0.38124319090909087
LUFNAC05_clean,7.61946,6.962836522727269,5.80686,5.317791227272729,1.03101,1.2016873954545453,1429.95,1436.1496181818181,0.564,0.5782904545454547,0.0087857653,0.006004647177045456,0.0912211871,0.05220579336409088,1.2844259206,0.8033976289702269,5.8513089938,3.76129943407886,24.28520896466208,23.036539213610627,1.1932047335,0.6959485016509093,14.39014819722193,12.95751981127232,0.6341030000000001,0.45020091272727264
LUMYEZ_clean,6.00702,6.059598454545457,4.53801,4.803901886363637,1.30429,1.1682516545454549,1527.99,1450.887978787878,0.6142,0.5774354545454541,0.0032074639,0.005666754384924242,0.0322821905,0.060366571672992475,0.4847868598,0.8231117169868182,2.9930124807,3.4482197961452252,21.14127549731644,23.32977264488326,0.4525046693,0.7949994485204546,10.13027870632813,14.380865674116189,0.331469,0.404679121590909
LURLOB_clean,7.37662,7.488769318181816,6.99185,6.394886500000003,1.00469,1.1713381015151516,1739.02,1503.933318181818,0.6396,0.5935413636363633,0.0033826785,0.010471187460568179,0.0340051755,0.09450992924888889,0.5432918329,0.6987885346143181,4.5015979252,3.613262232033641,19.84295367415196,21.566379753449414,0.5092866574,0.6941200958931814,9.63832328356117,11.435806185352678,0.389284,0.3931803013636363
LUSHUD_clean,5.21289,6.454056006493502,4.69215,4.946166953977272,1.27198,1.301873831818182,845.64,1122.94448939394,0.4926,0.5539536363636363,0.0135675579,0.012440029417272725,0.1363379164,0.12562016091590902,1.5374495873,1.2149886183627256,3.4497271723,3.4763939875295446,26.85217336244972,25.594296875298177,1.4011116709,1.097631243878182,17.50282759681615,15.751788712643952,0.684322,0.4937740731818178
LUZBOY_clean,6.14636,6.716940143939396,4.66385,5.709641034828807,0.864953,1.2250283181818176,2154.67,1746.4825818181814,0.6302,0.630519090909091,0.0025865134,0.00748465845147727,0.0256437939,0.07138254490331171,0.3801067956,1.0170210558695456,2.4255139806,3.9369807691790255,19.50067102059112,22.045752221340468,0.3544630017,0.8572715256492427,8.492476157006298,11.506730388954415,0.307344,0.4923873684090908
MAGBON_clean,6.77313,7.460337090909088,5.2032,5.930061863636362,1.14435,1.3181220909090903,1918.86,1829.8560590909092,0.6464,0.6316800000000002,0.004657291,0.0049790497808636395,0.0471481821,0.05122698084646467,0.7186730539,0.690581367393636,4.8191422208,4.011236788162954,20.70540163319168,21.934303195764485,0.6715248718,0.6060104762022727,10.72620614534545,10.679997212575337,0.4634490000000001,0.401736169090909
MALRUP_clean,16.92414,17.05913668181822,16.84411,16.809003090909094,0.675419,0.6758758227272725,1975.96,2023.2377272727251,0.764,0.7675890909090894,0.0014184038,0.0015025940347338132,0.0137639723,0.0142179300102392,0.2007423264,0.21111996859224208,1.3903521438,1.4879815552731803,16.26112838096697,16.309740123905083,0.1869783541,0.21198602661984964,5.210268461429646,5.724106929206172,0.259799,0.2667082783333339
MALSEA_clean,16.90358,17.747591681818225,16.82254,16.353223590909096,0.671459,0.6681782409090928,2011.93,2152.4867272727324,0.767,0.7644990909090921,0.0014456808,0.0019507458562878824,0.0138976296,0.014943925624702814,0.2138434678,0.2324807105872719,1.4476829345,1.5230694254690857,16.35361027786076,17.236427217613095,0.1999458382,0.20630539161340877,5.401623306775038,5.509433965008091,0.264662,0.2746598140909095
MALSIE_clean,16.8944,17.14354313636368,16.81333,16.437668409090918,0.672143,0.6966104090909108,2007.15,2263.6400454545515,0.767,0.7619427272727283,0.0013283897,0.0016233397306818203,0.0136194042,0.016355662359020997,0.2133361156,0.2551057909849992,1.4448406715,1.4706660146349961,16.38310462124043,17.57988286616779,0.1997167114,0.2702802672188633,5.396318322487558,5.512974405462231,0.265321,0.27516234818181856
MALYIJ_charged,5.55641,6.08177098863637,4.36813,4.343107945454545,0.905977,1.2504150272727264,1519.02,1095.0162136363635,0.5874,0.5472568181818179,0.0174216849,0.01352752369768594,0.1694716003,0.12193209059409081,1.6128158121,1.3544091198786357,4.6547620712,4.154844729244693,29.33432805465806,26.415356029764656,1.4433442118,1.2679310961572738,17.6104755656012,16.700333957638403,0.683569,0.5272459374242421
MAPCIP_clean,9.53742,8.779992772727274,5.44759,6.884218742424244,1.58248,1.015580859090909,1155.58,2252.476700000001,0.6098,0.6653309090909092,0.0016370493,0.020366525390909086,0.0156201788,0.0692995787490909,0.2394496432,0.7012809129999997,1.8519022852,2.091044395550454,19.54756436198011,22.87561964615791,0.2238294644,0.666181650455909,8.342680989450116,11.091966161317563,0.195864,0.28273165772727266
MEQHUL_clean,6.03972,6.409190909090914,4.19838,4.703375268939392,2.27118,1.264703063636364,516.843,1334.565577272727,0.5134,0.5907709090909089,0.0001495564,0.009092583955909088,0.0016391039,0.0737813938634849,0.0251065679,0.6269179975659087,0.1707590425,2.5438665345609106,14.77276621160491,24.78915248732544,0.023467464,0.6093988723722729,4.313349084632885,12.982422171078708,0.0393478,0.3015465209090909
MILROQ_clean,19.71713,18.461118318181814,10.83562,13.524613499999996,0.59986,0.6306712545454541,2683.42,3342.6456363636366,0.7756,0.7721518181818178,0.0013395136,0.005361891852272728,0.0122751091,0.0543509876245455,0.1797046274,0.4954630795881816,1.1219055916,1.9560081374668177,17.51984831327046,19.35923007978103,0.1674295183,0.44328316076727287,5.23330137346942,7.391115526426505,0.231113,0.33232162954545463
MIQLII_clean,6.49396,6.3605654318181815,4.19114,4.666748598140498,1.29248,1.2459430454545457,1530.32,1595.9757439393939,0.6424,0.5972790909090909,0.0025067003,0.005746498034848484,0.0250742062,0.05684214682924245,0.3782788432,0.827117053865,2.4696088195,3.7204144886786383,20.5943424673455,21.612777700921036,0.353204637,0.7252951719045452,9.464101210818914,11.901887095361303,0.271025,0.4451776572727271
MITSIS_charged,7.96604,7.4486753181818255,6.5203,5.458204272727271,1.06349,1.0341881363636367,1711.79,1874.4055772727263,0.642,0.6230409090909093,0.0031669443,0.005206560855822514,0.0315868782,0.05061199817278785,0.4341603435,0.5976248864185607,2.5643461481,3.2258094363001146,22.23234385163125,22.00905118052498,0.4025734653,0.5668113931163637,9.642847784055476,10.761210193162041,0.307816,0.39028512931818204
MOTMAK_clean,5.72133,8.278721181818181,5.32598,6.46144027272727,0.997473,1.285124963636364,1375.6,1494.3332363636357,0.5098,0.5983745454545453,0.0135498238,0.01162026738280304,0.1341171153,0.09825925279518184,1.7994189352,1.057290873774454,5.5412926936,3.94580285357818,23.91318137638954,23.74352814626232,1.6653018199,0.9713541444690905,15.85399808871765,14.745978190095771,0.864647,0.41945622272727295
MOYYIJ_clean,12.42053,11.195508000000002,9.37645,8.93409418181818,0.730593,0.8406499318181825,3020.84,2658.40777727273,0.7162,0.705092727272727,0.006826535,0.00538709826318182,0.0670148089,0.04773096432446968,0.8646128877,0.5470448141118185,3.5688397761,3.422087310456362,24.18305876663493,21.21905861536869,0.7975980788,0.5112192313968185,12.71503785691383,9.157245289994139,0.477745,0.43441277954545443
MUBZOA_auto,18.72717,17.562658318181825,7.12,9.958305272727278,0.441638,0.6390971545454539,4506.52,3383.642104545455,0.8132,0.778356363636364,0.0004655657,0.0038437129970454566,0.0047234152,0.026878632292727276,0.0717299016,0.40016634837318166,0.4770933526,2.1500471199581823,11.19884494868895,16.341080074856702,0.06700648640000001,0.36125475280772745,2.691594762350686,5.441940756421586,0.179865,0.3524452890909087
MUVLUM_clean,8.4023,9.100268772727274,7.67137,6.594112363636365,1.09338,1.120281172727273,1437.62,1802.1330500000001,0.597,0.6189136363636364,0.0026400169,0.004993135645909088,0.0266153793,0.04601196053818181,0.391721345,0.7117046373204546,2.560685015,3.03363065326591,21.97618814709018,21.86979281357956,0.3651059657,0.6071008865409089,10.47773891110745,10.910082393319678,0.255066,0.38616510818181826
NANYUX03_clean,5.54429,5.895277448002761,4.75767,5.160130204545455,1.04137,1.233728590909091,1836.9,1487.0019454545468,0.6486,0.6036472727272727,0.0047650977,0.005792164462727272,0.0446772498,0.06018573050319443,0.6898281529,0.7627581931368176,4.11743934,3.7836676443331796,21.06779888487331,22.055301778072916,0.6451509031,0.7633348914972734,11.09347211337181,12.158627191601962,0.432771,0.4475952818181815
NAWWUG_clean,5.71546,5.893196799242425,4.10727,4.2305851616373795,1.11201,1.205246275324675,1485.94,1152.6241098484847,0.5826,0.5591944242424244,0.0320428158,0.013351746154507566,0.3063246541,0.1325785159013636,1.9372763267,1.3400160539295467,4.0687321551,4.26144830708055,33.79075926386724,25.392163002097632,1.6309516726,1.2567113106286365,28.56947072609138,15.887902934176637,0.498166,0.6213324656060604
NAYZUK_SL,9.49894,7.797153318181818,7.59757,6.326377651515145,1.33539,1.254301990909091,726.992,1282.8101304545453,0.563,0.586911818181818,0.017167202,0.009604341527272721,0.1536546991,0.07771564479265149,1.2214126636,0.7094544211677276,4.2375701519,2.8907909815536383,32.74967278582561,24.74569640668242,1.0677579645,0.685396375043182,24.17613039765989,13.20029461425263,0.351558,0.3737089559090911
NEHZIK_clean,7.34019,7.72283188636364,4.77821,5.652845502272728,1.20148,1.2113225227272728,1031.85,1215.024689545454,0.5382,0.5494372727272725,0.002235814,0.007863693676590911,0.021541562,0.06934430057345457,0.3321747963,0.6223305642475,2.1862879748,2.987081666567727,20.68837910757371,23.324556276576008,0.3106332343,0.672497662176818,9.820202104308876,12.124466006874098,0.232761,0.37085679272727273
NEVQAH_charged,6.33826,7.429830227272734,5.17201,5.546372086776862,1.7631,1.6004385045454546,581.65,941.1325590909098,0.477,0.5081763636363632,0.0027932529,0.008453401993181816,0.0278141597,0.06643599207666667,0.4169851801,0.5275141756513636,1.909269339,1.8542121966704534,23.66675331934643,22.72579872393417,0.3891710204,0.49714144032886337,13.81925906762048,12.079336387111148,0.214053,0.2988640227272729
NIBHUC_clean,18.86769,22.221199909090902,11.8721,10.910880454545453,0.449382,0.4293260772727274,4288.89,4912.488863636366,0.8286,0.8383872727272722,0.0012784708,0.0036735084102272712,0.0131792362,0.028634323101363632,0.2025377422,0.385409353995455,1.3856725806,2.1320959173813656,14.96746189066096,17.31961336420362,0.189358506,0.37825687631954513,4.415363845492982,5.53123309165245,0.311628,0.41376414505050507
NIZZAY_clean,8.39896,8.294301545454534,7.78516,7.3434840454545585,1.2112,1.1713042045454567,1711.74,1816.0920136363625,0.6754,0.6586836363636367,0.00444366,0.004554097349772738,0.0420054242,0.04738668794044371,0.5978223657,0.6125058376168189,2.9945014943,2.911029706965458,24.15768474613737,23.54644611919733,0.5558169415,0.5480905894113628,15.55663480276325,14.823548676828786,0.264122,0.2711080004545454
NUDLIJ_clean,6.93743,7.334073545454548,5.78938,6.14460586363636,1.14165,1.3197591045454544,1243.17,1146.4750454545458,0.5428,0.5459772727272726,0.0057428675,0.004717911298590907,0.0580148768,0.036858919743499995,0.8549128103,0.588747522178182,4.0764470362,3.0242050262618174,22.05587001629246,21.696054652742607,0.7968979335,0.5338584670359999,12.89556734386127,10.604884142156905,0.485664,0.29890981045454545
NUNPAP_clean,6.01151,6.724827818181818,4.33549,5.26296596363636,0.794607,1.1376472318181818,2762.41,1974.61805,0.6796,0.6309027272727272,0.0024257908,0.007027639934335662,0.0235060893,0.06267435518863636,0.365504417,0.7594671207868183,2.5625807559,3.9064963236036387,18.26464646778918,20.811337577909477,0.3419983277,0.7231273450859086,7.637272950150374,9.971262030964668,0.325899,0.44649914681818204
OCUMOR_clean,5.32208,6.462793500000002,3.84167,4.669345337878787,1.29298,1.2526351499999986,997.724,1111.7509409090906,0.525,0.5368059090909084,0.0025687433,0.01584231600208332,0.0257721482,0.13412067106636358,0.3663266273,1.2950804143516303,1.9223417938,3.5740783790027617,23.0984180086029,26.84837828861739,0.3405544791,1.1359947631348868,11.50313359353781,16.252150053204545,0.219726,0.5089938262121212
OFESIC_clean,7.36476,7.410901590909096,5.0904,5.192462625000002,1.82236,1.6298554227272732,481.855,925.7981454545454,0.4554,0.5591063636363632,0.0032812268,0.006756045142424244,0.0331589758,0.0544053725418182,0.4669330271,0.4536964887713637,1.9205980086,1.9133937799122724,23.93651777977242,22.328976085243596,0.4337740513,0.46582967625409094,14.26768112899787,11.421649887245623,0.243724,0.2686834718181816
OFODET_clean,6.29959,6.462468545454547,4.57313,4.675477559595962,1.15382,1.2078725090909095,1161.73,1486.4066363636355,0.519,0.5959463636363633,0.0039672214,0.010903980005252178,0.0399475045,0.10805464512848481,0.5785945005,1.2559935285540902,2.9458316323,4.4673921995655155,22.08482666127492,24.315428205784308,0.5386469960000001,1.1015109247504553,10.93953966462811,14.696709734642114,0.379857,0.5322802500649351
OHAKIS_clean,5.22451,5.949911459595958,4.43244,4.715603660984851,1.2284,1.1883527931818179,893.932,1175.3590909090904,0.5162,0.5621165151515153,0.0407347537,0.01255703414772728,0.3747902286,0.1476747360832576,2.5282061777,1.5564568274113637,3.9597759699,3.8201668606738615,29.52824519621292,25.489577534320972,2.1534159491,1.3366859027418174,15.96545034833573,17.388177351939294,1.43094,0.5644054395454541
OKIJUO_charged,4.87708,6.1649659955808085,4.03642,4.5688445075757524,1.10443,1.1760244772727269,1291.38,1377.7780053030297,0.5616,0.5669304545454547,0.0105551385,0.01367455208257576,0.1039953518,0.13523913250136368,1.3990223948,1.3337941382863636,4.4673639485,4.002436678084316,26.11197965572401,26.827757609932235,1.295027043,1.3221371259742623,19.36172277378709,17.78836942580201,0.512935,0.5503197999999994
OMUSAS_clean,18.71438,23.6930125,16.17316,13.725813681818165,0.318003,0.4886510636363637,3824.31,3735.5215363636344,0.8696,0.8365818181818182,0.0005368852,0.00839587097227273,0.0055687561,0.05399501787454548,0.0804242608,0.4078918027513637,0.54512696,1.9493649418518169,11.09013095502047,15.456187969842716,0.07485550469999999,0.3892405677331818,2.479136589192241,4.453474260236268,0.213646,0.391322161363636
ONEJUN_clean,5.6787,7.607975227272734,4.73551,5.266332233766234,3.33073,1.2315651590909094,542.898,1660.6725000000008,0.5352,0.6230899999999996,9.69849e-05,0.019093990895303028,0.0009757961,0.11357282412613638,0.0144109481,0.8848766408390912,0.099013795,2.989158428842273,14.23657601563989,24.600606587600293,0.013435152,0.8464032759011814,3.968379941592595,13.878152495273033,0.0243715,0.4145084463636363
ORIVOC_clean,11.63735,11.619193000000001,10.86073,9.363801227272734,1.22977,1.1147967090909094,1291.67,1558.3393506493503,0.669,0.6640972727272731,0.001615804,0.0017972292740404039,0.0155959279,0.020456479472878795,0.2440376928,0.32739029897037863,1.8601387351,1.756219117234547,18.53693548310722,18.39251646972124,0.2284417649,0.28438193309984866,7.291746495223453,7.397944817348874,0.225606,0.2926944365909092
OTALUS_clean,12.67704,13.073574954545448,9.31362,9.888934681818187,0.655199,0.7368545636363635,2471.76,3079.3360409090897,0.7266,0.7574418181818173,0.0021689904,0.006236139944090913,0.0211419083,0.043513127135469676,0.3009876571,0.5229072487722726,1.5383238765,2.4569081835545443,23.16044302340131,21.018178067931423,0.2798457488,0.5176803704204543,8.865698935925105,8.399875854795877,0.23262,0.3566073818181818
OTIPAK_clean,5.73499,6.194766990151516,5.10341,4.708173034951794,1.20537,1.3197264272727265,1031.31,1185.6423477272726,0.5414,0.5906136363636365,0.0324283359,0.009531303217225107,0.305215814,0.10455350512909091,2.5507181413,0.9284387177587122,4.3003623342,2.8825129278095476,27.4704358823366,25.126377112878536,2.2455023273,0.788451664367728,15.51402651497664,13.904941059184024,1.3992,0.33713669454545475
OWAVIS_clean,9.58182,9.334778409090905,5.9765,7.050979454545459,0.840674,0.8783843272727276,2788.91,2632.3785181818184,0.7226,0.6905936363636368,0.0018176592,0.003968302141363636,0.0188085456,0.04163737838954542,0.2842818994,0.5048470250559091,2.1567562091,3.187312274947728,17.01687915043805,20.360835219970717,0.2654733538,0.4719454941259088,6.141679071401473,8.411947974393486,0.314976,0.4070104895454546
OWIHIN_clean,7.33344,7.731571409090888,7.17038,6.966042886363619,1.33826,1.2790372015151523,1220.41,1345.8972136363666,0.6104,0.6063484848484835,0.011014163,0.009674890556136375,0.1151251106,0.09533221386727267,2.2443515982,1.7978050705381776,6.6467515783,6.138594541146374,24.67175030511326,24.3462906655878,2.1292264876,1.579111923706366,22.99251017539736,20.007726094984854,0.692175,0.5847674963636377
OWIJEL_clean,7.46814,7.6156490000000305,7.33893,6.949246636363647,1.32685,1.2803805999999978,1236.26,1437.4748409090905,0.612,0.6092809090909083,0.0105885716,0.009036447679053034,0.1097796125,0.09710615542022731,2.1122275566,1.561808105847731,6.7372418366,5.744281928948637,24.4424776358611,23.776824785629422,2.0024479441,1.61444914336432,22.43984300734808,19.175606429827003,0.66764,0.5880328674242438
OZUKOL_clean,11.66314,12.451396999999982,11.04095,10.506038772727265,1.07501,1.1882229136363636,1461.09,1430.1887318181837,0.6578,0.6755336363636362,0.0011102913,0.0029787627025823025,0.0112274207,0.026277795634348143,0.1714246321,0.2706945692810796,1.241515823,1.6677182415813656,16.79271892974068,18.704214956088503,0.1601972114,0.23759678458937855,5.82138590344906,7.284424736175704,0.1983,0.25005113257575756
PAVKIH_charged,8.78156,8.042674363636369,6.51511,5.535914706060602,1.29997,1.2552937090909089,987.968,1288.3027727272727,0.5538,0.5795654545454543,0.0010896051,0.009415953110568177,0.0102307735,0.06290004860359848,0.1568839437,0.6694688345395458,1.0031499461,2.7695085596195437,21.26255041034439,24.29643290247887,0.1466531702,0.594023336613182,8.543807698605882,12.351743560859363,0.125835,0.35992987318181824
PEDRIA_clean,15.09269,16.955311454545477,7.93434,9.519033136363637,0.589901,0.6739055772727275,3806.46,3760.4126318181798,0.8114,0.7729690909090908,0.0007792409,0.008317656400909097,0.0076950038,0.05399275427000002,0.1157903261,0.4676506146322727,0.8088682788,2.311650765085454,13.00293722547847,16.277989551420326,0.1080953223,0.4732802142354546,3.550450494602056,5.2696226122187415,0.216331,0.4805292081818179
PEWXUL_clean,5.34544,6.029023253787881,4.38509,5.234831636363638,1.05997,1.448128231818182,1016.58,1135.8210943181825,0.5136,0.5520363636363632,0.0467061458,0.01442951046409091,0.4459592648,0.15784250004545447,3.0403568849,1.632139287235456,5.0507518572,2.9873930539754574,34.91689014692929,24.885620100900702,2.5943976201,1.3688983611895458,23.98043987839275,15.227933311485728,0.947233,0.5696135381818181
PIBPAS_clean,10.02705,9.410090909090908,9.63343,6.8359004999999975,0.905218,0.9757627545454551,1864.01,2201.0538181818188,0.6458,0.6427209090909087,0.0018450026,0.004154938774318181,0.0185510096,0.042877077223181834,0.2776647,0.5334246794245453,1.7953212432,3.1882411481277266,19.78067648134284,22.230434494692545,0.2591136904,0.4509310803945453,7.9383719854612,10.278570918122911,0.242164,0.39083458136363614
PIZPOD_clean_h,4.95479,6.075443162878788,3.97477,4.65002778257576,1.78246,1.2639951499999997,867.502,1224.6258666666668,0.5566,0.5675086363636358,0.0027196707,0.010346476364090907,0.0268610756,0.11766303139272725,0.3844157502,1.039708125748636,1.9794838211,2.7732533694609103,22.63874244037154,24.53293845251256,0.3575546746,0.9990409940540911,12.28041580113914,15.551110416163759,0.219474,0.4784067722727271
POMMAH_clean,14.83525,13.142605818181817,11.96507,9.313922409090917,1.26278,0.9733867636363638,1162.95,2375.7068045454553,0.7018,0.6822563636363633,0.0062604358,0.010108431844545457,0.0580868921,0.08631168801818177,0.5000437462,0.7368432174240911,1.5481852199,2.4917619364913643,26.70941772280507,23.3353645885774,0.4419568541,0.6849308868077272,11.38843438004894,9.233105732678808,0.34287,0.41960626363636366
PUBSAH_clean,11.33641,9.106384954545439,4.82375,5.907298454545455,0.84337,0.875130222727273,2760.47,2635.197736363636,0.7052,0.6864063636363631,0.0096434163,0.0073605017253636305,0.0942852778,0.06768441751045463,0.8693783203,0.7272868015677271,3.2531959818,3.381191368219998,26.60214713689188,23.460016627158378,0.7750930425,0.7011005392990901,11.59642089635129,10.590019079263799,0.5531780000000001,0.5611058150000007
PUKSUL_clean,6.59798,6.747061545454545,4.14111,4.808286725378791,1.5702,1.4487726181818186,1785.8,1281.1710477272734,0.6962,0.5890601818181818,0.0002069309,0.0032637798036363615,0.0020903256,0.03415992093939392,0.0296363881,0.39396802122363606,0.2026791388,1.636542971807273,13.54884295360522,18.575684515151075,0.0275460625,0.4051423671950001,3.939823776633072,8.067209824128874,0.049626,0.22732191500000024
PUKVAU_clean,6.34308,5.911046570075756,4.86227,4.902803203443525,1.0986,1.2648394500000002,1226.86,1188.4241833333326,0.5706,0.5557881818181817,0.0031457371,0.009984258375997953,0.0306652894,0.07202715622831818,0.4731016389,0.7845799655227269,2.8296936168,3.4509837371716676,23.6415590364646,24.140357055152815,0.4424363495,0.6934507692918184,14.55637419405595,12.939564849136602,0.224963,0.4301128629545456
PUMDIM_clean,7.80071,6.946362181818185,4.22996,4.734510196969699,1.22507,1.1836472227272734,321.387,1532.597245454546,0.564,0.5946263636363636,0.0107314093,0.010712587728636369,0.0989586497,0.09944896749590902,0.950880284,1.1058866579068185,3.6217244748,4.0244172365438615,29.15724581796851,25.012573296844018,0.8519216343,0.9494306701363638,13.43255490964422,15.354346464962859,0.530374,0.5529468522727278
PUZLUS_clean,15.09144,14.912719409090906,8.39804,9.167883409090914,0.46153,0.601681795454545,5034.3,3612.643813636362,0.8014,0.7833654545454546,0.0020356609,0.003678273442272728,0.0215188373,0.0380359970031818,0.3290163309,0.48077337258818204,2.4588177198,2.2411191440063654,16.36268894402577,16.309041181890382,0.3074974936,0.4619169319477269,5.622562474200448,6.801835714956871,0.39635,0.37116121227272736
QIWCOQ_clean,7.90536,6.901131604166671,6.37424,5.691161878787878,0.88756,1.146130922727273,1921.9,1562.2669409090918,0.6366,0.5930981818181817,0.0070009228,0.004875915569735931,0.0678581323,0.041451922346874996,1.0378699808,0.6465761705584095,6.9735085086,3.5865279609318157,22.77836690591169,22.22142334154918,0.9700118485,0.5929291209402272,13.69938496115955,11.532723627822639,0.522304,0.3912665680303031
QIWQES_clean,6.44452,8.064309659090902,4.39633,5.73706340909091,0.848839,0.9548663863636367,3129.72,2491.4090818181835,0.6752,0.648458181818182,0.0033940479,0.007692083634090908,0.0348241894,0.08552813632363639,0.5255666668,1.0745656617000003,4.0473571638,4.117503464036905,19.56705664973244,21.738787740161563,0.4907424774,0.9810561966649997,8.600979498659559,11.504544117472573,0.411217,0.5832241245670999
QOFBIY02_clean,7.03275,6.832806977272729,3.83288,4.824148617424243,1.33192,1.1758979454545457,763.856,1240.7649545454537,0.4894,0.5608222727272727,0.0067193201,0.006926187966212121,0.066068356,0.07281514309912882,0.8219704828,0.6963168525046591,2.6438944123,2.868055379638637,26.11173109623465,23.789482800955174,0.7559021267999999,0.7321268487465343,14.7709838248961,13.115599994356389,0.415028,0.36350967636363635
QOZPOM_clean,4.94177,6.616652147727278,4.05577,4.743034371212121,1.11879,1.196906304545454,717.419,1335.6822772727273,0.5788,0.5860290909090905,0.0118720632,0.023575637738181797,0.1184588675,0.19061204402136372,1.4639331094,1.611949088479545,4.6473255087,4.398235284586135,27.59483808829928,27.159810324870882,1.3454742419,1.4603052096709086,19.07720126614133,17.062764831195945,0.5453790000000001,0.8267977454545454
QUZVEO_clean,9.48553,8.038010727272724,8.8403,6.843200499999997,1.4036,1.2818781772727268,1139.94,1834.828190909092,0.619,0.625939090909091,0.0010400379,0.005101690286681818,0.0101860204,0.05204987044577269,0.1568472485,0.5956195387647727,1.0397256648,2.7281398060448483,19.34199135488905,22.178975926184048,0.1466612281,0.606737420251818,7.492225622695599,11.562706016542739,0.141692,0.3520827077272724
RABHIH_clean,6.97329,7.09266763636364,4.88825,5.8354859090909095,0.93136,1.1588461136363637,2352.75,1597.0810477272726,0.6512,0.6133427272727271,0.0044939501,0.005051752932651514,0.0450512713,0.04630063354757576,0.6361059127,0.6413263309821817,3.3834934609,3.9176654826868202,23.28769248905163,21.18518944116076,0.5910546414000001,0.6321791420277267,12.34527638621321,11.417568468813823,0.352838,0.32510455000000005
RAHBUZ_clean,6.80616,6.308934818181816,5.48586,5.385572000000001,1.14478,1.18556785,1734.22,1971.0213454545453,0.6386,0.6320136363636366,0.0041850935,0.0055912621478053605,0.0423325533,0.06196866580606057,0.6347059714,0.7461066244245461,3.9704603979,3.8461612336081834,22.00984579476322,21.800490753679423,0.5923734181,0.7155498634286364,11.08208646134226,11.896552334869309,0.404084,0.4545023468181822
RAKDAJ_clean,8.45824,8.291681909090912,7.8928,6.45181804545454,1.20511,1.023463822727273,1707.09,2078.237404545453,0.6724,0.6600981818181818,0.0042145646,0.00581765774340909,0.0428842813,0.056115643515530333,0.5838416239,0.6615104337621213,2.9237722519,3.5411495490850005,24.08792517810057,22.411669138575256,0.5409573426000001,0.6767113790836365,15.6622586771856,12.717049943600308,0.256057,0.3967802022727272
RAVWAO_clean,17.92516,17.609208272727287,17.51395,16.484090636363636,0.536552,0.7421258545454552,2738.65,2281.667895454546,0.7562,0.7441554545454541,0.0032588264,0.0025205691372727247,0.0318966997,0.026364252997130664,0.460477694,0.3867302086627271,2.6016310951,1.8323470313204542,20.5501079953227,18.73114801265249,0.4285809943,0.3117817837165908,7.912443207410447,7.207851218379226,0.3989800000000001,0.30181075909090904
RAXQEO_clean,8.85312,7.512616318181824,4.24768,5.202969522727269,0.848051,1.2827763727272716,1684.3,1509.3710500000002,0.631,0.5733820454545451,0.0032525265,0.006261891562590911,0.0338539657,0.04854991805177269,0.5210551619,0.5749099200335226,3.688422934,3.0123461571213626,22.2927717542936,22.74373685942795,0.4872011962,0.5618572565315909,10.0359400141076,11.199518920332434,0.353282,0.3382301604545453
REFJET_clean,6.27741,7.327292668181821,5.87074,6.21643959090909,1.48318,1.4134362772727282,831.987,990.9697727272729,0.4452,0.5394218181818181,0.0040916044,0.007445445657727267,0.0401703704,0.05690950859500001,0.5674675756,0.7278032360759088,2.5293630695,2.753019051284095,23.15648311558582,23.170330264054666,0.5272972052,0.7080344937072727,12.93352718082548,13.22544222966513,0.31368,0.4089863036363635
REXGAE_clean,16.86752,11.998015500000001,8.38436,9.168127818181823,0.654639,0.7386889863636367,3401.91,3087.365354545459,0.7522,0.7472899999999996,0.0109406749,0.0051178811375454545,0.1098901796,0.043260635736818175,1.7433956867,0.45285644544545456,7.0047078804,2.5856185603604542,23.37646091017394,19.477360319838656,1.6335055071,0.47454985190909116,15.28897253706348,7.37123761935688,0.8136690000000001,0.3552410463636363
REZXUQ_clean,15.26291,17.090999363636364,13.95995,14.84640781818181,0.361934,0.6532102318181818,4846.42,4151.542872727273,0.8582,0.7419627272727274,0.0005145771,0.010420280475454548,0.0063476504,0.05941889444500003,0.0957617189,0.431941795022727,0.6435740232,2.1800912826063628,10.95016713863172,14.25247869409143,0.0894140685,0.3817680808872725,2.638038025863117,4.28796119397842,0.239058,0.4634879018181821
RUBTAK02_SL,8.49537,6.841736318181817,3.88559,4.999606962121214,1.23841,1.184317895454545,1336.08,1246.005140909091,0.5866,0.5581454545454548,0.0054785668,0.007663763607992426,0.053918757,0.09175370807030299,0.6977577473,1.0460201686330677,2.8169593111,3.773938068440907,23.37242213225258,25.308905730071924,0.6438389902999999,0.8831943691490908,13.38839586729018,15.765208978657865,0.38598,0.4949219916666666
RUFZID_clean,10.67067,11.048688045454536,8.77989,7.416228000000003,0.799166,0.8802857363636367,2439.99,2194.069222727272,0.71,0.6857745454545453,0.0024514409,0.004306450771969698,0.024494797,0.03829440147363636,0.354287836,0.46935592707590906,1.9928645245,2.75908244878591,20.79684114705933,21.18808008502168,0.329793039,0.45634445063636403,8.059719568610562,9.085802448945529,0.297843,0.3387729454545451
RUWZOA_clean,6.55761,6.380901812121211,6.38772,4.925233984848487,1.0684,1.1733782136363626,985.194,1233.0420704545447,0.5174,0.5581193506493506,0.0022201134,0.01448039064075758,0.0209077501,0.13139072711068175,0.3486553603,1.2997702449954551,2.5503973604,4.245964974291779,22.45743490809702,26.48875903617929,0.3277476102,1.2988603619450003,13.17248303368711,16.313391884806585,0.182239,0.6187350172727274
SACDOR_clean,8.1061,8.049668499999994,7.63768,7.144700954545448,1.2392,1.1840942045454537,1638.54,1926.6712181818161,0.6692,0.6663209090909085,0.0044495849,0.004239467162962115,0.0454379046,0.04105883834655299,0.6180755804,0.6076756975420826,3.05346195,2.9747788265568222,24.41786424316019,23.4127657400916,0.5726376758,0.5471009089263631,16.53070495399018,14.773012660623863,0.258305,0.2711802818181818
SANHUN_clean,6.50583,6.738796004545452,4.8025,4.988814500000002,1.599,1.3511536000000004,799.196,1129.5023840909087,0.517,0.5570250000000001,0.0143817801,0.007081980708409094,0.1455545715,0.07666785114477273,1.7351999664,0.9035645402199245,3.870330543,3.296811288122499,27.08757861849157,25.29477587900752,1.5896453949,0.8438950260459095,18.66389820042677,15.083207851759148,0.730537,0.45244176204545455
SEFBOV_clean,5.65834,7.2452192272727265,5.15011,5.866386090909088,1.02534,1.1618766409090904,2419.17,1638.7124136363639,0.6702,0.609184090909091,0.0032746301,0.008120700149545456,0.0333083915,0.06815730236318183,0.5202745363,0.9953729295809083,3.8460004732,3.736988110636743,20.35116983179597,21.675063681752714,0.4869661448,0.8522028424000002,10.58077791122381,12.107648156196825,0.333373,0.4504670131818182
SEHNID_clean,5.75155,6.875490420454549,4.35756,5.672238636363633,1.44623,1.3707270772727274,1016.22,1119.8065606060604,0.5848,0.5656763636363633,0.0004225139,0.007558248656515155,0.0043194501,0.06029061605325762,0.0652406731,0.6579479476071821,0.4189593132,2.564231895126972,17.16851859477593,22.689522517446964,0.060921223,0.6349114557131817,6.15631062633041,13.30984970100539,0.07302789999999999,0.3326589045454547
SEHSII_clean,5.51627,5.9394917007575785,4.61799,4.7631198257575775,1.32529,1.267634845454546,1693.46,1669.405193181819,0.6396,0.6202799999999995,0.0036330812,0.005227600008528136,0.0350027927,0.06019964662204548,0.526965621,0.7879884629772723,3.3017992052,3.5073100493681806,21.04405057465566,21.264598007833783,0.4919628283,0.7419448135300005,10.66469061383152,11.414457365434169,0.342174,0.43400093318181776
SETRAM_clean,8.05582,8.192756651515158,7.60574,6.842911772727274,0.990751,1.0324447636363636,1807.25,1713.577504545454,0.6356,0.6372490909090909,0.0028507237,0.004226373429300965,0.0300037841,0.046230057295113626,0.4888842136,0.6189823025031816,4.1722774745,3.09739726954909,19.19424016632679,21.50467328934477,0.4588804295,0.5384256787049999,9.23306361969108,10.388927180408254,0.360249,0.4057016727272728
SIVQAR_clean,8.43693,7.531026454545457,5.95196,5.334241818181819,1.35381,1.148804722727272,1164.9,1696.3826090909095,0.616,0.6083072727272726,0.0031886166,0.00475132936522727,0.0312930116,0.041594034770909054,0.510078711,0.6195055418616667,3.3873939536,2.507103282590455,21.27734680053469,22.343634165119568,0.4787856994,0.561489104903788,11.12179349584605,11.48528598137861,0.319964,0.3595691222727275
SOKKUZ_clean,6.70484,6.748796416666663,6.32665,6.282825136363637,1.05966,1.050153190909089,2157.74,2172.988545454547,0.6502,0.6499872727272734,0.006203946,0.006477197690000005,0.0638350681,0.06158901517818204,1.0147623161,0.97687098895773,6.305499143,5.965964101468524,21.95543675881714,22.01643403771058,0.950927248,0.9131262616240886,13.51838638721751,13.273232992879649,0.528151,0.5191621040909108
SOMFEG_clean,6.71551,6.696783022727296,6.34258,6.2912829999999795,1.05531,1.0593832727272745,2164.44,2164.21004545454,0.6512,0.6477990909090914,0.0063138111,0.006566210042272734,0.0620909593,0.0667488108672726,0.9830730955,0.9873607414918151,6.1540638079,6.151655490729533,21.85036655985033,21.994551564672232,0.9209821362,0.9351865684596965,13.30396885346931,13.484927966444726,0.519782,0.5220586419696951
SOPLAM_clean,7.99336,9.949660818181824,6.43639,7.521133772727276,0.786263,0.976971881818182,2808.75,2163.2065590909087,0.6702,0.6646936363636368,0.0041219413,0.005139586341780303,0.0416242813,0.046613828013636366,0.6377518529,0.5918070214013638,4.7364499101,3.5248125896045455,20.41721173928171,21.262732453320467,0.5961275716000001,0.6017340519781821,9.698997245282609,9.990039134376266,0.457551,0.40479917166666674
SOZRUW_clean,8.81736,8.199703636363635,4.01112,5.744121795454552,0.978332,1.0431673500000007,1834.4,2048.2053909090896,0.6308,0.6458999999999999,0.0060389175,0.009449145747121206,0.0614874963,0.08332749105545458,0.922779631,1.0310695164890904,5.9307371847,4.099250020229771,22.09652106542446,24.02399195998154,0.8612921347,0.9231761012318185,11.84862883278255,12.9503864796811,0.545875,0.5033267772727271
SURHEU_clean,8.75392,7.723847318181823,3.85708,5.029144590909087,1.61914,1.438691504545455,1029.58,1333.1913727272722,0.569,0.5832018181818186,0.0181516265,0.007454271450000002,0.1768919938,0.06537692148090905,1.7361938299,0.5912445835486365,4.5143674237,2.34526642581818,27.38811751777722,23.69923724139644,1.5593018361,0.5471882716454544,19.33563799061345,12.559914373692454,0.760662,0.31591298136363666
TAQGEZ_clean,8.38886,7.842975772727275,8.25863,6.378479590909092,0.927218,1.0406868454545455,2092.05,1975.8164363636358,0.7086,0.6421272727272735,0.0016626435,0.003827332035568183,0.0165087765,0.04210925249863634,0.2424759102,0.5354965749095452,1.6855925688,3.6868654158305296,18.47215183673165,19.748264244910615,0.2259671337,0.4950189631833334,7.441221736250678,9.00131260398504,0.223872,0.40715646541322315
TAZYAV_clean,6.36917,8.784421212121208,5.18527,6.368814136363635,0.882052,1.09668145909091,3308.15,2409.907068181818,0.7278,0.6583427272727278,0.0006085611,0.00854908040181818,0.0062525863,0.05000150280727272,0.0951963503,0.618843410185,0.6352909153,3.024540937078639,14.47847594176728,18.616999357566897,0.088943764,0.5780647293745453,4.470893985167026,8.231679410140378,0.142051,0.37216276590909075
TIDMEA_clean,6.05011,6.976388034090906,4.95275,5.9313930909090935,1.747,1.3336950636363634,852.276,1484.4793886363634,0.5394,0.6028363636363634,0.000362546,0.004948340121969695,0.0035916405,0.03956973195106059,0.0533943695,0.4954116520181817,0.3712809343,2.127950257578636,16.83109821469489,20.94497702993127,0.049802729,0.40074188945863615,5.928562839972868,9.80883917614002,0.06092819999999999,0.25132648909090893
TILWAM_clean,5.60602,6.710912499999995,4.41216,5.353486736363637,1.12946,1.0757081681818175,2486.52,2063.1952500000016,0.7174,0.640479090909091,0.0009204179,0.005721501253181824,0.0089358437,0.04990301079136367,0.1342425135,0.6610815357649995,0.9444381792,3.5752285508895447,16.04213485016018,18.640600330354065,0.1253066698,0.5886530573372727,5.437567203420678,9.574707651095071,0.165425,0.35826203590909084
TIVYAZ01_clean,8.9528,10.166565590909082,6.92043,7.355973090909093,0.77854,0.8666169818181811,2748.28,2864.9466363636357,0.7276,0.7037836363636365,0.0011372495,0.004882831489090909,0.0118315678,0.040398625713272754,0.1755798403,0.6168599763054543,1.2145772099,2.8349730498554537,15.75355622061908,20.649521912379928,0.16374827250000001,0.5127828242486361,5.13706157055995,8.874814436720667,0.232988,0.383896951060606
TOFTIT_clean,20.17115,20.26131963636364,6.28286,9.502432045454553,0.598403,0.5344659227272728,3773.78,4437.124499999998,0.7822,0.7995100000000002,0.0026446348,0.0026250301463636347,0.0268294925,0.029429959361363636,0.3794007353,0.34501640122499994,2.0931925885,2.0636760033386365,20.26835245588422,18.239113933263226,0.3525712428,0.35210443545181813,7.266663485378379,6.430646188310174,0.354256,0.3868540599999998
TOVHUJ_clean,8.92456,10.154872500000002,5.42795,6.475434227272723,0.747114,0.9734393954545455,3427.22,2574.1565727272728,0.6974,0.6889027272727272,0.0024168263,0.006977564092878789,0.0244500111,0.059891127866818224,0.3681640741,0.7828171541977272,2.5991868734,3.8519122719518175,18.01741716908435,19.345080549404994,0.343714063,0.6347540987827269,6.902915631687176,9.0711038086396,0.361511,0.5184214045454546
TUNJET_clean,6.14578,5.747726696969697,4.61369,4.625514609848486,1.50948,1.4578602181818179,761.861,1232.395131818182,0.5096,0.5691699999999996,0.0064477434,0.011848057273636364,0.0647519559,0.1228730051172726,0.7742269677,1.311793121629545,2.4075634541,2.8919787901640897,25.64160752480598,25.876427002155882,0.7094750117999999,1.1944584458659098,15.30266050077764,14.97301182464901,0.377231,0.6115445495454541
UKAQIH_clean,7.0082,6.987269965909085,4.78738,5.657860590909089,1.16844,1.2810515500000004,1466.3,1290.4411659090915,0.5844,0.5708563636363634,0.0082638209,0.008144255249415587,0.0822347355,0.08030186548621213,1.0499308666,1.0369320008122729,4.7261970041,4.215018908293136,24.6924130531166,23.490113045205003,0.9676961311,0.9924603803486365,13.98618312087079,14.879721684153042,0.5503250000000001,0.47933745227272706
UMELAB_clean,6.29398,6.2339547272727325,5.39006,5.289067,1.61584,1.3552457984848478,807.638,1117.0808881818173,0.54,0.5298099999999998,0.0057668828,0.008935699326484846,0.0580580459,0.0704573827343333,0.799506151,0.7864708464447929,2.8670594097,2.591831200072729,23.70401803243622,24.36658181499896,0.7414481051,0.6486096538072732,15.57982558974066,13.639441108278955,0.380553,0.44070889499999993
UMODEH20_clean,9.81757,8.681262227272718,5.20485,6.1117143181818205,0.582326,0.8507291136363638,5015.39,3042.430818181818,0.7482,0.6877627272727272,0.0033466144,0.006448104351818181,0.0343528823,0.06783171799590906,0.5249291197,0.6516808363249998,3.997214026,3.115303310462274,17.68695380059809,18.609175702384665,0.4905762374,0.6125633275886364,6.756880151752124,7.978778274292748,0.519856,0.4760535222727273
UMOYOM04_clean,9.1769,10.031874045454538,5.34749,6.578562954545458,0.570426,0.7153384136363635,4967.52,3461.9136454545446,0.7508,0.7305909090909093,0.0023041515,0.0051423536318181825,0.0243358791,0.04802344246181819,0.3723820961,0.5728033355940908,2.7043639651,3.3698882213674994,16.67752338034312,18.493833467210102,0.348046217,0.4839761249272729,5.896704106227218,7.692449268759113,0.422311,0.46596406136363594
UNADIX_clean,6.75931,7.5956884545454555,3.87519,5.135886003030306,1.24165,1.2181479272727274,1499.83,1544.6659500000003,0.6188,0.607300909090909,0.0061695655,0.01098369333712121,0.0614982291,0.09174532136859093,0.8955023397,0.8237491357859089,4.3954475031,2.871124106335001,23.11256875325822,23.788816854293433,0.8340041106,0.816688958974546,13.98552247952124,12.863735384698881,0.452986,0.4329691713636362
UTADIE_clean,5.9737,7.181559999999999,4.97659,5.782849954545451,1.5664,1.4512882136363634,1261.66,1411.4739318181817,0.6122,0.6319890909090902,0.000644685,0.00932978657795455,0.0065897607,0.06292096368863638,0.0991766923,0.5813121154509088,0.6681779156,1.8476453604927277,17.25539538020575,21.011851926628193,0.09258693159999999,0.5055617181200003,5.938539938186085,9.917894472985115,0.11306,0.2451351254545457
UZAROE_clean,19.54541,15.0968666818182,7.16489,8.374193454545455,0.922216,0.883646840909091,1629.78,2581.8439818181832,0.6638,0.7033918181818176,0.0011113379,0.01582982669,0.0110250612,0.11632225481500004,0.1567207294,0.867703415245909,0.9059280992,2.418857188033182,18.21413569733634,24.022004239304778,0.1456956682,0.7907389282390913,6.231599893271865,11.122368440532497,0.173711,0.4961821681818176
VAKBIU_clean,5.76642,6.04703471590909,3.81153,4.5520119203463185,1.03317,1.4333586636363633,1169.08,1006.285163636364,0.5546,0.5558836363636359,0.0205751081,0.007906918820227274,0.2087083956,0.06650049568181822,2.3833402944,0.8475625792250001,6.1254807866,3.9310197248435212,30.09849073782114,24.591425555874398,2.1746318988,0.8604715137477275,22.846364884968,15.524539845114047,0.7579699999999999,0.4162689913636359
VELBAQ_clean,8.45052,9.065752272727263,7.3406,6.795898818181816,0.767479,1.0239408636363638,2764.47,1812.0078636363633,0.657,0.6345054545454542,0.0060271293,0.006348532262727278,0.0613871616,0.04986706458079546,0.8204414738,0.6111852480286775,4.1615998551,3.5443649817178033,24.19398339664002,21.937141869454468,0.7590543122,0.5713358478668183,12.3189156148514,10.639208762320592,0.458221,0.33764324136363644
VEMMOQ_clean,8.8382,7.868772818181808,8.57859,6.3081646363636334,0.859762,1.0034886954545457,2145.04,2223.618227272728,0.7008,0.6692672727272732,0.0024254915,0.004109652778484845,0.0237703832,0.04370212486781817,0.36374155,0.590773224193182,2.6598177589,3.5365671833547734,19.18722833078851,20.167943972090868,0.3399711668,0.552564903731363,8.07811870743657,9.54664325468797,0.302106,0.40719399863636374
VILXOE_clean,5.3607,5.798665488636368,4.59016,4.657682680769231,1.2053,1.3726444090909093,1064.32,1173.8177833333334,0.529,0.5779349999999995,0.009986416,0.009113981119166666,0.0985624543,0.09122720670295459,1.3065761137,1.0105202844399996,3.6266043364,3.704412268859783,25.32708151310793,23.85347398269048,1.2080136594,0.8487745303837887,15.98254190237387,15.128987991891151,0.595702,0.41346342677685927
VIXPUP01_clean,10.93877,10.986797500000002,6.90793,7.590745727272722,0.690693,0.7742025272727278,3408.24,3349.985636363632,0.7722,0.7341472727272726,0.002634313,0.0070296240933712135,0.0270924801,0.05216907935613637,0.3840882434,0.6166977780672732,1.9550889996,3.1488330746431825,20.96640965399451,19.36773111310195,0.3569957633,0.6300187479763635,7.754702560440096,8.621757871160062,0.337139,0.4716353359090908
WACLEU_clean,6.11102,6.681021121212119,5.03298,4.823945783441558,1.15501,1.2453190772727267,1200.86,1492.227379545456,0.5472,0.5789400000000002,0.0060607925,0.006432301350950762,0.0586906384,0.06579812891416668,0.8460363179,0.8274299436220455,3.5565896289,3.568473130311364,22.56213605092178,22.683485312947187,0.7873456795,0.7487779640609095,12.64918479294284,13.019885046164324,0.4826029999999999,0.40543921363636365
WAVRES_clean,14.9385,9.815982,4.22033,6.891962454545454,1.02521,0.8717810727272723,1909.57,2389.782090909091,0.681,0.6594536363636369,0.0156733973,0.009575357529772724,0.1556014003,0.07999474058318184,1.9130558206,0.9490137371236352,5.7119518342,3.69634799157,26.48741844273818,24.13762338462662,1.7574544203,0.8615854751663633,18.1171718505538,12.23744388987191,0.7775650000000001,0.5277113118181822
WEVQUJ_clean,8.44067,8.130022409090916,7.27418,6.319560704545456,1.48575,1.4602775545454543,729.214,753.9644659090908,0.5778,0.5545527272727275,0.0004297795,0.0035406493535443677,0.004339073,0.03164054737054543,0.0660306385,0.37485619675431836,0.4956231462,1.9070184371018173,16.63422409250277,20.029450602101466,0.0616915655,0.36738534531446976,6.082580300346897,9.814989154722273,0.0750426,0.20811261318181823
WIJXIY_clean,14.24395,18.718844227272744,11.55698,13.305485636363628,0.475086,0.5197375818181821,3642.38,3954.999381818182,0.8226,0.8235081818181824,0.0008688774,0.005210075979318182,0.009375688,0.03196734316045454,0.1406262217,0.4566753771572729,0.9761360401,2.620257718258635,13.86348502535116,15.298032186893442,0.1312505337,0.42022089701272725,3.686966269469463,5.632750281458365,0.254973,0.3435900859090908
WIPZEC_clean,5.45688,6.261881043939392,4.84274,4.68295013677686,1.09301,1.1372947499999995,1311.34,1471.9901628787875,0.552,0.567765909090909,0.0271921971,0.015456861329090913,0.2726289585,0.14793775088613623,2.8263063577,1.5522294948414654,5.6859678922,4.384962246747992,28.44094673904844,26.39140442166543,2.5536773992,1.2836192671754536,19.43984063577083,17.2174672204489,1.11389,0.6333508066563359
WIYMOG_charged,12.0545,12.509558818181823,7.54941,10.49904659090909,0.408102,0.5788583909090906,7043.44,3972.0143590909092,0.8306,0.7804463636363633,0.0009675106,0.006168098848181818,0.0102453116,0.06480836356984851,0.148209376,0.5949982371140912,1.009106168,2.628289799595453,14.33989408783672,15.791820030149843,0.1379640644,0.5592928912481816,3.758559567107143,4.973507647491466,0.264898,0.4855977286363637
WIZMAV02_auto,12.74499,11.319395818181812,5.77928,6.968323590909093,0.733163,0.8719508818181828,3075.61,2488.0887681818185,0.725,0.7011781818181813,0.0006896511,0.004358337664577921,0.0073032281,0.045141349174545424,0.1142934571,0.5394101713781819,0.8110827225,2.839768139716364,14.31127984361393,20.551013957765736,0.106990229,0.5554659334054544,4.178519092457112,8.746091536023554,0.182957,0.407931991363636
WUZQOZ_clean,6.97207,7.58194736363636,5.82661,6.277730681818182,0.933596,1.1279121409090913,1821.49,1869.2177409090903,0.6474,0.6340395454545462,0.0023090384,0.007400464637333337,0.022623791,0.05657586070909094,0.3545789717,0.7742212124379091,2.5760932769,3.8673736698048478,19.23907902250692,21.722803766738455,0.3319551807,0.7497208266500001,8.727815299520012,11.042512501450608,0.27648,0.41859796727272713
XAHPON_clean,17.29514,25.203439636363633,15.33221,16.543601045454523,0.284265,0.3621653272727271,5193.45,4987.216322727269,0.8856,0.8793172727272728,0.0016225412,0.0036527632331818166,0.0158917726,0.03373711055818181,0.2377338944,0.365783339927273,1.5354613142,2.2410676923204536,15.04207238545982,14.263101518895422,0.2218421218,0.33939665820590875,4.066269403277716,3.9742988995114668,0.394183,0.4742639559090907
XAKZIT_clean,12.23219,10.23104663636363,8.02038,7.193827363636366,0.853098,1.071682804545454,1920.72,1915.9371045454543,0.6458,0.6462281818181811,0.0092136612,0.006140114117196968,0.0907748868,0.06006096111727274,1.0231279559,0.6431110392395458,3.0932530087,2.9262539780309087,27.74338548077052,22.95200388930025,0.9323530690999999,0.5550146557913633,15.16234532055755,10.578119603289737,0.480169,0.4107612045454547
XAMGUQ_clean,8.47788,7.1716059545454565,6.65907,5.382231808441556,0.938367,1.1574922727272723,1877.06,1737.6021772727265,0.63,0.6070854545454548,0.0035582273,0.00754738667636363,0.0351707552,0.06563106327477272,0.5124838972,1.1381053466681808,2.9134510901,3.7271985815717086,21.33760247230189,24.401553002220123,0.477313142,0.934462958362046,10.09880869412961,12.53382049963374,0.356183,0.49455683409090895
XANMUX01_clean,7.00841,6.968999890909087,6.87174,5.64870166233766,1.1901,1.2266393666666664,1168.73,1507.5836143939398,0.6142,0.5896477777777774,0.0026422621,0.005334423466755957,0.0257385839,0.05524652528370454,0.4322330806,0.8372323377112125,3.5184833881,3.571980338387956,21.17670759987112,22.904281431373292,0.4064944967,0.6967627462377263,11.08614029974493,13.212777127410355,0.264903,0.35505270454545446
XEGKAX_clean,7.81736,7.705988613636363,4.94122,6.096652795454549,1.03321,1.128009309090909,2253.55,2096.3827363636356,0.6462,0.6402518181818175,0.001817334,0.005244915059864717,0.0170821462,0.05286787075784089,0.249450918,0.635172648946894,1.5879967826,3.940717598679851,19.97150694643613,21.915732318780602,0.2323687718,0.6094973189800001,7.66527665818477,11.731226622331498,0.217986,0.39534857863636347
XESKEN_SL,9.9038,9.864831045454544,9.36477,7.684369909090905,1.10837,1.1267878000000002,1149.97,1605.190197727274,0.5552,0.6439609090909089,0.0008697791,0.007561746570454548,0.0086027949,0.04332682513999996,0.1338788712,0.47840809972954546,1.0471974543,2.1205758058545454,17.84086968732507,22.79475666516971,0.1252760763,0.4461501534715908,5.773524059010627,9.837145069685837,0.154499,0.2898802354545455
XEXLOD_clean,7.18877,6.354367537878788,6.831,5.674553102272727,1.17716,1.263094775000001,1164.39,1199.5567204545446,0.5458,0.5631472727272723,0.0043400527,0.008872248765681814,0.0422347621,0.09070205052000004,0.6230912105,1.0725936791595447,3.4751636166,4.893604527005456,24.75272225618239,24.727858844223967,0.5808564484000001,1.1080767141059094,12.69522088467238,14.132215262484152,0.34023,0.5227230439393944
XICYIT_SL,6.2924,6.884475893939393,4.02189,5.152423272727271,1.33234,1.401857431818182,1463.44,1371.9857159090911,0.6146,0.5952286363636363,0.0033270267,0.008615418562613634,0.0333009025,0.0708702749409091,0.4737387814,0.7494410629663643,2.4220468339,3.352743626950607,22.17934985098511,23.357053801397626,0.4404378789,0.759975851055,11.56548230774545,12.560678600173084,0.289218,0.41398597954545435
XIHSAJ_clean,6.08478,6.187270834956707,4.0122,4.490700051247774,1.01421,1.1524076772727274,1791.66,1636.66829090909,0.6044,0.5947706060606055,0.0060161541,0.01067726128309343,0.0599242178,0.10682264415398485,0.893625196,1.1276227941302273,4.5894983726,4.219735862812212,22.94571590675008,24.413307540957987,0.8337009782,0.9838435450590906,13.22382877803542,14.663687618644527,0.474137,0.5151842299242423
XINWUO_clean,6.28616,7.157613590909092,4.28799,5.56303563636364,1.09832,1.2562656090909095,2139.64,1667.4515386363632,0.6626,0.6320172727272723,0.001556887,0.0033390160421969705,0.0153287449,0.033092833645757554,0.2356329575,0.46246444961999966,1.7362679561,2.525019083003635,18.50783684199017,19.22784543413055,0.2203042126,0.4117360951940913,8.059110229840169,8.935492270201273,0.20271,0.24696564727272713
XIPGUA_clean,6.999,7.600168681818182,4.80417,5.7577471818181785,2.95533,1.103793659090909,451.159,1518.953390909091,0.4992,0.6179803030303025,5.20853e-05,0.005939417680681817,0.0005102731,0.06078316044606061,0.0079934642,0.6230511318059092,0.0543379779,2.285796822475453,11.93019018777881,23.44926821959907,0.0074831911,0.5498595985345451,2.939486428400063,11.910872325243647,0.0182602,0.4547605845454545
XOSPOK_clean,6.02139,7.780886636363637,4.57668,6.01754777272727,1.94823,1.5139443227272726,943.297,1892.0269409090897,0.586,0.5973945454545457,0.0013291427,0.01967755126272728,0.0132295069,0.07944073897318184,0.20139234,0.7260838743400004,1.3198045223,2.368103990006818,20.6405504260125,22.259242764868453,0.1881628331,0.5815647353781817,9.365932857229263,11.03475942178203,0.147688,0.35972079227272696
XOVPUU_clean,11.45503,15.495613318181828,9.77333,9.284122272727272,0.404958,0.5157502681818178,4968.9,4236.370609090906,0.8444,0.8055299999999991,0.0011389246,0.004848069842272727,0.0113510268,0.043613931152272786,0.169348147,0.49956055249954556,1.1619323776,1.7931477955754553,13.30883850760797,15.078476616853484,0.1579971202,0.5116430520499998,3.570737840186267,4.822170359411881,0.314346,0.4850694613636364
YARZEZ01_clean,5.61977,6.393139428030302,4.05885,4.704243762121214,1.02873,1.3204012772727278,1930.22,1601.9377522727266,0.6746,0.5974545454545453,0.0014543245,0.00759444480375,0.0147647777,0.07260015283954549,0.217992774,1.092106411632046,1.4785043907,4.397961757377537,19.03045543290824,21.759060771251203,0.2032279963,1.003020691584773,7.452176592616344,12.149094110480132,0.196902,0.4830116136363638
YAVWAW_clean,4.87227,5.6843414186868655,4.07548,4.306934253808693,1.46373,1.1832755257575756,782.881,1280.2971181818177,0.5582,0.5508163636363635,0.0067537411,0.01296806532227273,0.0665409573,0.12981626634681814,0.8173552819,1.4196216638290908,2.6204694972,2.9436549325840917,27.10308857362243,26.63406791826067,0.7508143246,1.2430603969100007,17.43705632839833,18.3910602149088,0.332017,0.533352221212121
YAVWUQ_clean,15.48597,13.93539618181819,6.62234,7.940881090909091,0.747785,0.7309345863636367,2927.8,3176.5720545454537,0.7402,0.7239054545454541,0.0054052202,0.0060274756363636415,0.052125936,0.044609024724020965,0.6834315336,0.4903957204927274,3.0115248797,2.1152640794727273,24.17931860468518,19.876493765616242,0.6313055975999999,0.41438268021545444,11.27167704235215,8.03756822291388,0.416044,0.3939399672727272
YEDLAV_clean,5.4499,6.467430727272723,3.81156,4.633453610416667,1.25884,1.22139125,783.002,1294.0722863636367,0.514,0.5505107272727273,0.0158071655,0.013649970107727272,0.1536294887,0.12983842112863636,1.4690882178,1.177298607331022,4.314338462,3.4026843726893174,27.87891674869659,26.311300542505855,1.3154587291,1.0968854731195457,19.76926458047922,17.435555561701218,0.5828059999999999,0.5231631399999996
YEFNEC_clean,7.0118,8.16714240909091,5.67657,6.680702409090907,1.03009,1.045610354545455,2586.03,2234.8205272727278,0.7454,0.6643909090909094,0.0006549682,0.006611932088749997,0.0069709391,0.056262170865909115,0.1079081753,0.699271032339091,0.7340159391,3.343174973980912,14.0667754501425,18.477102390680713,0.1009372362,0.606136972651818,4.335663526770055,8.027592533249319,0.166196,0.38739228863636355
YEFPAA_clean,6.99143,8.0647255,5.65004,6.5901885,1.03721,1.064922545454546,2564.66,2202.3134818181816,0.745,0.6616754545454548,0.0007747091,0.006382278451477272,0.0074123934,0.05168180149681818,0.1097345844,0.6920655291959095,0.7416591583,3.378070927881365,14.18166735866335,18.44603574797594,0.102322191,0.6134116033495451,4.441382211980056,8.036769173570377,0.167878,0.3954129031818181
YEQRIV_clean,5.99633,8.368198090909091,4.79932,6.553803227272719,0.74227,0.9412130318181818,4273.71,2519.5697318181815,0.734,0.6675899999999999,0.0002177747,0.005917416587272732,0.0022705031,0.05166036125984849,0.0319241607,0.6087923636368184,0.2165204983,2.8818001064054557,10.12645422596126,17.611171956720604,0.0296536576,0.5875030639927276,2.54501028611384,8.097926788309753,0.084911,0.4145113909090906
YINCEF_clean,5.29805,6.396603363636362,4.38969,4.599124600757573,1.14172,1.1592879757575758,1212.11,1229.0893954545447,0.5194,0.5541727272727275,0.0083339471,0.014323302928772718,0.0804170923,0.13196373549472723,1.0455695284,1.3347209222459084,3.7782158136,4.309159645949452,26.66880915501716,26.598528948270076,0.9651524360999999,1.1766194454063628,16.86361991929497,19.01278077000842,0.451788,0.4945017486363636
YIWBIR_clean,4.82964,6.572599159090908,4.23812,4.988770681818183,1.13369,1.1477121113636364,1284.82,1606.4974878787868,0.5224,0.5822731818181819,0.0349896963,0.013014800080272735,0.3445829946,0.12270780644803027,3.257771639,1.3934087484311357,5.4151922447,4.647483021709857,30.80503273346305,25.12173100850975,2.9131886444,1.219954123953637,25.81078816428543,16.46044009793001,0.983651,0.5779297418686867
YIWMEW_clean,5.71951,5.625186373484851,3.80264,4.509314515151514,1.30733,1.277896995454546,1556.84,1486.84509090909,0.6656,0.5943554545454545,0.0008375845,0.006262934280681815,0.0076134279,0.05678602398500001,0.1155007488,0.6133906664104545,0.7612810491,3.032877515178635,17.59572466916903,20.07257665426226,0.1078873209,0.5304723695086362,6.04032122042189,9.547616812793484,0.128609,0.2789177772727271
YIWPID_clean,5.93872,6.865670704545457,4.77854,4.779307075757574,1.27431,1.2803460863636373,1634.82,1489.2871409090908,0.6888,0.6015066666666663,0.0007489938,0.004297122751590908,0.0069127563,0.035447214928674205,0.0995759059,0.5768817840890914,0.6784353558,2.100746331151818,16.73264556582988,19.485940374414486,0.0926631496,0.4958922961663638,5.296738445111556,8.791050315798634,0.126949,0.3302640668181818
YIXBIQ_clean,16.14545,13.525669000000004,8.60739,9.026505000000004,1.16801,0.8267728272727274,1492.28,2943.734322727272,0.7494,0.7322827272727271,0.0008297584,0.00645161696909091,0.008139031,0.0570494554068182,0.1236322336,0.4717173319454546,0.9434546316,2.332832978451363,15.36389202283696,20.15469853755838,0.1154932026,0.4363288992222731,4.991819950724268,7.740376107742957,0.165932,0.43369693954545424
YIXYUB_clean,7.99703,6.485236695454545,7.36677,5.078312399732619,1.64643,1.2469719454545456,573.867,1067.567365977961,0.4756,0.5419881818181814,0.003233416,0.007274585850681822,0.0335218452,0.06535740206219696,0.5777571254,0.6396707732936363,2.9457344866,2.7246520949700024,23.30366760113388,24.460221101979315,0.5442352802,0.6094124017468185,16.08003965617569,12.959988971525235,0.249039,0.34787849242424246
YOCCIE_clean,6.8059,7.377314999999996,5.18062,5.526914909090907,1.41637,1.2232797772727284,740.368,1404.5539181818178,0.5234,0.575308181818182,0.0703498246,0.012668859067045455,0.4166596776,0.09732433808909097,1.9065719581,1.0303226193469692,3.810031878,3.2225942513713624,41.32198162086298,25.584530708269988,1.4899122805,0.9647581621938641,16.7706151123829,14.178240787250006,0.943987,0.48405590363636347
YORLEY_clean,14.11404,10.987760454545452,9.82464,7.893012499999999,1.50654,1.1510322272727271,708.545,1516.7257545454563,0.6006,0.5998145454545453,0.0041396642,0.005455256578409089,0.0417131296,0.048528806346818214,0.3662574188,0.5877873736154546,0.9583813067,2.2159423421163638,30.20316202092071,24.11643326100228,0.3245442892,0.5208686167390908,13.55051930398549,11.220584505247825,0.204537,0.3316912754545456
YOZCAS_manual,8.46123,7.4068125,4.31249,5.2897769090909055,1.29132,1.4282297590909088,987.221,1115.3820181818178,0.5562,0.5369872727272728,0.0023113312,0.01579985934136364,0.0223826107,0.11793851784681814,0.3205603736,0.8659541597727272,1.7829825121,2.3234654604218163,23.20982191645028,25.82377853096346,0.2981777629,0.7730893480400001,9.973577914682155,12.69285728534378,0.220976,0.3950525577272725
YOZYUJ_clean,8.32775,8.593599136363634,7.35004,6.091652166666668,1.04928,1.0319024272727275,1714.71,1900.2081136363636,0.648,0.6405627272727275,0.0036007442,0.004909469308833336,0.035376689,0.04445428908647728,0.5455984075,0.8223659601468185,4.1991592556,4.220407149106136,21.36494394120494,22.10831326050536,0.5102217185,0.8225388784581823,10.31338502950563,10.618173152693409,0.361683,0.4625827318181817
YUDFOU_clean,7.64047,7.9173149454545495,6.34458,5.869848545454546,1.05425,1.0142770045454548,1801.98,2001.5349227272727,0.6516,0.637667272727273,0.0006388445,0.005730910329090916,0.0067534989,0.05432002549340909,0.0994891176,0.6825579800627279,0.6991101444,3.5571395829072743,15.91099987503801,21.514592511843418,0.0927356187,0.6008441699718179,4.856002943729334,10.19940210655919,0.137213,0.44099420484848467
YURKEC_clean,7.90101,7.841120810606065,7.08763,6.04766640909091,1.07399,1.0260655045454548,1643.06,2076.813254545454,0.6344,0.6480090909090909,0.0033753813,0.007093335225227283,0.0334016334,0.06371331586750005,0.4847741314,0.731218633022273,3.3208396489,3.60729096000841,22.66660073690873,22.553958142143358,0.451372498,0.6576309987631818,11.05910425836893,11.086010337958179,0.30137,0.43490845454545457
ZARMAI_charged,10.69503,9.578543499999995,7.05231,6.934088318181819,0.975433,1.1352529712121215,1685.83,1905.7253545454553,0.6456,0.6344981818181822,0.0040107627,0.00494989331181818,0.0399062583,0.047502027983636355,0.5675935029,0.5608373820631819,3.0407892094,2.4357438806618172,23.46361191440758,21.380342892601806,0.5276872446,0.47378184562363596,10.53034562821102,10.391053011008033,0.370847,0.40038023863636335
ZIQVAY_clean,8.56153,9.946733590909096,4.50798,5.289543568181822,2.05613,1.4025302772727268,663.603,1125.668525,0.4994,0.5676286363636366,0.0169164124,0.012836409520454544,0.1522233952,0.08442514394117417,1.0380288134,0.5301002008325003,2.6988645806,1.6580958466809068,28.90341354272094,23.672453623962443,0.8858054181999999,0.47808225325,15.45612125373757,11.727850862270548,0.598089,0.26560613318181825
acs.chemmater.6b02817_cm6b02817_si_004_clean,10.39878,10.345649409090909,5.64581,5.665545227272739,0.897688,0.9122413772727263,1658.39,1752.3667727272698,0.6776,0.6763727272727273,0.0029648897,0.0038309025104545547,0.0307548563,0.03575296631204536,0.4624156894,0.5084966464863643,3.4714421061,3.6430398689879455,19.13099221329939,19.79135545600484,0.4316608331,0.5059848914888622,8.362418230210432,9.120730013488346,0.380815,0.42999343484848546
acs.inorgchem.6b01211_ic6b01211_si_002_clean,11.28381,9.934880863636357,4.52903,5.480702772727276,0.822811,0.9164069136363627,2743.3,2543.220631818178,0.6948,0.6748163636363639,0.0114821229,0.008506099123522749,0.1125212969,0.07599927287272723,0.9286092938,0.8524922938590908,3.2116442854,3.722990364839543,27.12452262857667,23.59238905888476,0.8160879969,0.8059544718986366,11.81235288107237,11.063601904743376,0.596799,0.5217343545454552
acs.inorgchem.6b02413_ic6b02413_si_002_clean,13.37732,12.390892090909096,6.88163,6.8293703636363565,0.804279,0.8507020954545454,2730.07,2904.108840909092,0.74,0.7011163636363632,0.001782977,0.0051315382912121245,0.0163530106,0.04165626894818179,0.2487080049,0.5489491760581823,1.7315077378,2.117000793953181,17.93120882480488,19.361393627596378,0.2323549943,0.39187737347818175,6.31993774914803,9.059179444917444,0.266911,0.3592090390909089
acs.jpcc.6b08594_UiO66_Ce2Zr4_opt_clean,8.49751,7.480601818181819,4.07254,5.979215818181818,1.27238,1.1754673318181814,1330.45,1576.6580727272744,0.6072,0.6098509090909091,0.0045229583,0.006515974768896937,0.0461927074,0.07066691137284091,0.6099164964,0.7998804297250003,2.6247401191,3.68516480814409,22.95093737178018,22.808343061632616,0.563723789,0.748558145795455,12.69746024899647,13.395074115790939,0.349513,0.4244766104545454
acscombsci.5b00188_5040209_clean,7.3732,7.297879136363636,5.53143,5.664035746753248,1.04632,1.1284172681818188,1767.06,2024.8409863636373,0.6162,0.6271981818181821,0.0116803165,0.008945704752954548,0.1111522781,0.08895901661863635,1.1641069177,1.009835245783409,3.5273405042,4.55563491461466,26.17193153170888,24.121253051485454,1.0529546396,0.9597339591759091,13.52458958811988,13.417591000692319,0.653872,0.5855119363636365
c4ce00408f_c4ce00408f2_clean,12.62762,13.016108954545432,5.23882,5.573012590909098,1.04827,1.0397835454545465,1725.39,1971.9794545454592,0.6818,0.668554545454546,0.0143108077,0.027345945035227245,0.1199986443,0.2098145398036359,0.7231739771,0.887810184273408,2.0342169826,3.3337836885099996,29.89128391154573,26.80535971430302,0.6031753328,0.7053344253359086,11.72677287366524,10.941279387496746,0.501397,0.8062457399999992
c5ce02194d_c5ce02194d2_clean,6.92785,7.052861715909097,5.95944,5.440516045454546,0.95198,1.1305926969696958,1649.04,1626.5325500000004,0.5884,0.6111290909090907,0.0088374509,0.007020418564829547,0.0894830701,0.06118014442113637,1.1122572679,0.6847448891795457,4.5835374683,3.737169976570456,24.96507016240663,23.23820492267277,1.0227741978,0.6393676949413638,13.10382927748946,12.925364028882171,0.612936,0.3648193407575758
c6ce00126b_c6ce00126b2_clean,5.67441,6.058058778030309,4.44258,4.716488728084416,1.13028,1.2206152924242413,1007.16,1258.2188272727271,0.5446,0.5760840909090905,0.0305312362,0.00977245231909091,0.2887919267,0.09338367604696969,2.4295634013,1.4622884170740904,4.1860123506,4.333094049276019,27.94782558203171,24.841198079067095,2.1407714746,1.357498403819092,16.4512173214977,16.22219130462712,1.27328,0.6115915490909088
