MOF_ID,True_LCD (A) Largest Cavity Diameter,Pred_LCD (A) Largest Cavity Diameter,True_PLD (A) Pore Limiting Diameter,Pred_PLD (A) Pore Limiting Diameter,True_Pore Volume (cm3/g),Pred_Pore Volume (cm3/g),True_Gravimetric Surface Area (m2/g),Pred_Gravimetric Surface Area (m2/g),True_Accessible Void Fraction,Pred_Accessible Void Fraction,True_CO2 Uptake @0.001bar (mol/kg),Pred_CO2 Uptake @0.001bar (mol/kg),True_CO2 Uptake @0.01bar (mol/kg),Pred_CO2 Uptake @0.01bar (mol/kg),True_CO2 Uptake @0.15bar FlueGas (mol/kg),Pred_CO2 Uptake @0.15bar FlueGas (mol/kg),True_CO2 Uptake @1.0bar 1atm (mol/kg),Pred_CO2 Uptake @1.0bar 1atm (mol/kg),True_CO2 Qst Widom Heat (kJ/mol),Pred_CO2 Qst Widom Heat (kJ/mol),True_CO2 VSA Working Capacity (mol/kg),Pred_CO2 VSA Working Capacity (mol/kg),True_CO2/N2 Actual Selectivity,Pred_CO2/N2 Actual Selectivity
ABAYIO_clean,11.39486,10.678632333333338,4.3226,5.56137966666667,0.949126,1.064712316666665,1505.31,1581.2616458333314,0.6636,0.6531258333333333,0.0086736824,0.009547748782500004,0.0818893369,0.09225206359583324,0.698030821,0.6626355169283334,2.1764030826,2.1534397818899973,27.66530649131482,25.836714458988187,0.6161414841,0.6244429248500002,12.56625430206838,11.844152286302217
ABAYOU_clean,11.27344,10.421652833333347,4.5108,4.8229120208333365,0.979267,1.0798125333333348,1494.4,1523.7249333333327,0.6638,0.6559666666666674,0.0083812243,0.0075531090999999976,0.0807831006,0.08018908748916657,0.7016156573,0.6433153787191677,2.2534756888,2.171621100596665,27.52679659214104,26.61604502934661,0.6208325566999999,0.5533095214624997,12.36030591384507,11.189208987382166
ABETIN_clean,9.47418,12.374233166666668,7.83744,8.695858916666669,0.597233,0.8342689500000002,3810.89,3139.6766500000003,0.7302,0.73043,0.0029166996,0.005105220964166665,0.0288281032,0.06612368815833337,0.4431661145,0.7998734674208331,3.3710825042,3.3636952372191664,18.5478430663486,19.227181642927793,0.4143380113,0.7326442218841663,7.018212211800243,8.255817693327568
ABEXEN_clean,18.8079,13.75986383333334,13.71867,10.159443000000003,0.674371,0.8134277749999997,2447.09,3060.136108333334,0.753,0.7287483333333336,0.005518031,0.0079973625625,0.0539426204,0.06980489734499999,0.7038365512,0.5108810279766665,3.1483202986,2.333291501823333,25.95154182656464,21.858388524390286,0.6498939308,0.4125966535708334,11.2721790506447,8.280596848889157
ABIXOZ_clean,6.22728,6.699420935897439,4.0515,5.299608279040402,1.91751,1.2038892071428577,977.272,1741.9213166666664,0.5866,0.6331268750000002,0.0001956596,0.007041744135833336,0.0019441365,0.06768104988500002,0.0294246197,0.6941368091849999,0.20249615,2.6603429175500013,14.19766892463236,21.281294502734134,0.0274804832,0.7253290589162501,3.978188706690645,12.97224008045986
ABULOB_clean,4.86958,6.60906073611111,4.16445,4.935107069444446,1.31921,1.5211274499999992,898.121,1014.1831590277783,0.5364,0.5503700000000002,0.0170806855,0.020963258296666665,0.1670266591,0.1224898045416667,1.8955147539,0.7435712067725002,4.5012686221,2.4601250337516674,28.2541960688733,23.44612259836187,1.7284880948,0.6231806057491667,17.03629528277695,10.945043848319676
ABUWOJ_clean,5.07969,6.02832083846695,4.03039,4.375257223364369,1.15833,1.209850022222222,1506.68,1380.3553750992069,0.621,0.5624800000000001,0.0090712774,0.014679685180416667,0.0914059889,0.09986224259139882,1.2352459271,1.0186869657366668,4.7900243114,3.7954346683962497,25.34032581907865,24.47851164037197,1.1438399382,1.0688003753962498,17.71753449953557,15.678035165328913
ACAJIZ_clean,6.1865,22.387787083333333,5.74044,17.49610700000001,1.30148,0.608619675,753.879,3301.226416666669,0.4824,0.8661633333333332,0.0043166486,0.005427212933333333,0.0428930955,0.034746123981666655,0.6307235219,0.3731522051716667,2.5073505805,2.3725473388025,24.47856010281837,15.165319154436606,0.5878304264,0.41698022040416644,14.86953054683964,4.864585045979494
ACAJOF_clean,6.86398,6.022105985524889,6.10482,4.70415041694847,1.21871,1.2546170916666664,920.046,1207.252904166666,0.513,0.5662342142857142,0.0029615823,0.007355032929166666,0.0293198067,0.08901301958874998,0.4806914139,0.7036932838925001,2.7653180197,2.7943844508091664,22.99710851825505,23.35878699602058,0.4513716072,0.6268706687291661,12.70576595986408,12.797170631951548
ACIBOE_clean,8.25776,8.585957500000005,7.03071,5.844282583333333,1.10094,1.0578591166666669,1873.86,2113.7971666666654,0.6554,0.622135,0.0025550341,0.007529946151634614,0.0250904153,0.08076779745833336,0.3865334666,0.8091255495408334,2.9266384678,4.031483533524166,19.43924831145585,22.5177636659081,0.3614430513,0.7796332220725001,8.448307441841544,11.357058098043488
ACODON_clean,7.1439,6.24762263015873,4.65537,4.648956385615079,1.14924,1.1305831499999999,1505.09,1445.3849140046289,0.598,0.5843405555555553,0.0069125437,0.008423642749027778,0.0701530823,0.07568941342104168,0.9580861982,1.0515448529975004,4.6317404467,3.895004167447249,24.24226882030298,23.59774981064873,0.8879331158999999,1.0479894090497222,13.53308301032064,14.825151787828846
ACOGAB_clean,5.20085,5.690865208333332,3.89327,4.401286876010099,1.15458,1.298265072970085,1240.99,1046.8296505555566,0.5566,0.5475308333333336,0.0189807961,0.014137024532499997,0.1891889922,0.13163690669200015,2.1878496083,1.6286925680158606,4.8218285609,3.8593172993298035,27.31574767739696,26.42461839513656,1.9986606161,1.508485697247501,19.45039039922733,17.66251132228499
ACOGEF_clean,5.20115,5.709072853077135,3.94888,4.227928852817626,1.25952,1.1937264383333337,1138.35,1141.0291612103185,0.5544,0.5481877777777784,0.017596108,0.014167717511666653,0.173424918,0.13824271662749996,2.0128966153,1.678148240460002,4.3941853155,3.9494271538380525,27.41007547163628,26.598241734092632,1.8394716973,1.4412428552400003,19.51270484488519,17.08925684910837
ACOLOV_clean,8.42183,7.756667875,5.53552,5.31183156111111,0.863411,1.0005288416666664,2579.3,2481.2064083333335,0.6794,0.6437083333333334,0.0033081968,0.011675190367916668,0.0330909003,0.1475994087733334,0.5069510107,1.300283260874167,3.7049810172,4.233846615619168,19.6809345066346,25.169393385136633,0.4738601104,1.1917347490487498,8.795054292904338,13.592949195032
ACUBAB_clean,6.48174,6.1007074500000025,4.30295,5.274713642676767,2.30944,1.3886754416666667,536.484,1271.5265115277784,0.5252,0.5712004861111112,0.0013147389,0.015112044543888882,0.0131939091,0.0887290875216667,0.19244588,0.8518797061416665,0.9952024044,2.835855738270834,21.04176181415352,20.88637754043013,0.1792519709,0.7268552175841665,9.91222940625949,9.979141078937124
ACUFEK_clean,15.55627,17.997734999999988,9.00897,8.17068383333334,0.559431,0.5454748666666668,3941.72,4304.355500000003,0.787,0.8036183333333329,0.0017941176,0.003372366152083332,0.0184681684,0.038554297463333324,0.2799127884,0.4027282478641668,1.9166351821,2.399857543925834,16.94692435781718,18.32859423874154,0.26144462,0.43807563319916654,5.470520918575987,6.682362888920357
ACUJOZ_manual,11.50806,10.95628383333334,7.82539,9.382161250000001,0.694288,0.9942694833333333,3375.59,2392.8240250000017,0.739,0.6951950000000002,0.002000537,0.005375644109166664,0.0201962953,0.05713379750083331,0.3033853465,0.6664764334850002,2.0768309828,2.498102792879166,17.25385779546832,21.011275229658487,0.2831890512,0.5170015749116667,6.248850971530698,8.734528182541395
ADARAA_clean,12.29205,12.714797333333335,5.40077,6.824626583333335,0.881935,0.9531585999999997,2485.27,2414.204341666666,0.6948,0.6650983333333333,0.0045014241,0.014580250954166674,0.043983779,0.10070779719166673,0.6237614033,1.076671499635833,3.3765594625,3.7985504080516668,22.53991086341233,24.38288525011914,0.5797776242999999,0.9813010030241662,11.45146635123943,11.958422078587907
ADASAB_charged,22.82402,26.055436749999988,13.49014,11.78705341666667,0.343942,0.3856216833333331,4829.51,4664.283633333335,0.8736,0.8584916666666668,0.0007893421,0.0034110850233333313,0.008221574,0.03223251299194443,0.1235763764,0.3352772617477778,0.8405339896,2.1578022924525007,12.11407218609142,15.895880571328096,0.1153548024,0.32454293431666664,3.023281884873256,4.290960220790889
ADASEF_clean,21.62414,22.387756333333346,10.92309,13.308420416666683,0.435607,0.3608776499999999,4179.02,4437.847241666666,0.8462,0.8606599999999999,0.0017475376,0.002907906834166667,0.0181937237,0.02453543701916666,0.2629437546,0.3271265941083336,1.549529447,1.9478405497175022,18.2690648933831,15.507098082536455,0.2447500309,0.2686337838995834,5.496176854273687,4.272224933756863
ADATAC_clean,26.33515,22.41619991666668,10.27637,16.335888083333334,0.33727,0.4030382249999997,5129.28,4516.452333333336,0.871,0.8496299999999999,0.0018357013,0.002953204938124999,0.0188578545,0.039904203424513875,0.2674599635,0.3568972587333332,1.5660036977,1.9080021440702088,17.76504433927229,16.615200011525822,0.248602109,0.30915610257,4.891459887529803,5.122101340581799
ADATEG_manual,27.33782,23.108606333333327,13.33904,13.687540000000011,0.238777,0.4033543833333332,6170.7,4590.2537500000035,0.896,0.8586916666666666,0.0010209203,0.009344491054166671,0.0100265572,0.04959211173916667,0.1531173653,0.4079789338433333,1.0414093324,2.5463837892724994,11.42868668574207,14.84699833273729,0.1430908081,0.33765277791583304,2.737615527535001,4.252779399175694
ADATIK_clean,24.55082,21.094090499999997,12.17426,16.108395250000008,0.377577,0.37422329166666646,4535.57,4321.76,0.8764,0.8687316666666665,0.001346617,0.0029049189737499984,0.014199904,0.026773043016666664,0.2029835279,0.3225020047083334,1.230892569,1.6298332985558337,16.79548633226026,16.037587185960216,0.1887836239,0.29191158727166655,4.546628717295643,4.646411278188693
ADATOQ_clean,10.5421,11.616680833333335,9.07611,6.7703039999999985,0.632077,0.9343222166666665,3677.95,2410.591816666667,0.7278,0.7036249999999995,0.003939503,0.006729075418750002,0.0433066372,0.05800864546183329,0.6301438057,0.7423572245683334,3.4108316102,3.1411406682477776,22.74807490516706,21.311271015869007,0.5868371685,0.6773158954174999,10.89804342039982,9.850502949280882
ADAXEK_clean,5.76724,7.634648333333331,4.10445,6.48358725,1.26343,1.2184850131944436,1033.38,1316.1334249999998,0.5042,0.5938108101851849,0.0237671048,0.006563613079166669,0.2276912293,0.06760552683999999,2.2295874196,0.6934664059691664,4.3145252698,2.9898992728327776,28.84065983196423,22.740227332523588,2.0018961903,0.5468643212879165,21.15052387406449,12.898297761095476
ADAXIO_clean,5.72682,6.1342640056131605,5.00855,4.7639438495370365,1.28062,1.3399591666666668,890.52,1186.1313088690476,0.4934,0.5596979523809525,0.0122080673,0.007687088215625001,0.1231934837,0.08296915659249998,1.5278839038,0.8531508068033332,3.6034997236,3.3379482919562506,25.91253593209252,23.592181195321754,1.4046904201,0.8225985835050003,17.62393215286723,13.280324811414374
ADOCEC_clean,5.40135,6.477815097222222,3.83278,4.509048621759259,1.53544,1.3824322333333334,613.56,1176.4191497519837,0.4904,0.5774561111111111,0.0051535044,0.01660846173291667,0.050454297,0.11520962086833336,0.6588427573,0.7674693211758334,2.5411173293,3.1807074607687507,25.17784229154671,24.911729512240115,0.6083884602999999,0.7361512211829169,17.83425247364708,13.108039821605693
ADODAA_charged,10.017,11.939074499999997,4.9065,6.568450041666667,1.03876,1.2886279500000006,1977.46,1631.4515361111119,0.6856,0.6426516666666668,0.0010431207,0.007797515380833334,0.010250756,0.0491161259958333,0.1553452301,0.5408784797941669,1.1072481275,1.948664572329999,17.03539296744461,22.75317035901472,0.1450944741,0.45727424299583314,6.107111473477433,9.377250606849973
ADODII_clean,5.97541,21.941266083333325,5.30365,17.179741083333347,1.21661,0.5448335416666665,897.412,3639.047416666669,0.5394,0.8618166666666666,0.0111957763,0.006129007896666666,0.1103023603,0.034902207919166664,1.3385891134,0.45269189017166667,3.3798059363,2.392870854454166,25.37479822707967,14.13609375898413,1.2282867531,0.5412801947141668,17.21010307989061,4.092225864228207
ADODOO_clean,5.9443,6.229028569444442,5.31331,5.197283934343436,1.28796,1.3097882507478638,818.961,910.8738212962959,0.5256,0.52789380952381,0.0132651151,0.012961018187499987,0.1295403747,0.13460877270625027,1.4576404152,1.2910637779370837,3.2825193589,3.351817121570141,25.97114599400916,26.160543629667625,1.3281000405,1.2365087829522918,17.3964513673966,16.90531880267931
ADODUU_clean,5.93338,6.031098333333332,5.29096,4.929276384042515,1.31573,1.265913006746031,798.439,911.3768743055551,0.521,0.532315238095238,0.0139186774,0.013215289818333333,0.1394830715,0.129972442931865,1.5115644845,1.3873841795380553,3.2564337869,3.363981964138867,26.24955004723165,25.865024283715506,1.372081413,1.2796926703916671,17.4696519243458,16.804307987366826
ADOGEH_clean,12.71447,12.271818083333333,5.05258,5.763334416666669,1.01991,1.0423845666666673,1958.14,1972.9408333333354,0.677,0.6708916666666667,0.054292403,0.009145722960000009,0.3461233189,0.0747876715608333,1.3486466485,0.573628670853333,4.7784072728,2.102303539907497,33.51340632061897,26.39196076513128,1.0025233296,0.4587576344449997,12.10796697000601,10.715728091187787
ADUROI_clean,25.68553,17.248405249999998,17.12424,10.45396308333334,0.402567,0.5810295166666669,3194.1,3542.780916666667,0.8358,0.8320400000000004,0.0008533261,0.003016634327499999,0.0084821507,0.02676430124416668,0.1257304958,0.3667231492450001,0.8452195426,2.095505819036666,13.28292063170816,15.752464779198212,0.1172483451,0.3813686193743055,3.385251628643844,5.066573328099185
ADUWIH_clean,9.28386,10.437374916666666,6.55138,6.103528541666667,0.722123,0.8792639833333333,2844.14,2435.826308333332,0.7098,0.6771383333333334,0.0032033706,0.008309430659166665,0.0320417255,0.08352306743875001,0.4844242717,0.8142540152575002,3.6805135495,4.206675842204586,19.57520880969194,22.58844414746283,0.4523825462,0.7883229180583334,8.375822672058533,12.532556933271886
ADUWON_clean,16.37935,16.303661166666664,5.99724,8.022334458333336,0.521247,0.66013275,4587.82,3363.0361916666675,0.7844,0.768355,0.00327318,0.009016377793333336,0.0309644238,0.06647748256250001,0.4864925729,0.5105356679858333,3.6090143539,2.5220871998849996,17.33898363598986,19.220340414791558,0.4555281490999999,0.5486995636566665,6.692091256794169,7.263257471601134
AFEJOK_ion_b,5.99825,6.1309266168981456,5.12689,4.9898207500000025,1.10129,1.1900985999999998,1489.79,1337.3659395833338,0.5808,0.5944624999999999,0.0054194464,0.006947303203541668,0.0536884667,0.06629924022083332,0.786100305,0.9253118285458333,4.2574846756,3.2795555274723345,22.5067069062846,20.627685812650512,0.7324118383,0.8144519241716667,12.08230268905496,9.795217903636429
AFITEP_clean,4.64022,6.360178088392855,4.09997,4.989546191666665,1.06928,1.216622083585858,1422.49,1258.4170292929293,0.5262,0.5687703888888895,0.0367796335,0.01625218141661111,0.3565309834,0.11640076898833333,3.4321685281,1.3622500280310421,5.9077104907,4.369249490545766,29.51515714123277,24.525638438061986,3.0756375447,1.2824068117385414,21.63177234913769,15.02169580873965
AFITUF_clean,7.14066,6.708834888888888,5.08524,4.84704632535273,1.32285,1.1520355000000004,1051.86,1540.0400950757578,0.5322,0.5799822727272729,0.0047220137,0.012852952460000002,0.0478777122,0.12676931276416667,0.6450404116,1.0886127170027782,2.7488028889,3.961066153200002,24.71869702348553,26.9220365157975,0.5971626994,0.9775207086863883,14.92045434917717,13.620004642176395
AFIXAO_clean,6.3306,7.545365499999998,4.52097,5.074555846212121,1.12223,1.0804529833333332,1176.44,1898.371241666668,0.5702,0.6173666666666668,0.0047559961,0.010417568213333336,0.0472675399,0.07197375718833333,0.5570825681,0.5686086460725003,2.1444518351,3.0047727658675005,25.45867297048443,23.721998289346935,0.5098150282,0.5996019963541664,11.80842985592131,11.297876179513095
AFIXES_clean,6.43864,7.059462805555556,4.7481,5.23459571354167,1.12574,1.3258636083333326,1159.23,1498.4955333333335,0.5758,0.5795846666666667,0.0048962719,0.02365471847083333,0.0489091981,0.11210220365541666,0.5542412284,0.7124039672733335,2.1566135287,2.9060738849158327,25.73141453453129,24.275029203192037,0.5053320303,0.6659499969185713,11.82708408124953,12.527449752331963
AFOTOF_clean,8.7931,8.708066124999986,6.77287,6.794506374999998,1.07439,1.059074700000001,1533.66,1637.3596666666674,0.6144,0.6176057142857139,0.0099737636,0.00920374022958333,0.1005347236,0.09346211954416674,1.0621202166,1.011445318143147,4.0264947798,3.9381391434530992,28.61420909034257,27.95108662457922,0.9615854929999998,0.9009241834427774,13.26157117628873,12.733430386383962
AFOTUL_clean,8.80212,8.84842533333333,6.81408,7.149976541666674,1.05969,1.054395747222221,1588.47,1576.7654875000019,0.614,0.6187898989898991,0.0098642306,0.010767125923750002,0.0924439137,0.09768369236624991,1.0346468246,0.9924649273220825,4.0988839742,3.852581127806109,28.21564565668998,28.063990890211198,0.9422029109,0.9587717089318752,13.09814740467571,12.928501100241666
AFOVAT_clean,8.32882,7.169906406795631,6.54754,6.119696043981481,1.04077,1.090613838888889,1605.18,1797.5265069444445,0.61,0.6367495833333333,0.0114678296,0.006917036879999999,0.1152600335,0.07570912561624996,1.1592064396,0.8994079345658333,4.2318603061,3.794842073153611,29.30542715906042,22.789426265227405,1.0439464061,0.783490009696667,14.47554378842019,12.03903147025362
AFOVEX_clean,8.81515,8.05053719444444,6.86051,6.477454208333336,1.02206,1.065021805555555,1637.43,1662.311506944446,0.619,0.6208079166666663,0.009722832,0.008899124561166667,0.0906819045,0.08632388467222914,1.0202175317,1.011695287885694,3.9275753492,3.6903453274695273,28.21398404805707,25.49634075169503,0.9295356271999999,0.898323373359167,12.82165821502583,13.264461576786731
AFOVIB_clean,8.79334,8.620463749999995,6.74118,6.912032333333339,1.0948,1.1195114925925915,1513.94,1578.0069750000025,0.6104,0.6137335185185193,0.0103029682,0.010207183322499997,0.1013592136,0.09328449220152771,1.063374117,0.998021360140693,4.1591508079,3.667803519757991,28.6968250352152,27.74004847109687,0.9620149034,0.8608621152166672,13.17941899764236,12.829904628521055
AFOVOH_clean,8.78847,8.559454166666665,6.84598,6.764017583333331,1.04816,1.0555727277777778,1587.32,1671.7239861111107,0.6228,0.6168134656084656,0.0099304011,0.008975294783333336,0.0959057903,0.08770807488250008,1.0411940873,1.0483507517733333,4.0491303256,3.8679617877557892,28.54273018656536,27.195986423991076,0.945288297,0.9117626746318048,12.98406355969748,13.103784810534238
AFOYAW_clean,5.94533,6.404105150992064,4.22739,4.6476794753985216,0.978122,1.1466819305555562,1850.89,1350.2167841346159,0.6112,0.5831182638888884,0.0083194098,0.012806152698333332,0.0808177852,0.1028688620769445,1.218223772,1.3066140270483337,5.6632575448,3.6521263363046237,23.88148832641101,24.661858532353463,1.1374059868,1.0379507643925,16.46327874640165,13.924160192459913
AFOYIE_clean,9.08566,8.048308541666673,8.61929,6.5502089166666595,0.761887,0.9644793666666666,2697.6,2040.0455999999992,0.71,0.6562416666666667,0.0022188908,0.004938357639623015,0.0225827105,0.04170682232333333,0.3525463968,0.6245654575091668,2.6787327312,3.468342758828334,18.81550070573552,20.020708862403172,0.3299636863,0.5754710648658334,7.589071173762113,11.582437588623595
AFOYOK_clean,7.73482,6.695485104166668,5.71785,5.8465925,0.979448,1.1466512937500004,1668.18,1376.5581777777784,0.588,0.5792583333333329,0.0035912047,0.006629679558368056,0.0355212395,0.07499098209222219,0.5713488387,0.8834097145025004,4.6477945888,3.8561839091723074,21.44177367526694,23.009201513214304,0.5358275992,0.8377299177566664,12.69487913802142,13.100915743154017
AFUKET_clean,5.96671,7.644640916666668,4.7743,4.857097435057471,0.9597,1.1047016416666664,1731.99,1559.1513666666665,0.5958,0.5765050000000005,0.0283763864,0.015005455065833331,0.2205607149,0.10222768994930562,1.5371968318,1.0317781894087503,5.5110275383,3.8501163449466658,31.31228684044895,25.11279631147126,1.3166361169,0.9186963690916661,13.81839991801368,14.100032362248534
AFUKIX_clean,8.69504,8.569472416666672,5.47442,6.151906041666664,0.784292,1.0397961249999998,2572.85,1967.4153333333338,0.6382,0.6305072222222223,0.0043846218,0.010541050843333339,0.0446664464,0.08713167294083335,0.6258553822,0.9654303388690281,3.8088221844,3.5042798274375007,22.4977470732423,24.60996535726181,0.5811889358000001,0.81180054969,10.14546906395446,13.666097029492564
AFUPEX_clean,5.43312,5.695185813203464,4.58891,4.6662737396329375,1.38641,1.2428439236111108,1590.39,1719.700941666666,0.6146,0.6097116666666668,0.0035474642,0.006552037983055554,0.0363056462,0.06683401315666668,0.5571550158,0.8931606173833333,3.3405345872,3.9778439340565277,21.31604036369879,22.6497650128948,0.5208493696000001,0.8255887379412498,11.19564652767357,13.53729053034188
AGABIU_clean,12.57098,15.82375466666667,10.82742,13.075479249999988,0.647122,0.8791839516666667,2769.29,2287.9268250000005,0.7402,0.7046399999999998,0.0003876822,0.006978222318055556,0.004246556,0.03830846909166664,0.0656791089,0.45661220660916685,0.449980581,2.2385234446208324,12.26919708951046,21.332417783559755,0.06143255290000001,0.4129240811779166,3.215606327293414,8.45664137311294
AGARUW_clean,6.77693,6.558210556944445,6.25183,5.330795598015872,1.77195,1.2776744902777777,759.804,1230.1673125,0.5056,0.5637460000000003,0.0013714605,0.008404810031666664,0.0138657806,0.06458370302166663,0.2120239303,0.7346479993549998,1.3800661585,3.568799182804447,19.60139721497743,22.958545768140144,0.1981581497,0.7205679391944443,9.464315787357846,12.86113605176359
AGOFEJ_clean,12.6138,16.66367224999999,8.71559,13.258830166666666,0.583675,0.742611575,3357.77,2570.055758333333,0.767,0.7596300000000002,0.0025596817,0.01002270813833333,0.0271994512,0.08871830168833336,0.3780280928,0.7096937787549998,1.9669628757,2.1631434625775006,20.82979436101395,18.449182013982867,0.3508286416,0.5546726632766666,7.393678681975984,8.308718952982266
AGONAM_clean,5.63222,6.318286757890505,4.90729,4.931992212759466,1.43768,1.2497132254545458,953.171,1151.3573427083327,0.568,0.5548263333333334,0.0042693844,0.009596681686458329,0.0419746385,0.07745419874694442,0.60780417,0.8812406584908338,2.672878161,3.8114603259038677,22.56157232031557,24.009491003815405,0.5658295314999999,0.8277548355783332,12.12573241529781,13.538925720074031
AGONEQ_clean,6.16099,6.774887236111113,5.90611,5.484614666666669,1.08253,1.079331479166666,2090.61,1934.236041666665,0.6752,0.63037,0.0021492472,0.007774411134722217,0.0226791556,0.08430139737624999,0.3505973908,0.8086967394616672,2.6399261172,3.951411014807144,17.71791888004394,21.149492968024727,0.3279182352,0.7861664386899995,7.308392629870688,9.65676572209732
AGOVOJ_clean,13.91201,16.966462166666663,9.20691,10.345573416666669,0.616035,0.6618602750000002,3431.85,3768.2548500000007,0.7722,0.77333,0.0015805622,0.008676234449166672,0.0145023515,0.06878984528583333,0.2267358084,0.44537480513666644,1.470527351,2.1970965903891666,17.17350299637961,19.976539344570767,0.2122334569,0.39010278889749983,5.723966062630661,7.319927342817053
AGUBUA_clean,5.46218,6.321407766374267,4.59563,5.356791756944447,1.83317,1.3282977694444447,734.196,1627.946233333333,0.576,0.5735366666666668,0.0115399694,0.016540454736666665,0.1148304709,0.10163653635500003,1.3170226061,0.773660726705,2.9574066552,2.886903642026668,26.13034982507809,23.782493835697924,1.2021921352,0.75236011465,16.23571381592219,13.77204632711792
AGUVOO_charged,6.0722,6.4226914107142825,4.11181,4.758723175198413,1.16455,1.4714054062499997,1302.94,1071.8256402777777,0.582,0.5545741666666667,0.003301675,0.008303983691249996,0.0340033559,0.07302187991666664,0.5013019622,0.5298840483633337,2.717305111,2.8558450031633353,22.3493060769521,23.81679335497382,0.4672986063,0.6573136277574999,11.13121346016679,13.26055777347712
AHEQAH_clean,9.26829,9.533170333333327,6.21673,6.3100774166666636,0.759287,0.8627871000000004,3181.91,2802.545483333333,0.7146,0.6909616666666667,0.0034391724,0.0120945592525,0.0356860607,0.07000299119249996,0.5541552361,1.0690202723833333,4.0480127568,4.244325259641667,19.87655007507289,23.489472491904785,0.5184691753999999,0.820894679868333,8.553060082205361,10.883626718297664
AJAKON_clean,5.2765,6.123669347222224,4.32303,4.3943652046476664,1.36723,1.2679928861111114,780.005,1061.3460118055557,0.5024,0.5441423888888892,0.0088331737,0.012620561979166663,0.0879754354,0.12017729810994049,1.1131164529,1.4288614809847637,3.1313374514,4.599631791413194,27.24940733944657,26.64321744168738,1.0251410175,1.2954652098648334,19.63815102581728,17.725228482220547
AJAYIT_clean,7.12611,7.069135583333335,4.89301,5.070519152777778,1.98392,1.6204018055555551,423.782,831.9184635416672,0.4314,0.5399944444444444,0.0,0.010686411483333333,0.0,0.06463917625333333,0.5625215714,0.7408068992133331,0.0,2.01688240596,25.14540047800167,24.353260009258157,0.5625215714,0.6111958865924999,15.84145012290162,12.284776078972083
AJIGIL_clean,6.71352,6.869828152777781,5.54656,5.197631124999999,1.08988,1.3461134916666664,914.419,1134.0563347222221,0.4838,0.5399720000000005,0.0023339671,0.014708495822500006,0.0244351208,0.14381565985666667,0.3567450364,1.4807114501708334,2.0327693873,3.472817742446665,23.36583325117232,25.318600067098824,0.3323099156,1.1555050244283334,11.87575609838297,14.600148238840342
AJOTEY_clean,5.91075,6.834054250000004,5.20074,5.292167545454544,1.2556,1.22992465,1546.98,1903.8038916666665,0.6358,0.6155019841269843,0.0011000885,0.01776951653416666,0.0111408958,0.18749842773166667,0.1711204263,1.2691367835550011,1.1114071453,3.0730445309066665,17.04567391018595,21.281486722574027,0.1599795305,0.91469227819625,6.527134935439431,9.719379531024128
AJOXAA_clean,6.60857,5.9075008017785295,4.38157,4.613112839632936,1.52914,1.408962384166666,902.948,1169.9708876984128,0.5468,0.5574457291666671,0.005197248,0.010194193162847226,0.0520807012,0.08007930886333334,0.7406299989,0.7495465190142501,3.0720585809,3.3787317520503133,23.41493304477937,25.025318057463526,0.6885492977000001,0.719876713600611,14.60774077594806,14.08403603784955
AKEDIF_clean,5.94406,7.470073658333335,5.31262,6.136950333333334,0.925851,1.0183059749999996,1808.02,1750.4145166666672,0.5828,0.6356449999999998,0.0126586177,0.006679688898888888,0.1260860592,0.07096312711861108,1.7723232335,0.9283486314416673,6.4394222705,3.438885910161677,24.75062188980203,22.520478194371467,1.6462371743,0.8352078632487504,14.85869507536357,12.124391935970415
AKUKUO_clean,5.04792,6.815915454545458,4.38484,5.487016511574073,1.30477,1.3565526583333327,814.426,1274.5647791666674,0.5004,0.5493941666666668,0.0156625039,0.00781003512,0.1583530134,0.10662555899833329,1.6611782461,1.0425086915225001,3.5400838381,3.294586544066666,27.75870889776703,25.035092699685315,1.5028252327,0.8818950062999995,20.15554208456709,12.515313070756587
ALAHUS_clean,7.1812,6.907382274305559,5.45466,4.995314908333333,1.36604,1.3444772888888887,1122.76,1543.707295138888,0.5724,0.5861458333333333,0.0024230437,0.006707243845555559,0.0246197703,0.07208621869166666,0.3729605255,0.6631185500062498,2.4954456125,3.3064931063656267,21.0547628231059,23.21185848961564,0.3483407552,0.5887500495076388,10.50072857204655,11.993621145194757
ALAMUW_clean,11.92678,13.77265883333333,5.98269,8.204114749999997,0.64997,0.7070831833333335,3766.22,3314.6064333333347,0.761,0.7558133333333334,0.0040047235,0.0053350209091666675,0.0393449256,0.04921409473833333,0.5172211193,0.6234213406437502,2.4845953762,3.0900846532574993,22.013977416876,20.01185813561397,0.4778761937,0.5585859450083334,8.65109115500579,7.59606733762225
ALANAD_clean,8.58065,9.92451466666667,5.8094,7.424368500000002,0.697286,0.7825905666666667,4035.37,3041.4103499999987,0.7542,0.712125,0.0021185134,0.012262144850000002,0.0214435465,0.1127947334825,0.3277992145,1.2574609174399995,2.3601962489,4.464217515471665,16.5604454544892,23.149800493895874,0.306355668,1.1581315985624998,6.009962183756916,10.908183796827371
ALEJAE_clean,19.86541,18.36719066666666,14.56862,17.544696666666663,0.274675,0.39500901666666627,5195.22,4857.357999999998,0.8942,0.8804716666666668,0.0014403283,0.007740420413333337,0.0137833611,0.06731478909916667,0.2019071143,0.5039862925274998,1.2407979474,2.9552318011283325,15.10647937512765,15.79111629427717,0.1881237532,0.4483541243799998,3.737620861564929,5.933746629274776
ALEJEI_clean,18.06508,18.302185083333345,7.13825,8.958897166666663,0.600782,0.5718002791666669,3701.13,3879.643083333333,0.783,0.7859883333333336,0.002307175,0.004379042715833332,0.0236804942,0.03484433029000002,0.3551468748,0.3810052654491667,2.0225920069,2.3386350047530557,19.10360502844981,16.574303743353372,0.3314663806,0.3475528857708334,6.742931214404237,6.075029037059259
ALEJIM_clean,18.20917,19.323452166666666,7.10984,7.747958458333335,0.592075,0.5482380333333338,3730.3,3875.4220833333366,0.783,0.7978716666666668,0.0022900393,0.003501707932234845,0.0237896639,0.032930418546944444,0.3451808015,0.39983194816833323,2.0817761164,2.368391624296668,18.74352581252961,18.510567817870943,0.3213911376,0.3853888561291665,6.415655912608909,6.604057055792757
ALIXOJ_clean,7.8603,7.8031733333333335,5.01976,5.633973916666666,0.979833,0.9946257249999999,2049.12,2026.2920083333322,0.6394,0.6360666666666664,0.0023214176,0.00807102779,0.0241887338,0.08355719980958337,0.3548133563,0.8770276474512504,2.3293739712,3.737121098802084,20.15381524473275,22.262133833456094,0.3306246225,0.7766158021674999,8.349257392360943,10.917587321001507
ALIXUP_clean,6.38387,7.121987447222222,5.75713,5.646116053333329,1.33865,1.2183021527777773,1021.37,1124.1251604166669,0.5492,0.5571383333333336,0.0002959626,0.0062725351198611124,0.0028807945,0.05906957108291663,0.0430680845,0.9044860173533332,0.3052314437,3.3847772946254184,16.50341807897081,23.23680077018859,0.04018729,0.7534963646430952,4.861223855560234,12.865030770835917
ALOLET_charged,9.3993,8.061154979166664,5.21411,5.780605483333334,0.901246,1.0381045333333332,1879.08,1983.6841000000002,0.6446,0.6294433333333335,0.00478932,0.006504309442916666,0.0484904355,0.095721282365,0.572908904,1.0364580180944443,3.5754948672,3.6236337704208332,28.8352912926757,21.08537012710827,0.5244184685000001,0.7662910274433331,11.44205829773628,9.473833529331076
ALOLIX_charged,9.32283,10.67130149999999,5.599,6.930539666666667,0.940569,0.9359243916666672,1979.4,2178.235016666667,0.66,0.6652799999999996,0.0026244892,0.007856974235833338,0.0255984182,0.09140136333861114,0.3924732983,0.8516008761066668,2.9420342633,3.6302904022966667,19.68184300281137,21.516630958328058,0.3668748801,0.8394321932016661,8.407137948995686,9.389603635926697
ALOLIY_clean,6.86569,6.648590973137971,5.12412,4.971383377795582,1.19169,1.1811908975694443,832.898,1209.147933444444,0.537,0.5756099166666668,0.0001892454,0.006848166156166667,0.0020507325,0.06978429715791663,0.0315128079,1.076148794205834,0.2163419553,3.1787400532517487,13.64329925570052,23.26061229346027,0.0294620754,0.9406287292519447,3.744582552502171,12.936888932369545
ALOLOD_charged,7.87306,8.64289091666667,5.02701,6.309431500000001,0.898447,1.0227751366666664,2004.72,1916.6369500000003,0.6338,0.6497495833333333,0.0048824608,0.013242342654166668,0.0491900818,0.11170278443291665,0.6757349887,1.0321122212341667,4.1497131167,3.388973772460001,26.21593118942352,23.756574717635292,0.6265449069000001,0.8402881771916664,12.37933246599077,11.085684063542082
ALONEV_clean,5.59976,5.949164026190475,4.84057,4.607279478047418,1.49156,1.297269641666667,1107.49,1255.1403916666663,0.571,0.5566461111111111,0.0005374463,0.010080021054999997,0.0052896035,0.1235899342241667,0.0770528332,1.1621050707458334,0.4583720998,2.7283627565904163,20.8407802629551,23.900023809167013,0.0717632297,0.9861306880724998,8.441477949512112,14.111137655609177
ALUJEX_clean,5.99288,6.28248779835231,4.42191,4.6255503155303,1.43356,1.3822118097222231,914.712,1060.9035604962128,0.5364,0.5641895833333334,0.0069110001,0.00778390341861111,0.0687939272,0.07267659710805555,0.9717910198,0.9239985078959999,3.4630769172,3.2862703823666655,24.89719745422052,24.238768859989115,0.9029970926,0.8154958754032091,16.39457901497445,14.862856527566896
ALUJIB_clean,6.08943,6.03032143055556,4.42337,4.637335166791986,1.4324,1.3946744041666668,921.959,1040.902012361111,0.5424,0.5541559722222223,0.0065378797,0.007470765309989318,0.0655108031,0.06806492643277773,0.9202587436,0.8206479819785415,3.4884895122,3.365076860226597,24.60936521083268,23.897641093892936,0.8547479405,0.8468743434879177,15.99462998918212,14.49737864299982
ALUJOH_clean,6.14197,6.16484817916667,4.45081,5.07177350548246,1.41539,1.4155453847222226,958.46,1030.9811955050507,0.5526,0.5537627777777782,0.0054216641,0.007878540950822651,0.0560309777,0.07389999525999995,0.8168693981,0.8455920093458323,3.3488363509,3.2982344832054165,24.1373302992447,24.311977832731873,0.7608384204,0.8813471967333336,15.65858564970628,12.568199266604555
ALUKIC_clean,8.54387,9.465793916666671,6.77342,6.9531005833333355,0.56692,0.6594754791666667,5085.74,4147.776916666665,0.7934,0.7619349999999997,0.0013653256,0.002519514163726191,0.0139412998,0.025062917474166658,0.2127834084,0.35236368805583335,1.5363715608,2.295875077876249,14.32046834898193,16.146640633152703,0.1988421086,0.3288994985066669,4.353606789663611,5.6018978739380625
ALUKOI_clean,8.54787,8.826667333333337,6.76817,6.79625891666666,0.579939,0.6277935333333333,4979.11,4550.483805555556,0.7926,0.7764999999999994,0.0014078522,0.0020997842286249973,0.0135809674,0.02265830419,0.2088087876,0.37466715702208336,1.5122819966,1.8780092244291677,14.33647786880509,15.953954463656126,0.1952278202,0.29342228140180554,4.37571090129284,5.683688506011312
ALUKUO_clean,8.54799,8.819598916666658,6.78315,6.692047500000005,0.582411,0.5787286916666672,4970.58,4884.8926666666575,0.7922,0.7917399999999993,0.0013417784,0.0021597263236111104,0.0138349759,0.022657928063055555,0.2105182701,0.2942376719116665,1.5321136444,1.856589945023334,14.36586723005385,15.001594208606482,0.1966832942,0.27775096793425014,4.388928067924613,4.993770105372846
ALULAV_clean,8.53005,10.181456000000004,6.74275,6.748727583333326,0.590909,0.6427741499999999,4908.1,4212.852055555556,0.7924,0.7656699999999995,0.0016529977,0.002428494167499999,0.0138382713,0.02703909175125002,0.2142195672,0.39653434119458364,1.5470383166,1.9798079218091678,14.43882682319936,17.152780094155343,0.2003812959,0.3563514862619442,4.4732607230454,6.726507199921854
ALULEZ_clean,18.75501,25.46427033333333,13.37911,16.441376166666693,0.425946,0.5097137749999997,3463.71,3228.5957166666676,0.8336,0.8417783333333335,0.0007821367,0.006993069603333331,0.0073040484,0.05160259886249998,0.1093821274,0.3511672007691667,0.7286681239,2.1218370443591668,13.05383287987414,17.432789269085756,0.102078079,0.3937854794416664,3.322794283729487,5.524145199527741
ALULID_clean,7.81513,7.854056875000001,5.26988,6.10912895833333,0.929552,1.1104182749999998,2283.71,1956.7068458333342,0.6652,0.6229716666666666,0.0030158142,0.007667888915555557,0.0309704246,0.0644153367833333,0.4722730515,1.020923573975,0.0,3.6372647308500015,19.94456756893844,22.830757448571788,0.4413026269,1.0093453622125,9.063716168393361,12.624507725789458
ALURAB_clean,6.8318,6.697049819444447,3.73291,4.487117715426588,1.05182,1.1159403152777778,1193.73,1421.7849416666659,0.5338,0.562839166666667,0.0087406096,0.011292493210833334,0.0872043898,0.1144459012013294,1.3132099945,1.1171018894900002,4.891056124,4.548679516475832,26.2021259686853,25.843368782833615,1.2260056047,1.1738738078904762,19.9936262671152,17.654546592731
AMAFOK_clean,6.60314,7.466463822916667,5.66314,5.733864722222219,1.49249,1.3010465250000003,583.026,911.6804979166668,0.4392,0.5197749999999999,0.0094602893,0.0050499830941666685,0.0922770576,0.05243571131916665,1.0490442865,0.5736135953175,2.4864850908,2.0291213464404154,25.22157409643328,22.1054372776541,0.9567672289,0.6027073619683332,16.15067749425848,11.75542768947395
AMAGAX_clean,6.93247,8.179589541666667,6.0951,5.36532276388889,1.45916,1.287523158333333,658.174,1250.3665458333332,0.4598,0.5696773611111112,0.0069735815,0.017967600049166674,0.0700208452,0.14080307971333336,0.9327472084,1.0123185989583325,2.7202214247,3.3468696777499987,24.07851974932516,23.514458301107553,0.8627263632000001,0.9673846298941663,15.55322978922907,13.577106956593116
AMILOY_clean,11.03089,9.277001133333329,9.17864,8.134196333333328,1.00746,1.0856236000000008,1249.73,1534.0916166666664,0.6048,0.624629166666667,0.0136242161,0.010243564532962955,0.1259662818,0.09371201683749995,0.8957039568,0.8344822286749997,2.7213221028,3.278815885129168,29.20071626142445,25.66110367463039,0.769737675,0.8679650471155551,13.23301851163525,12.530380323662785
AMILUE_clean,11.39418,9.905358499999998,11.07263,8.490557416666665,0.982365,1.1138221333333331,1276.27,1574.8477250000005,0.6124,0.6176772222222225,0.0137463529,0.00651936728083333,0.1267005923,0.05314248422416665,0.8442396609,0.551233955885,2.4042667694,2.7774619663052786,29.23898195538342,22.826600306367645,0.7175390686,0.4791026483274999,12.86331575125211,10.070126967549548
AMIMAL_clean,11.07211,8.943337583333337,9.50667,7.7080639166666565,0.988926,1.0630578099999992,1283.28,1639.4766750000006,0.6132,0.6251591666666664,0.0138223161,0.012140979299166663,0.1224481448,0.09841736653166669,0.8570357296,0.9456354773766675,2.4456324335,3.160564909938752,29.24446914245567,25.90229513732473,0.7345875848,0.7838453333216671,12.83779261258767,12.824234672518854
AMIMEP_clean,11.21563,9.257371166666669,10.87494,7.1626263333333355,0.985981,1.1090576,1278.57,1563.4722833333335,0.6026,0.616912222222222,0.0144717266,0.022476757085000014,0.1312122082,0.08437442433149994,0.8586935139,0.7430651816766668,2.3683734318,3.044986796906875,29.74613823215902,24.976204570959144,0.7274813057,0.8166047649391663,13.08645338076947,13.271855550446475
AMODUC_clean,8.56321,9.57024908333333,6.70069,7.578053166666664,0.575734,0.6677559333333334,4971.91,4081.802658333334,0.7896,0.7643749999999997,0.0018639221,0.004209836901666667,0.0181970292,0.041743761503333324,0.2746906207,0.4505401353108335,1.9367773776,2.5159713588633323,15.31837918007847,17.58053638558289,0.2564935915,0.48924385504437495,5.07896588917416,7.530052957995813
AMOFAK_clean,8.38842,12.629010583333331,6.72694,8.704779250000001,0.577283,0.5746968416666666,5054.09,4078.8150833333334,0.7804,0.7728283333333331,0.0017967667,0.008088669860833331,0.0171656404,0.07069418443395836,0.270795983,0.6365129120866663,1.8915985892,2.979080902538336,14.96906956752485,19.23300018092326,0.2536303426,0.5680283152541671,5.007599024044416,7.033966677138868
AMUWIP_charged,9.98598,10.644644166666668,8.78636,7.351948000000001,0.771567,0.8567139416666669,3144.95,2654.1105000000002,0.7126,0.6886133333333337,0.0039997225,0.008407480059166672,0.0382211928,0.07205463197604164,0.5555202615,0.72079351764,3.4575395392,3.089770535010833,21.12435279745998,22.719862976309077,0.5172990687,0.6407743900249998,9.307777182012405,9.915549444556945
AMUWUB_clean,10.40349,11.600561999999996,8.69532,9.76588058333333,0.914151,1.1402210416666665,1565.42,1539.2532916666664,0.6498,0.6354466666666669,0.0008401528,0.0035778973899999998,0.0091363689,0.040613291385,0.1356460596,0.287932718905,0.877505644,1.23432736349,17.48486808171559,20.86118662886829,0.1265096907,0.28044181206562513,5.621920465273956,8.79483159227747
AMUXAI_clean,8.64297,9.128753583333333,7.79614,6.8157647500000005,1.02442,1.451691975,1368.83,1326.5425262878784,0.5964,0.584885,0.0010552983,0.01032142113666667,0.0111096478,0.08631534366083335,0.1638442,0.7010057431216666,1.0724431653,2.2392357482858327,18.98889785940007,23.97571935862928,0.1527345522,0.554081150235833,6.917102207071005,11.581931076956788
ANAWIX_clean,5.45667,5.879516160732321,5.01969,4.670916281817257,1.52823,1.2447456383547009,972.705,1242.6393222222225,0.5628,0.5827586712962965,0.0036970558,0.00829073720611111,0.0344350697,0.07141211834750003,0.4852061862,0.9968045023977776,2.1240360491,3.8049915012920823,22.37465232184391,25.27565521840911,0.4507711165,0.9664561556454162,11.85820453899233,14.233240509141845
ANAWOD_clean,6.92762,7.387007722222221,6.10595,5.923880375,1.43826,1.3375231541666672,1086.17,1495.4831833333333,0.5924,0.6168066666666667,0.0038265908,0.004858872495972221,0.0375424936,0.05041960211958332,0.5749243792,0.7479787493354163,3.4841030936,2.7882906820391655,22.25550148510892,21.85662962436551,0.5373818856,0.7190140945991671,12.16513096543759,10.492022324603898
ANOMOG_clean,12.8003,9.935379083333336,5.50166,6.965688833333334,0.784559,0.769095658333333,2698.05,3182.506416666668,0.7198,0.7145766666666664,0.0072367768,0.007294952879166666,0.0686304406,0.0700013840375,0.7850026237,0.8865118937991666,3.9056445644,3.632167968762917,26.6682651615518,21.987396525549983,0.7163721831,0.8370820907166668,11.63126400195959,9.376370523708646
ANOMUM_clean,7.28969,8.163109750000002,4.98752,6.0607113749999995,0.833729,0.9822649166666668,2990.19,2272.527258333334,0.6952,0.650745,0.0042131253,0.009290711868333327,0.040673645,0.0722766591325,0.6065942208,1.3496421088222226,4.1467199171,4.395712206473334,20.25713357478829,23.652821343458772,0.5659205758,1.206473504696875,9.128491278738583,14.652584234697455
ANONAT_manual,7.80429,8.811385333333337,5.88473,6.371802916666666,0.800823,0.9486264333333334,2885.95,2156.632033333333,0.6928,0.6547133333333331,0.0033768881,0.008970679084999997,0.0328745723,0.06277485778583332,0.4924507558,1.0162034509725,3.2651953173,3.465552815392501,19.52087209790363,20.72984855845432,0.4595761835,0.8082009347099997,8.165780756234518,9.736515098310097
ANUGIA_clean,13.85309,14.376844999999996,6.75838,7.892071666666669,0.567973,0.7050794000000001,4060.62,3607.547575000002,0.7948,0.7342799999999996,0.0020884975,0.014338544168333339,0.0202966172,0.10830194452166667,0.3052715823,0.7029568727641666,2.1689854895,2.0656493691416666,16.53555982318555,20.473421643923864,0.2849749651,0.5944871119624996,5.682700313590245,8.541336194244332
ANUGOG_clean,11.39005,11.793764583333324,7.08849,8.974757666666665,0.58467,0.7164618749999998,4228.07,3786.9950000000013,0.7898,0.7504733333333333,0.0023895577,0.0059908154075,0.0248245623,0.0667908545208333,0.3705285268,0.6649853241058332,2.5072214412,3.6174901527174983,17.68582738009976,19.494031506755096,0.3457039645,0.6070958199566666,6.385106590210049,7.7936108171869005
APACAX_clean,5.65344,7.285151,4.07573,5.047319546031749,1.00727,1.1305992739583337,1763.34,1753.6117020833344,0.6264,0.5902571666666668,0.0143349174,0.010103012749166666,0.1382635055,0.11034049633499994,1.9035259479,1.3959700500083332,6.9047062523,5.239764377167362,25.9406282539451,25.03342833743703,1.7652624424,1.382901974556249,20.44424383672818,16.380154283643165
APARAM_clean,12.00094,10.52243191666667,11.06312,8.848211249999999,0.965457,1.1076338250000002,1061.95,1589.4634500000002,0.6016,0.6098158333333328,0.0181956414,0.004881389495972223,0.1596928598,0.05143674960166665,0.9037021933,0.5028240619674998,1.9720904993,2.268844758480833,34.88710746406196,22.23338414619139,0.7440093335,0.6421849315291664,10.13939154554578,10.110349682566866
APAYIB_clean,5.96805,6.112813468253973,4.21212,4.440743612024317,1.10941,1.1283497583333335,1928.86,1633.9677733333338,0.6164,0.5818402777777779,0.0121815892,0.009782202604166672,0.1179804947,0.10913886789775003,1.5006733856,1.1001797301175,5.4647507727,4.6240943954591645,25.20335594482541,24.555214761909916,1.3826928909,1.000792678843333,15.04697554759238,14.011755857320377
APAYOH_clean,6.13125,6.094764345734126,4.32559,4.495397121861701,1.11146,1.1217154722222225,1967.56,1840.8828416666668,0.6078,0.5967321031746035,0.0109657146,0.009125651776666667,0.1092109198,0.08727599415250001,1.4053089426,1.0773783204058334,5.2518205326,4.44519863942604,25.03005713682835,23.73033700400559,1.2960980228,0.9909122863508334,14.27325955301355,12.810144156004888
APAYUN_clean,6.02417,6.128266089529914,4.10555,4.343912800715843,1.04671,1.1485414527777769,1974.55,1856.469299999999,0.6206,0.6044483333333327,0.009129473,0.010165230075,0.0895070966,0.10871984609333335,1.231572488,1.2621544208393052,5.1239018006,4.872653550277572,24.00683578648293,24.915307333118122,1.1420653914,1.1889237668933328,13.99855984836734,14.373739457518345
APAZAU_clean,6.57194,6.469453150694448,4.51844,4.828256575000004,0.970314,1.075577174305556,2333.14,1889.187675,0.6264,0.6121108333333337,0.0092786524,0.009000159863301278,0.0918794076,0.08411308814666671,1.2250853701,1.1299128811312495,5.5699633064,4.9022167066022915,24.18325717051921,23.695631248849786,1.1332059625,1.0963764358179162,12.82992060250357,13.448050647158883
APAZEY_clean,6.61049,6.581167738591275,4.70522,4.89448152727273,0.97171,1.0972149666666668,2316.35,2083.419808333336,0.6362,0.6141227777777779,0.0091095109,0.009385789390833331,0.087272532,0.08943846531472216,1.160217803,1.1401665857000003,5.2249788338,4.5823289771225,24.22396152059132,23.469171680639768,1.072945271,0.9504276139808332,12.71314658370777,12.499465266560863
APAZIC_clean,7.1095,9.701158291666669,4.86225,6.605229749999998,0.893607,1.0477023083333334,2443.31,2187.457025,0.6554,0.6511450000000001,0.0070900191,0.005100069570000005,0.0721190432,0.04758629820083335,0.9781152032,0.4796907957783333,4.6534113399,3.3717954044515297,23.23681424432826,21.400806590349905,0.90599616,0.5681593444691663,11.7022765598814,8.962900679330382
APAZOI_clean,6.38612,6.251143004960317,4.28228,4.531872445370371,1.14648,1.1242643666666672,1786.13,1879.1321950000006,0.6026,0.601496666666667,0.0088263869,0.008942519986527777,0.0904755551,0.0892430391110625,1.1383836629,1.2866297434423537,4.3654210091,4.70227283362157,24.56968538324952,23.767042267183708,1.0479081078,1.0305826250249999,14.24981813446164,14.219536411819117
APEBEE_clean,5.40727,6.426918832427538,4.06272,4.860365227665044,1.31041,1.2082862206349212,910.333,1086.9755059199135,0.513,0.5462723958333334,0.0153944335,0.013201937288611113,0.1526527776,0.09257411015194444,1.6892151285,1.1313149434616665,3.6831357803,3.6976373001320835,28.28612767185855,24.898418127100783,1.5365623509,1.1575384482775,18.70941210513043,14.635147972313488
AQEGUY_clean,5.54395,6.1521918686507915,4.66139,4.900226837797619,1.46355,1.3534541666666666,871.62,1088.6984883333332,0.5148,0.5461133333333337,0.0146734912,0.018011917239166668,0.1465101124,0.11683296916750001,1.5628723395,1.1100828922850006,3.4793661147,3.3794580977183344,27.33669985318307,24.66291892900326,1.4163622271,1.1500647611370831,16.96884056514855,13.746739131231578
AQEQES_clean,5.6853,6.232840791666669,5.37606,4.684062330972222,1.07587,1.255404971780303,1619.58,1459.692220138889,0.6052,0.5887140833333337,0.0036851083,0.007331659813333332,0.0362893286,0.0814441420805903,0.5376932516,0.9729733655470827,3.212365071,3.574154137676669,20.21480426563028,24.526832703056986,0.501403923,0.8890065355375003,9.5880179818981,13.633347848135207
AQEQIW_clean,6.30636,6.695149805555555,5.13016,5.386864888888886,1.10057,1.2494002638888888,1567.33,1640.8913374999995,0.6202,0.6127684490740744,0.0038339712,0.005102191997083331,0.0399111558,0.03979544461208332,0.6218076199,0.5813240496408334,3.5063977397,3.0507545229175013,20.49389714082465,20.935965324522865,0.5818964641,0.5391871967549997,9.9805704510204,10.366540656206755
AQIQAU_clean,7.60741,7.518712708333336,6.30843,5.673587083333336,0.861714,1.0039802249999998,2282.5,2017.852208333334,0.658,0.6403391666666669,0.0035332584,0.0063047441066666704,0.0357133495,0.06694407383902774,0.5435668292,0.7680112336908335,4.239675744,3.7140867194420824,19.68935092041627,22.089514572264633,0.5078534796999999,0.7059123023358336,8.692848161999816,10.724962645556444
AQIXUV_clean,8.64919,6.379113409722219,5.459,4.962008625,0.934501,1.1096409333333335,1181.86,1096.8348286375658,0.5626,0.5409324444444449,0.0016683183,0.011434258980000002,0.0174151573,0.13838940529,0.2523456497,1.1945187335464584,1.5377702738,3.4273580325708353,20.90535620930275,25.350992922748347,0.2349304924,1.0798623285474998,8.730969592137166,15.693392640472752
AQOLEZ_clean,15.56875,15.637064999999994,9.80847,8.666272375000002,0.777237,0.8462799666666665,1644.67,1877.8757222222216,0.7198,0.7046666666666671,0.0057101754,0.005091397740833339,0.0580687508,0.04736833232166662,0.8387633646,0.7174718549474993,3.5651997468,3.0018563117683352,23.74275630350595,22.66281994766802,0.7806946138,0.6696911080358329,12.22788296335989,11.417708402279748
AQOLID_clean,15.46142,15.788388333333327,7.44821,8.886737333333324,1.15975,0.8748327083333332,1054.13,1738.0506500000033,0.6494,0.7105466666666673,0.006855772,0.004927806702777779,0.0693491495,0.047334315692500004,0.8924817902,0.7209686819525003,2.8557376159,2.7922750397500002,25.95990222418851,23.62953310017265,0.8231326406999999,0.697188231621666,15.0241850006393,11.935301137689686
AQOLUP_clean,15.5822,15.700675333333317,9.65924,8.955752999999994,0.788284,0.8658099749999996,1632.89,1535.6689305555549,0.712,0.6983966666666673,0.0055131526,0.0049676538483333366,0.05482145,0.05126089083749997,0.8115021623,0.7095388491133326,3.2144387706,2.9333577244316698,23.87736944879557,23.354628993210085,0.7566807123,0.6686095727316658,12.48857924471848,12.717558222251368
AQOMAW_clean,15.65949,15.68495700000001,6.23259,7.895855500000002,1.14479,1.0728000833333335,1133.23,1405.8004520833347,0.648,0.6724916666666666,0.0068454994,0.0031973863637499984,0.0650356369,0.03605906959104165,0.8698234885,0.5346265429416668,2.8945593973,1.7489438445633345,25.74923498510861,23.43441811496213,0.8047878516,0.4306979083283334,15.23789488735336,10.837970859896325
AQOMEA01_clean,15.71951,15.656424666666654,9.72839,9.597001416666659,0.76692,0.7925094750000002,1670.9,1641.8812166666705,0.7184,0.7122566666666679,0.0047917089,0.0051740289100595215,0.0483408601,0.05252789493083342,0.722285007,0.7525387475158334,3.1359626505,3.1542965249008303,23.13792800506216,23.54052034203255,0.6739441468999999,0.7123978070699997,11.84277957311371,11.960366279289532
AQOMEA_clean,15.83521,15.699548166666647,9.82464,9.388506666666656,0.749306,0.802416208333333,1701.44,1734.7607833333325,0.7222,0.7124950000000007,0.004186027,0.0045821700916666725,0.0431543209,0.04322785091916666,0.6396393972,0.6040389955541663,3.1031193926,2.761643250680834,22.51635428502329,22.411714059796797,0.5964850762999999,0.5630279384416662,10.78375816561086,11.041788273711884
AQOTIK_clean,6.7817,6.274385073148149,3.86887,4.749325625992063,1.47348,1.2419391333333336,874.359,1188.8338630952376,0.5612,0.551049861111111,0.0070626049,0.010401966337500004,0.0725189371,0.08965650194875004,1.0784926073,0.581500683029167,4.3494664745,3.1281470448110005,24.41713392971237,23.287622516882433,1.0059736702,0.8427524413041663,15.85502406885303,11.944140738082329
AQUCOF_clean,9.38154,8.138343500000003,5.59471,6.191016687500001,1.04219,1.2347979750000002,1876.59,1764.3171416666662,0.6824,0.6402749999999997,0.0013753378,0.004364946403333335,0.0138369852,0.07894347338666666,0.2084298658,0.5769094903994445,1.4325306725,2.462513130903334,18.19770338714691,19.57508728040608,0.1945928806,0.5379921799266665,6.996557335754473,8.114784783301209
AQUCOG_clean,11.41407,11.595514750000008,10.59979,10.605499333333333,1.19971,1.189692566666667,1314.22,1662.1565500000002,0.6588,0.657771666666666,0.0013499406,0.005699731577777784,0.0134537019,0.04541352617891665,0.2056814516,0.44653436094513865,1.5233594634,1.5968359796033331,17.70553050872961,19.726829569375536,0.1922277497,0.31470583863472246,6.629395955098996,7.385499393884768
AQUCUM_clean,11.51533,11.835393750000005,10.7235,10.651535249999997,1.1988,1.174408391666667,1317.1,1527.449383333334,0.662,0.6639816666666661,0.0013644321,0.0069329527002777855,0.0137836626,0.04434703016474997,0.2088272256,0.4331367780634721,1.5978547811,1.65186763709,17.68979220647932,19.349285242720004,0.195043563,0.3810925574547223,6.650596419448897,7.352393818035708
AQUDAS_clean,9.38408,7.490790833333333,5.62446,5.307108041666666,1.03958,1.1701526333333336,1887.52,1757.696255000001,0.6752,0.6292841666666665,0.0013084521,0.006582468476666668,0.0134245232,0.053073330368333324,0.2039248332,0.5792619676008335,1.4295640117,2.1532246704425004,18.13824057165409,19.85641449394831,0.19050031,0.5713608284349996,6.751663173636748,8.30471576348787
AQUDIB_clean,11.3608,11.49054833333334,10.54479,10.365864583333332,1.19943,1.1960059833333336,1315.3,1656.6108000000002,0.659,0.656706666666666,0.0012618768,0.005818500226944451,0.0129342367,0.045494890643083305,0.2001657571,0.436298158960972,1.4753936554,1.5327818298783327,17.69325145328937,19.704666321525313,0.1872315204,0.31114157054805586,6.570071641669011,7.399202432829711
ARADEE_clean,5.98273,6.762179628306878,5.3868,5.729015555555554,1.18176,1.1639081091666668,2211.32,1716.2288993055563,0.645,0.6171118750000002,0.0051407442,0.008114262585416664,0.051824308,0.058024420879999976,0.798811639,1.0160492216500001,5.2653169862,3.657075461985832,21.68921711950216,21.794810854024085,0.7469873309999999,0.9534883963166662,12.63251516164387,11.49530654057076
ARAFEF_clean,8.89536,8.264743166666664,8.62816,6.8563405833333295,0.837745,0.9522896083333333,2222.3,2156.2253583333336,0.6918,0.6610174999999998,0.0039465206,0.005538492437944447,0.0399694994,0.05070375650583333,0.6129232639,0.6823769202400002,4.7253252213,3.9707738631591645,20.82359659777691,20.56394044426903,0.5729537645,0.6056053272816669,10.30096846957265,10.304881295418172
ARAFIJ_clean,7.45121,7.596707201388889,6.98768,6.5283679999999995,0.945343,1.0487827249999997,1847.59,1730.6267583333324,0.6538,0.6316166666666665,0.0053980167,0.004985534103333332,0.0533474393,0.057426707778749995,0.8139710547,0.7535697346233332,5.7158537296,2.854325985995001,22.22969539989246,21.552403216896177,0.7606236154,0.5517612897972914,12.51052316811695,10.575707415389292
ARAFOP_clean,5.6675,6.635878608333335,5.04419,5.176593744444445,1.1688,1.2287767138888894,1151.25,1289.509109375001,0.5694,0.5667323888888887,0.0100424264,0.012881118082083339,0.1036974494,0.13976758118722227,1.4349205159,0.95304780123,4.3322804781,3.5217856194652812,25.73675584288832,25.0481651522146,1.3312230665,0.86728133382,22.97946220768132,15.38092656121964
ARAGOR_clean,6.01834,6.560750018055554,3.95176,5.045816368055554,1.15627,1.3374697660256412,1234.53,1277.8904874999992,0.5724,0.5823950000000002,0.0051495579,0.006272779986609847,0.0502847461,0.052407505635555525,0.7253567001,0.6773226428183335,3.5135389858,3.260890566184677,22.43278667065224,23.218366950512678,0.675071954,0.6055258263008333,13.0658421417248,12.716962039080634
AROFAP_clean,6.18036,6.4445701075854736,4.30595,4.5209370712301595,1.16997,1.1409856874999997,1222.5,1253.605459027778,0.575,0.5660406944444444,0.0213965905,0.01447515111833333,0.2080843302,0.12759055718166665,2.2649534991,1.288265760002084,5.2308020782,4.410998996096551,27.58198489667325,26.936648000369967,2.0568691689,1.1782599094433335,18.16831979623819,16.979349387015713
AROFET_clean,8.28593,9.019697986111108,5.15676,6.263127583333331,0.856166,0.9809054500000002,2601.62,2168.0547083333336,0.6884,0.6423983333333333,0.0041922389,0.014811599854166656,0.0402678857,0.11139294977499997,0.5831342173,1.21544827625375,3.4108802449,4.244790804431668,22.11748765338408,25.694086903043583,0.5428663316000001,1.0532992039408329,9.959927587899504,15.786217392938637
ARUYES_clean,5.37817,6.244034045138888,4.58095,4.7877979088624345,1.47856,1.3683549888888897,918.075,1245.4207680555555,0.5162,0.5852659999999997,0.0057708112,0.005242514644166666,0.057370621,0.06485800770458335,0.8155684649,0.6708459073433336,3.2683640316,3.3952728323563903,24.06784002514564,22.61185236423262,0.7581978439,0.5548748248772222,15.35520173365259,12.554353485724176
ARUYUH01_clean,4.94052,5.797072635067707,4.11721,4.655791707539681,1.67517,1.4662511583333329,898.154,1044.212992013889,0.6094,0.5619016666666663,0.0037040026,0.013536831446666668,0.0364641762,0.10442921067916673,0.5482744494,0.779678639403333,2.6946934732,3.0656390120033348,24.91821847678235,26.211275747068097,0.5118102732,0.7759618167804171,13.25383299651808,14.56489589324546
ARUYUH_clean,4.6223,5.5056285800925915,3.84632,4.673238238495456,1.67938,1.494847025,774.446,1013.5051886904761,0.5928,0.5576500000000002,0.0026720483,0.01542132780319444,0.0270070625,0.09774520040083341,0.4099979663,0.8289248135583329,2.2492108127,2.3620232490890904,25.39737275245895,23.919700505417936,0.3829909038,0.7340828775833332,12.95845381902709,15.194008084095772
ASACON_clean,6.42024,7.272797194444445,5.0837,4.914920063057038,1.7783,1.2418289083333331,555.703,1109.5339930555551,0.4528,0.5402448958333335,0.0031701217,0.008869331697083335,0.0325213022,0.07775273831472221,0.4410221857,1.016012197054722,1.619137028,3.642169872937052,22.94323199340205,24.264937241739194,0.4085008835,0.9534769443275002,12.81815616339517,13.994396602986715
ASADAA_clean,5.76705,8.06670975,4.61254,5.56890908333333,1.521,1.4002119583333332,815.894,874.5447819444448,0.5144,0.5196193181818183,0.0053149438,0.005896233458541665,0.054737332,0.07085515130749999,0.8261917056,0.6348899539754168,3.046650521,2.5401639248272216,24.45813242829885,25.188795639252458,0.7714543736,0.6142587127754168,16.86691208976503,13.195416105139477
ASECUY_clean,6.38635,6.385571495833332,5.15151,5.1459607083333365,1.43745,1.2473417083333331,782.485,1395.8547024999998,0.5026,0.570366527777778,0.0023690314,0.0063996840462500005,0.0242668477,0.07210763831499999,0.3769891483,0.7435471667688334,2.2330793541,2.9923061996833344,21.04232856676405,23.698867584873618,0.3527223006,0.7379373361856251,11.0745821666804,12.879670061084163
ASEKAM_clean,5.99031,6.651478500000002,5.00967,5.360248486489899,1.72662,1.2029860833333335,812.946,1198.6352547916672,0.5696,0.5607408333333335,0.0077394318,0.004655029465833337,0.0756425557,0.04272265002083333,0.9132391373,0.6584221558650001,2.8810850806,3.210863070880626,27.4078238899986,22.674206843192632,0.8375965816,0.6258552064833335,16.64448422411808,12.143150907412002
ASINAT_clean,9.7655,11.266126833333328,7.73483,6.017952333333332,0.727417,0.8794719416666665,2562.17,2678.207075,0.6748,0.6887049999999995,0.0046445249,0.0110202625425,0.046809264,0.07550793337416667,0.643707901,0.8713453325558331,3.5716263134,3.9883761840825014,22.54283900947469,24.85864107218034,0.596898637,0.8730512550600005,9.888918167087693,12.763794915992142
ASINEX_clean,12.53569,13.229232166666668,7.27061,7.0515128333333355,0.659976,0.7938991499999999,2801.34,3139.5162416666685,0.7014,0.7257466666666667,0.0032322996,0.005464318750833335,0.0333292785,0.045203363258333316,0.4830534605,0.6189389459024995,3.0412032729,3.333857892140002,20.3197253956762,20.338925128341337,0.449724182,0.6177073558525,8.351510759164293,9.252274076030762
ASINIB_clean,12.40052,13.784955249999998,7.22634,7.208447750000001,0.666065,0.8094830916666668,2773.85,3358.1530833333313,0.713,0.7357666666666665,0.0033045483,0.0065358232591666695,0.033468113,0.04731353117583333,0.4870670847,0.5567596871908332,3.0583230921,2.6091666466899994,20.53657185919733,19.646245292272074,0.4535989717,0.5203503223183333,8.371736041774854,8.783954718980706
ASIQEA_clean,8.85063,8.607129916666683,6.25728,5.984803416666665,0.902561,1.0713801312499998,1681.44,1600.3246444444442,0.6232,0.606194294871795,0.0034346422,0.004899524378541665,0.0345328188,0.05633229418780555,0.5237815592,0.8122835776112088,3.460129236,3.3161708444299975,23.47271106147059,23.570238677690977,0.4892487404,0.6356650871399996,11.46909475037005,12.723028927323103
ASIQIE_clean,9.00205,8.354749458333341,6.2555,6.221914916666669,0.893575,1.0725455625000013,1697.06,1421.127946180556,0.6152,0.606216944444444,0.0034538301,0.004259469928958334,0.0342970812,0.039529286424999956,0.5288855526,0.5356302771848614,3.4081956921,3.02780231841868,23.43718072701055,22.788486562126643,0.4945884714,0.4781430582769447,11.40587129219263,11.398184758310773
ASIVAB_clean,12.32132,12.772325333333328,7.27063,8.197415416666667,0.538243,0.6618686500000004,4325.4,3534.3154166666686,0.795,0.7634566666666669,0.0016135929,0.0049467943625000005,0.0174001872,0.044283615244166685,0.2567841778,0.5394498310566666,1.6753053297,2.9662430162733355,16.85210683323265,18.12380143781564,0.2393839906,0.5402964827916665,5.113354797574954,6.891334979915925
ASIVEF_clean,11.85007,13.39192375,7.21214,7.8362374166666715,0.623261,0.7006619833333332,3560.32,3342.985,0.7618,0.7578283333333334,0.0021592971,0.004492756165,0.0220384002,0.03323708693916664,0.3359063987,0.45265043813750017,2.3506633736,2.7030027414241684,18.11210126699942,19.74041941475888,0.3138679985,0.4216405453449997,6.400395695754266,8.266960600851396
ASOHUL_clean,6.56282,7.621378986111111,6.27917,6.528694999999996,1.03902,1.1113067875000007,1553.7,1691.2378666666668,0.6152,0.6294376666666667,0.0015348021,0.007545774369166663,0.0165226381,0.06427868095166663,0.2506224045,0.7731846508474999,1.7198822854,3.5291310902754174,17.87888883349585,21.877229823570346,0.2340997664,0.6803210709449998,7.63200547781618,10.808089041153375
ASOSUY_clean,9.00116,8.514768500000004,4.32918,5.162170013888889,0.897328,1.2612806113636368,2551.28,2242.9762500000006,0.6734,0.6386133333333329,0.0096781506,0.006007056665625,0.0963110404,0.05234793898749999,1.2500598299,0.5485523766491666,6.0414205457,2.6213355408666654,23.81390069357713,19.98066281109233,1.1537487895,0.6338947071108333,13.50933221643031,10.166607978948006
ASOVEL_clean,5.72633,6.720753736111113,5.3133,5.390651475491718,1.03379,1.1377156249999998,918.849,1564.9239210185176,0.495,0.601172410714286,0.0061281692,0.011419169810833334,0.0621616493,0.12368314436166669,0.9539822509,1.1699460862212498,3.5409410244,4.02058916133375,23.48702642311307,24.535740503378374,0.8918206016,1.1917499248000005,14.64207154996791,14.826071568830638
ASOYOY_clean,9.52144,9.198657083333334,5.9183,6.68147825,0.828676,0.9768106694444453,2557.99,2134.115500000001,0.6796,0.6706983333333336,0.0061693735,0.011348920951666668,0.0604531041,0.10184914638000002,0.7928765772,0.8348713400254998,4.0497729722,2.8447214710016673,24.60438184812067,23.51464583824946,0.7324234731,0.70821047190125,11.97816778240173,11.614678038146382
ASUBIB_clean,6.13583,6.625460198809524,4.25508,5.2072155590277776,1.52116,1.1563591111111113,967.73,1560.672425,0.532,0.5943116666666665,0.0071101356,0.008644766313333337,0.0701419196,0.08456092378250003,0.9610305985,1.154480631963888,3.3306096472,4.192110029362756,24.08995298924634,24.713975348925906,0.8908886789,1.1458115298154168,15.34325672022348,14.385355264460058
ASUWUI_clean,7.16113,6.3584094986111115,4.73321,4.692102961904761,1.15085,1.1411343124999997,943.517,1297.955684722223,0.5382,0.5555475000000002,0.006857295,0.017189658416666666,0.0692984115,0.10511010108541666,0.851961079,1.33269591833625,3.4201969354,4.099865952776807,27.62694933312714,26.443290283361804,0.7826626674999999,1.2906755137519996,17.67440906719388,18.31429529188292
ATAFIK_clean,6.40025,7.66641983333333,5.70377,6.184042166666666,1.21508,1.213622808333333,1722.65,1691.654583333333,0.6392,0.6098708333333334,0.0030093096,0.007336592704166666,0.0298087087,0.09862583152500005,0.4603819831,0.8916320581291669,3.4110927573,3.415434810003751,19.34422045843633,22.89706272821791,0.4305732744,0.7639775113624999,9.0205312846125,11.549811828611155
ATAYAX_clean,10.41989,9.014727833333332,5.8507,5.553658055555556,0.781859,0.8801873416666667,3072.5,2937.489366666666,0.7182,0.6933933333333333,0.0053193441,0.008724645091666665,0.0542422217,0.10254307013416668,0.7272174435,0.7221514148025002,3.8770566314,3.748417252540832,23.05616646383198,20.101404446840416,0.6729752217999999,0.7154935224099996,10.58037124465318,8.725360596465263
ATAYEB_clean,10.54748,8.477775416666665,5.75428,5.681161256578948,0.825883,0.9946511750000001,2845.11,3075.6348333333344,0.7048,0.6955600000000002,0.0053838558,0.006740243108333332,0.0527169956,0.05637615244499997,0.7199299086,0.8071377179891666,3.9617062284,4.1963941085258325,22.97861050098371,21.20454770308102,0.667212913,0.7961780713891663,10.7467919747099,9.312062843973417
ATEYOP_clean,10.52737,10.742978583333338,8.16815,7.895366416666674,0.722386,0.7255519125,3319.23,3360.753583333332,0.744,0.7351283333333326,0.0056370473,0.006152378441666667,0.0562063751,0.060703318153333234,0.8108331783,0.7635751535691667,4.4541618266,3.9605190198083338,21.33413313656258,20.985212404268335,0.7546268032,0.658325842692499,10.04449885083421,9.612807062653522
ATEYUV_clean,10.25531,10.65974133333334,8.1108,7.750770249999996,0.751133,0.7198710916666669,3235.83,3428.0380833333315,0.7324,0.7387200000000003,0.0067376534,0.005477684622000002,0.0664457908,0.06274015299041674,0.9276695163,0.6899068755066667,4.8167726021,4.067391003675002,22.14771035366965,20.637437466400844,0.8612237255,0.6859936809283329,10.71299683452172,9.42745700765401
ATEZAC_clean,10.53968,11.133118833333336,7.74023,7.394447250000001,0.687634,0.7487428250000001,3335.91,3093.066691666666,0.7586,0.7282416666666663,0.0032048083,0.006009221347083334,0.0327854723,0.05283960006833333,0.497496854,0.6623568234366668,3.2275929104,4.055246419227502,19.30502190978043,20.771300294433374,0.4647113817,0.6542572310758337,7.988751123687979,9.752609706091798
ATEZEG_clean,10.12518,10.33455225,7.5272,7.035385458333332,0.775574,0.7957455833333332,3045.2,3022.608749999999,0.7158,0.7168699999999997,0.0066829446,0.008632184190833333,0.065134664,0.0839059885141667,0.9690634425,0.9063019262216664,5.3066592817,4.495670695812655,22.13630635716182,22.29097844866236,0.9039287785,0.8598514374924997,11.34729353042382,10.870074277435476
ATEZIK_clean,10.39835,10.485412416666666,7.60488,7.602840166666667,0.744295,0.7618495833333336,3129.33,3078.8905000000013,0.7298,0.7261333333333334,0.0047216019,0.005719706701666666,0.049408191,0.06039645354749997,0.7401904471,0.6493209106525001,4.7002223998,3.3280490015425004,21.00776309652366,20.491129528631287,0.6907822561,0.6522953536616665,9.879563268667072,10.489224311970867
ATIJUJ_manual,17.44029,12.227135749999995,16.95439,11.112663666666664,0.753394,0.9706869999999997,1675.56,2505.0784833333323,0.7098,0.71887,0.0004702184,0.0035509169449999983,0.0050007633,0.03108947662194446,0.0728856333,0.47752319332291665,0.4907720843,2.1607287807508326,14.94948892775503,19.454512400295016,0.06788487,0.32941111743333346,3.893526391603287,7.969651538824883
ATIXAE_clean,6.03489,6.735141624999996,5.11879,4.968869652369278,1.08037,1.1109647925925925,1840.92,1892.7789499999985,0.5946,0.6075444444444444,0.0036649614,0.006970267280833341,0.0357863465,0.05642981091583332,0.5271239901,0.6828858727533332,3.0579485426,3.955505110290419,22.08601371799925,22.469162314980725,0.4913376436,0.6021380151350001,10.97989319903402,11.136166003645346
ATOGEV_clean,5.55487,6.7405077261904704,4.3075,5.5150339944444475,1.61783,1.3181413249999994,874.522,1200.0194708333336,0.6026,0.5822911111111112,0.002458123,0.004699763391666668,0.0249081726,0.05014166355666662,0.3614510458,0.5646387661783334,1.8493581538,1.9991096839716664,21.90013484716386,20.222350270002405,0.3365428732,0.48319228821333315,10.68660795324552,11.534487261793856
ATOWIQ_clean,9.54888,9.084547499999992,7.69493,7.552407583333343,0.866747,0.9499613250000009,2055.19,1988.4143916666683,0.6812,0.6693516666666676,0.0025425903,0.0041301836631365725,0.0257865187,0.04335198128861106,0.4104073098,0.5161815929733338,3.3190890598,3.358349645709276,19.20118530095354,20.428944113052275,0.3846207911,0.5055197648050002,8.063696678502367,9.058307437636692
ATOWOW_clean,9.60606,9.486930166666678,7.73922,7.345041416666666,0.865497,0.9382427500000005,2052.45,1991.2981500000014,0.6816,0.6683783333333333,0.0024462045,0.00700678481444445,0.0244454269,0.07639706831708337,0.3834026744,0.8352691293783331,3.1552614919,3.522420653595748,18.68333603986264,21.756158795295157,0.3589572475,0.7949818731027778,7.782965401326053,10.48292837537236
ATUXIY_clean,5.42434,6.247807254889754,3.78722,4.507347983163198,1.56042,1.2894421805555554,974.637,1242.4445965873017,0.5342,0.5613240000000003,0.0080648589,0.009137129891527778,0.0811171121,0.09451231075763888,1.1410662689,0.9307593790995834,3.626188471,3.5676899548606937,25.45881239070818,23.125131568538887,1.0599491568,1.013494864585,16.87572955838599,14.223564825877666
ATUZEW_clean,10.5847,7.90193604166667,3.84767,5.237315208333332,0.968927,1.067129094444445,2190.95,2253.1929083333325,0.6504,0.6189804166666665,0.0135024533,0.008461902624166665,0.1273151997,0.08059088275083333,1.1564074801,1.099809787559583,3.8818182007,4.068308591590367,27.23007530447824,24.695472433865643,1.0290922804,1.0504075370674992,14.45403923085552,14.617354323803374
AVAJUE_clean,37.52571,23.078443416666666,19.54108,12.484788500000006,0.164116,0.36033049999999955,6088.87,4195.717000000002,0.9304,0.8803833333333331,0.0010365452,0.0026987727652083345,0.0107303694,0.027512823022916643,0.162439838,0.2750242252183334,1.0757883751,1.7188653345983336,10.73264533906776,13.879989229970947,0.1517094686,0.2614270301500001,2.415556398819476,3.726859086598891
AVAKAL_clean,26.25291,25.65766058333332,12.57512,17.12665341666667,0.207415,0.2587351916666663,6072.13,5310.824833333332,0.913,0.8833316666666671,0.0009402786,0.004171982171249996,0.010808726,0.027236345180833336,0.1574115865,0.34564021074249995,1.0615834525,2.0347417763283335,10.93806184296473,14.331951675313908,0.1466028605,0.32969253586833336,2.598450805014545,3.863980960173012
AVAKEP_clean,25.17564,26.773442583333317,12.49369,16.542970500000003,0.244994,0.2640346749999998,5799.87,5085.630416666665,0.8902,0.8861350000000005,0.0013750982,0.004755940659305556,0.0151642775,0.06461735067333332,0.2195038717,0.736058006743333,1.4990174785,1.7770660984608329,14.2510666734296,15.0844216899253,0.2043395942,0.5394093601150001,3.574823330135668,4.6432434813452454
AVELOD_clean,8.08398,7.068136083333332,4.98141,5.465269374999999,0.915242,1.0083781805555552,1842.51,1860.048649999999,0.6036,0.6185383333333331,0.0036404884,0.0042572574896726206,0.0347078669,0.05035632492833332,0.5434702249,0.6437426620850002,3.9579103259,2.8906392593208357,21.12308028536814,21.60128943619993,0.5087623579999999,0.5702360108475001,9.631489184265329,10.591343174626129
AVELUJ_clean,8.10638,6.8672466378205135,4.88927,5.17441005752315,0.902679,1.0628560708333334,1879.38,1886.3214666666652,0.605,0.6179308333333334,0.0037777169,0.007765145441527776,0.0375794697,0.0710041826257222,0.5825687207,0.6692728109783335,4.1984487678,2.8976129344177766,21.39658456094365,23.108060871802095,0.544989251,0.628508678429583,9.845026769150794,11.685487798571533
AVEMAQ_clean,7.89565,7.000392979166666,4.97897,5.10592734375,0.907269,1.0303997166666667,1857.86,1729.4193916666673,0.6116,0.5939355555555558,0.0036252743,0.0070294722074999965,0.0357787421,0.06774253854208331,0.5591830813,0.8283979094241668,3.8923965357,3.30287419318875,21.2601454802649,23.30176903506695,0.5234043392000001,0.779331133238333,10.02862122560524,11.609836421236537
AVEQID_clean,7.54994,8.402830983333327,6.22752,5.820591458333335,0.801255,0.8540652249999998,2819.83,3124.2862500000024,0.702,0.695645,0.0030861518,0.009700896732083332,0.0308843645,0.09233793848583337,0.4874387374,0.8569808706099997,4.3307448808,4.309217046129001,17.85501078323919,21.883564873364346,0.4565543729,0.7447151084441669,7.459689873431421,10.036473838345152
AVESOL_clean,5.87217,6.658566215740744,4.28231,4.740167238888891,0.954537,1.0439152916666665,2500.02,2449.9484333333326,0.6616,0.6367655555555556,0.0139580791,0.009760021524548614,0.1412496128,0.08230310284468755,1.9558559407,1.1492052015686112,7.6962309481,4.66854210947875,24.92493967871356,23.32149052998901,1.8146063279,1.0164025157585412,17.30490758562505,13.232057582177028
AVESUR_clean,6.33732,8.140504291666668,4.06042,5.906918166666667,1.18458,1.0220469541666664,1932.12,1919.997783333333,0.6222,0.6334704166666667,0.0072280153,0.01061018970916667,0.0722241945,0.08302933759625,1.0796820696,1.0022558108866666,5.4511810777,4.157839108018055,23.27085900159778,23.58799475453291,1.0074578751,0.8987991210133331,14.81240110479601,14.460311373452232
AVETAY_clean,5.64584,6.863073479166667,4.05596,4.646844507242065,1.01371,1.2294668160714282,1714.92,1458.0094041666664,0.6096,0.5646090584415582,0.0171002113,0.012336633753333343,0.1688282976,0.1215619179258333,2.1834951824,1.0807524728833329,7.1396462443,3.4879536792525028,26.60292210004484,25.445094156445474,2.0146668848,0.9014375479283334,21.46490696789554,16.32916841975764
AVIHIY_clean,6.88379,7.178442583333331,6.45442,5.550004549603174,1.62124,1.406215157638889,969.06,1360.7864770833332,0.5722,0.5789875000000001,0.00429493,0.0070685375173851475,0.0424807961,0.07372949381030552,0.6483608405,0.6978939115374998,3.3289776554,3.1250867178058357,22.57332964226221,23.752081891482177,0.6058800444,0.7598017876108333,13.35396515597782,13.374677292599637
AVIHOE_clean,6.82367,7.017163482142857,6.45553,5.798168618055557,1.66276,1.227110556111111,944.123,1505.4961059523812,0.5622,0.5892000000000002,0.0045816027,0.005576350877472223,0.0453857512,0.058522803246583335,0.6815951114,0.7507166395705556,3.3711454546,3.689602464240002,22.83065755789623,22.815491683973676,0.6362093602,0.7961103793719444,13.71042993292702,13.954990131950188
AVILEY_clean,25.42698,26.34971966666666,10.76844,20.326762500000022,0.654082,0.44374507500000004,2452.57,4101.307666666668,0.8422,0.8408599999999998,0.0009406536,0.0066628730924999996,0.0088245488,0.0712311073475,0.1321043077,0.5271962642908332,0.8460716629,2.1476461725766667,16.12858166529575,15.626931736783366,0.1232797589,0.4709213552774997,4.689466857698645,5.481152681447136
AVIMOI_clean,5.73292,6.055633656547619,4.38571,4.727837083333332,1.22616,1.140044531547619,927.807,1614.9647888888878,0.5176,0.5853616666666668,0.0196418566,0.0140824808175,0.1897913846,0.09920611629166662,1.7909046383,1.0450137150808336,3.9001225272,3.8702475337495,28.37501749498242,24.57718307602529,1.6011132537,0.8876854686399998,18.11821353777297,14.445851847427772
AVIPAX_clean,7.26399,7.4577672281746015,5.25081,5.981558958333338,0.96381,1.1635762375,1925.33,1613.5861833333336,0.5882,0.6121649999999998,0.0070101334,0.0074313151225000006,0.067090007,0.0678857175283333,0.8896660939,1.0040626400294448,4.1952275029,3.3775864033979164,23.90029815864858,21.03620895053843,0.8225760869,0.9153711582666667,11.7708198599201,11.152925785207552
AVIPOL_clean,6.57451,6.77911499206349,5.5873,5.294252244444447,0.939158,1.1401383513888887,1839.35,1781.6777416666669,0.604,0.6193033333333334,0.0053620921,0.007880608019999999,0.0564793282,0.055165740236388865,0.8876860918,0.6590423383800001,5.1005787091,3.0801524503049995,21.3981598449504,22.3262679193108,0.8312067636,0.5532652285274999,12.30266617984913,11.001421595485825
AVITUU_clean,11.69294,11.575592333333336,6.93274,6.9218055,0.710904,0.8508572416666664,2507.52,2608.767475,0.6994,0.6987400000000001,0.0105206603,0.007685046770833332,0.1055098361,0.07303763905666671,1.3047468958,1.0379901222866672,5.0518990771,3.929757444937501,28.83658430006539,24.63601334094242,1.1992370597,0.8547689492716667,17.72842817045354,13.057368983396143
AVIVAC_clean,11.84006,11.749206416666665,7.39815,7.219064583333329,0.73653,0.7638512166666659,2337.87,2355.5530833333346,0.713,0.711376666666667,0.0092779831,0.008846058966250002,0.0879331703,0.0840091806866667,1.0746893028,1.0049305553699992,4.5281741594,4.343879969847507,28.99839396325389,27.821839243021394,0.9867561324999999,0.894278689867918,16.22846107971903,15.058410114515114
AVIVEG_clean,11.84801,11.900162833333331,7.36492,7.22255729166666,0.733043,0.7525119500000005,2351.79,2364.016333333332,0.716,0.7140749999999995,0.0088642057,0.010343679691250008,0.090000496,0.09143092476875,1.0803900629,0.9721298999370823,4.6106423447,4.253505992404262,28.7420336684385,27.62294767710189,0.9903895669,0.8437386578466677,15.98424505674212,15.034357236462938
AVIVIK_clean,11.79938,11.491537166666676,6.70311,7.057426249999994,0.734288,0.7941039083333324,2323.19,2332.3363333333377,0.7142,0.7057800000000001,0.0077618401,0.008484768672916669,0.0790720874,0.08464442929930556,0.99864794,1.0333983086191676,4.5236678889,4.302856299019825,27.58509232957707,28.081887087399895,0.9195758526,0.9457278685953345,14.67379583660409,15.218031778155368
AVIVOQ_clean,11.94166,11.8460535,7.13512,7.038367583333325,0.709142,0.7532061749999993,2658.68,2398.062083333336,0.7218,0.713943333333333,0.0069483381,0.008752946929166673,0.0716287779,0.08198368300666671,0.9038476256,1.0205497000603327,4.3593873166,4.2639138907504215,26.37781568355967,28.095298967188864,0.8322188477,0.9232872289853346,12.79064269019713,15.003912259119227
AVIVUW_clean,12.04076,11.75342083333332,6.91892,6.997253916666667,0.729779,0.7374870875000004,2315.89,2448.5463333333337,0.7162,0.7141483333333334,0.0081787404,0.00835365244916667,0.0834393912,0.08075739106791673,1.0069156816,1.0569470979524984,4.4347853726,4.422755190327084,28.29022365369072,27.353465679098303,0.9234762904,0.9231593737886121,15.22471008369058,14.742265624340622
AVOSIO_charged,10.84161,8.816478333333338,9.61852,7.412206083333335,1.06031,1.1352560475000002,1111.1,1381.5636151709402,0.5728,0.6059615476190477,0.0006130864,0.006799885871666667,0.0066155334,0.07234195465499998,0.096801368,0.7122139418591669,0.5867457562,2.4918634074108335,19.27898105017131,24.384479375683288,0.0901858346,0.6419880822825,6.144084135025755,11.79164281914273
AVUCEA_clean,10.64181,9.019412416666666,4.52481,7.205099999999999,0.89363,1.1381658916666664,2552.15,2366.093422222222,0.6776,0.6498066666666665,0.0045443618,0.014821213764166665,0.0429352139,0.11361878304666675,0.6532239508,1.0024805004616668,3.6427693034,2.330354339895833,21.23379056359331,21.375007523406744,0.6102887369,0.8980787421891665,11.01477979885442,10.280270927129898
AWAGEL_clean,8.54501,6.773965004761908,7.28684,5.011546769444447,0.99094,1.1248278068181816,1278.53,1455.774516666666,0.599,0.5781808333333333,0.0031329724,0.008537276859916664,0.0319068505,0.10171950447583335,0.4937991733,1.09967164103375,3.8348519124,3.681149418283334,21.50424813354177,23.68573996298268,0.4618923228,0.899719833367708,11.22244744996322,13.56326597628907
AWAHEM_clean,7.6574,8.100287375000002,4.85724,6.150876,2.1582,1.5239541166666666,822.374,1767.9445500000015,0.6144,0.6138249999999998,0.0003877897,0.005682698907499997,0.0036992191,0.036313174296250014,0.0570247194,0.3685895612616665,0.3839157207,1.7616402289225002,17.32318685065002,18.963719854655196,0.0533255003,0.3954522497974998,6.107652835084648,8.977177582921316
AWASEY_clean,12.05091,12.538713416666656,7.26209,9.236623333333332,1.15771,0.9304673166666666,1646.54,2489.945533333334,0.7186,0.727326666666666,0.0005433763,0.004005982355833332,0.0051801876,0.058358078873333316,0.0759561345,0.5559246661399998,0.5123030697,2.21350896263,15.94919922025484,20.138166598610916,0.0707759469,0.44143285553416667,4.810957479830307,8.488827557777654
AWAWUR_clean,9.42427,10.925532250000005,4.27216,6.179208333333334,0.982453,1.0992621583333329,1610.56,1746.254016666666,0.6066,0.6426800000000001,0.0068537098,0.0039437440445833334,0.0618009388,0.038590695555000006,0.5706940023,0.5162729833083336,2.4537916568,2.563933382863333,29.90003466074802,21.248767400599032,0.5088930635,0.44269612788250007,11.42470904329448,10.221204168729846
AWEDOW_charged,7.01648,6.850240786616159,4.5072,4.882475444444446,1.06034,1.1770100777777774,934.006,1237.3248906249994,0.555,0.5578300277777777,0.0025524968,0.010863575027374995,0.0257259523,0.12015805587944453,0.3987556101,1.0949406804608335,2.3339836712,3.1834805713608367,22.24373470173133,24.988899722569663,0.3730296578,1.0203372734175005,11.24513508248223,14.29973401973702
AWEJIW_clean,10.88001,8.968536583333336,10.50387,6.8204374166666675,1.19375,1.1738075027777783,1102.24,1639.4582083333335,0.6004,0.5945816666666668,0.0098587339,0.011173958491666667,0.0943475808,0.1190424968333333,0.9402571425,1.1021320543583344,2.6930947555,3.565120994169166,26.32724022353397,24.768982492727147,0.8459095617000001,0.9688680223174998,14.59900555469085,14.070834736486214
AWEVIJ_clean,10.6197,9.43634791666667,8.65931,6.638924333333333,0.747212,0.9082979583333334,2151.16,2407.243183333332,0.6408,0.68318,0.0157778784,0.011323382024166665,0.1664092956,0.06378352383499998,1.1808934181,0.7288716951633332,3.4634813522,3.3765139032958347,35.99805966952955,22.81488099572025,1.0144841225,0.8009108419583332,16.17382419165433,11.852295038597804
AWOFOI_clean,5.44554,6.199492796875,4.19244,4.84603117662037,1.31908,1.2410236888888888,1587.46,1569.144858333334,0.5974,0.5967302777777778,0.004651861,0.008789412325312499,0.0473405849,0.08521666075625003,0.7019350183,0.9944988228308335,3.7451340535,3.9957430433954184,22.69514666474909,22.818004217839174,0.6545944334,0.9655185224225,13.16141177100365,13.78075873565669
AWUPAL_clean,18.42063,14.314864,9.23563,13.057235250000007,0.348553,0.5509695499999998,5001.08,3748.423916666667,0.8538,0.8281449999999998,0.0014417998,0.016806457459583334,0.0140634572,0.13305278241083338,0.2185052684,1.1830687302991656,1.4593614094,2.759678724608334,13.82953152256392,17.38952306053651,0.2044418112,0.9502656380775001,3.891000048113327,7.866467954318462
AXIMUP_clean,8.06476,9.322007342592592,5.62993,6.665010750000002,0.749362,1.162840408333334,3176.31,2173.7173749999997,0.7064,0.6502033333333336,0.0039560784,0.007941737779166664,0.0370813985,0.06216738878083331,0.5568772857,0.7275087151124999,3.2989610214,2.371754960571666,20.5749255050002,20.44839368742589,0.5197958871999999,0.6879218208858333,8.689294981100327,9.534224885304305
AXINAX01_clean,19.47488,21.338472,13.27772,14.271837916666675,0.402001,0.4711067749999998,3753.89,3910.171091666666,0.8346,0.8237116666666663,0.0022771201,0.0033201368308333314,0.0232465592,0.02695849150916666,0.3289940159,0.5542431510575,2.0115480776,2.2167072812566664,18.92651154226644,15.945391478423668,0.3057474567,0.5641829609408335,5.995696400012084,4.544300267570473
AXINIF_clean,9.6188,10.059695666666661,8.65235,6.482167166666667,0.750661,0.9359708499999999,2948.81,2135.764305555556,0.6692,0.653295,0.0054501895,0.01000711583333333,0.0542976963,0.09172772751541668,0.7832201406,0.89416783121,4.4853032143,4.371176917991666,22.03519990965501,23.925287681771298,0.7289224443,0.7805834721441666,10.20574351480776,13.054008433548015
AXIPEE01_clean,6.81111,6.373611749801586,4.3641,5.027394799404762,1.50078,1.1454167966666675,1324.81,1644.777578065476,0.6082,0.6092004047619046,0.0025119605,0.007043896274131945,0.0236762682,0.07603519271694446,0.3662168718,0.9178534215400002,2.4713567119,4.083080081968332,20.66410010355041,23.301477757239834,0.3425406036,0.8470729885945831,10.9923232562918,14.174481035128274
AXIPEE02_clean,6.48792,6.525803928757977,4.04495,5.002977994991585,1.63435,1.2221608003968254,1013.74,1204.0888643518522,0.5904,0.5714308333333331,0.0029686205,0.007800944459305556,0.0300020997,0.0932377261952778,0.4619971774,1.0740308949744837,2.7010110945,3.747481023144385,22.13459504842712,24.435552164846264,0.4319950777,1.08178189892625,13.4152875449516,14.567091084317365
AXIPEE03_clean,6.5428,6.370993526124339,4.0805,5.21682923968254,1.61298,1.1014806607539687,1058.25,1713.121705555555,0.59,0.6070377883597882,0.0029501162,0.008106444501666669,0.0288449193,0.07673266614708334,0.4541771227,0.9817524453224998,2.6720280537,4.480353349587135,21.91418437019276,23.494112685794388,0.4253322034,0.9629136922026663,13.30736700756629,14.815205452957274
AXIPEE_clean,6.41608,6.5266819313492075,3.94175,5.257845394444445,1.68088,1.1548288496428578,923.32,1691.235683333333,0.574,0.5856197883597881,0.0033129329,0.007060004937083333,0.0327645293,0.10575714208750002,0.5009903905,1.0310953043881663,2.6956448438,3.945767800793683,22.66167548959463,23.90073096985845,0.4682258612,0.8979729199016666,14.5849494371356,14.341203787442812
AXUBAW_manual,14.24572,10.457840416666668,5.52422,7.4303981666666665,0.741721,0.9433243250000002,2425.44,2330.5696500000004,0.7126,0.6776866666666667,0.001405468,0.0028217263741666656,0.0140546803,0.03286963732694446,0.2121457407,0.4618654236441666,1.5315771458,2.3453766861408343,15.93220559763681,19.364539858706042,0.1980910604,0.4148888604883332,5.312239384854619,8.369189783034814
AXUBOL_clean,7.85983,7.690167333333332,4.2994,5.207496513888887,1.05112,1.1819198,1031.17,1594.751075,0.6054,0.5936983333333331,0.0081988224,0.01564592379083334,0.083858029,0.14641867277416665,1.1069030957,0.8658487898791665,4.7718834,3.048909839414165,24.72084907834726,26.573893812486354,1.0230450667,0.7299177849866663,13.71912051660987,12.167082637333246
AXUHEH_clean,7.21454,7.245832138888887,5.63203,5.139555645467835,1.06453,1.392874258333333,962.545,1220.6328555555554,0.4958,0.5533083333333337,0.0122984518,0.013576645598333336,0.115161252,0.12430732672666671,0.7889320839,1.361418450166944,2.6451627936,3.773062906501666,31.63668723832791,26.176584181907312,0.6737708319,1.1682878274983326,12.4890457864002,15.902161401933167
AYOXUJ_clean,6.31092,7.666036683333333,5.4451,5.404087499999999,1.11362,1.3363636333333333,743.833,877.7403999999999,0.4926,0.5111627777777776,0.0011061768,0.007540775908484846,0.011768417,0.06479938045624997,0.1780074985,0.7523941053391666,1.1129987128,2.6762052643629173,21.09594575043273,24.74321056214704,0.1662390815,0.6874194265804163,9.031799878415175,13.682215768294292
AYUJIP_clean,12.69936,10.156277666666673,7.89199,7.941115166666667,1.08786,1.2167964166666672,1531.63,1527.3239458333333,0.6204,0.5912716666666668,0.0144473482,0.015297563200833341,0.1319158715,0.11847819274416668,1.0417913033,0.928982513358333,2.8231066666,2.6527134879383336,33.73478482316209,25.02428967686269,0.9098754318,0.759304089535,19.77810810531592,14.354242785250644
AZAFIS_clean,4.56554,5.64296206136272,4.01347,4.604321591418652,1.5219,1.3571026488095232,787.192,1406.3046125,0.5324,0.5729716666666668,0.0123604905,0.009417949717499995,0.1158467449,0.11098132495722227,1.2206593446,1.0457128780652083,2.9180272965,3.553043311023889,27.87740772147499,22.61027537356877,1.1048125997,0.8906533613350002,21.68961943602806,14.010803402099508
AZAVUU_clean,5.48228,6.110733041005294,4.93668,4.93387972718254,1.18498,1.151534875,955.777,1364.9191805555556,0.5306,0.5777784848484847,0.0142181691,0.015292176974166675,0.1389147533,0.11319506739499997,1.5190707931,1.4367480660825,3.6176861063,4.139284782770149,26.76735037925861,24.964762331391828,1.3801560398,1.3314503845387509,16.07963974523543,14.61051775365464
AZAWAB_clean,5.65614,6.082734880541702,4.89759,4.961840068434345,1.11309,1.1255352444444442,1118.62,1235.6181317857142,0.5586,0.5455087500000001,0.0096257732,0.013886197081666666,0.0959932072,0.11435184527749996,1.2293676461,1.2678821610491675,3.7785705109,4.244995962627604,25.21251990529499,26.317980630332197,1.1333744389,1.1923247817716665,15.5948132617591,15.879203775659052
AZEBUE_clean,5.44142,5.659391794642854,4.51467,4.671799088516114,1.81828,1.3593819333333335,601.015,1341.1489833333337,0.5076,0.5670591666666667,0.0080589856,0.006785548658111112,0.0799390383,0.06104868346458335,0.9218879559,0.791781158627778,2.2666079909,3.5750687246878687,25.82481687690085,23.543773518089317,0.8419489175999999,0.7151585803262502,16.41103387169601,14.12269466502203
AZIVAI_clean,7.0547,9.873318124999997,5.80911,7.279850541666665,0.682418,0.8305794249999996,3825.28,2871.9982083333357,0.715,0.710825,0.0038906741,0.010273432666666664,0.0396294145,0.09235692897875006,0.6182180264,1.2429929351800006,5.3056525712,5.250101420875001,17.86309601459331,21.220274381779767,0.5785886119,1.189914708006666,7.508087808032518,10.142985592969957
AZIXUD_clean,5.99991,6.412703626388888,4.88169,4.604519102777776,1.10463,1.1394845888888887,1706.59,1980.4788861111106,0.6184,0.6190333333333328,0.0053050591,0.009491653655833336,0.0537463367,0.09551740389083337,0.7992438074,1.1616047304500001,4.546646875,4.1834254916356,23.00261659360381,23.63634976927928,0.7454974707,1.0090193225711455,12.87047596056193,12.948589495174911
BADYAJ_clean,8.60576,7.904829916666667,7.13629,5.656373958333334,0.984728,1.1234762500000002,2021.04,1910.8511,0.6528,0.6215283333333335,0.0026611736,0.005415624203333335,0.0264220001,0.048829388252499974,0.4009931366,0.670128852794167,2.9645036521,3.625101669523057,20.39504198048362,22.176471595608653,0.3745711365,0.6676301264400002,9.191152694730778,10.65479708517441
BAFHAU_clean,9.02635,8.941749499999998,7.37185,6.877384333333334,0.858551,1.1126883333333333,2734.89,2056.6515666666664,0.738,0.6565833333333333,0.0004058086,0.034804478364166655,0.0037692053,0.1959026618625,0.0562835896,0.5466129413758334,0.3830901982,2.1178090628941657,13.63194218427418,22.137943583234417,0.0525143843,0.48043580845666667,3.560612650398108,9.484763670086208
BAKGIF_manual,7.54763,7.499185541666665,6.30914,6.437616166666664,1.01674,1.0732965049498744,1503.6,1450.1007416666664,0.6098,0.6114019444444445,0.0025318342,0.006344150643333332,0.0279650111,0.07668035769786113,0.4410695802,0.7105090200102084,3.7047241815,3.5689389038388084,20.36862226974133,23.296936742200323,0.4131045691,0.5427203745749999,10.22397708098656,12.900907885525713
BAKJEE_clean,6.44764,7.370779791666669,5.41267,5.734181333333334,0.918977,1.0819405000000004,2402.06,2145.065725000001,0.6406,0.6294074999999996,0.006028584,0.007430129921944444,0.0619344161,0.09776872549347221,0.9389667025,0.6810469463672225,5.6768159144,3.2150037106261133,21.68638431458149,23.05347698717185,0.8770322864,0.6532409366941663,11.52439128387052,12.264119510303003
BAKJII_clean,6.19215,7.3564240694444445,5.21845,5.842387790277777,0.959339,1.182216791666666,2146.44,1731.9690194444443,0.6236,0.6155050000000001,0.0110923168,0.006078501359835857,0.1110110924,0.07646249044875,1.7002041324,0.7806284058279166,7.2159685839,2.9361301347269446,24.13298934754754,22.61291304382875,1.58919304,0.6679425768908331,17.25561243834557,10.453015276450852
BAKJOO_clean,7.70901,6.586840417361112,5.72948,5.094251703703703,1.0049,1.1491317361111113,1734.69,1533.6988513888884,0.6112,0.6017494444444443,0.004606759,0.005401080524791668,0.0479463891,0.0631902889435972,0.743573945,0.8996675174752776,4.9036069269,3.5190324134293336,22.1229508751019,22.601711380873557,0.6956275558999999,0.8306393322316663,11.6533223113239,12.447032809667613
BAKYOE_clean,7.11646,7.152757937499996,6.19226,5.7166562788461555,1.03097,1.2414788666666674,1457.08,1301.4581499999997,0.5848,0.5632806666666669,0.0061196626,0.004940650579583332,0.0609126706,0.048065064863750014,0.9813216217,0.703485792582917,5.5598836596,3.466746164699272,22.27776357042557,22.5907780600751,0.9204089511,0.5541821876109164,13.13463785000985,12.085690302582016
BAMKIM_clean,6.79615,6.7596661347222256,5.75134,5.587096611111112,1.10764,1.1498015540674602,1338.8,1320.9527340277782,0.5666,0.5753735256410253,0.0024843218,0.006155557535944448,0.0259760684,0.06902716772750006,0.4005033845,0.7160276902325001,3.0757511543,4.107693202987963,22.28040449361621,23.34278076357872,0.3745273161,0.8073292185963886,11.14711147883991,13.817383493765602
BAMKOS_clean,6.76349,6.839429584920636,5.81846,5.6012638750000034,1.11335,1.1073155583333338,1357.89,1512.6682479166661,0.5736,0.5758663888888892,0.0028366438,0.01253063821458333,0.0291270918,0.09047839308541672,0.4478681083,0.9049602054745832,3.2278259754,3.645401965965973,22.79676022813371,23.496706416828307,0.4187410165,0.9069003781483337,11.73572578393217,13.454217985582368
BANMAG_clean,8.68497,8.954967833333338,7.44113,7.79512575,1.37401,1.5687372750000006,817.297,834.5231722222223,0.5786,0.5301174999999999,0.0004447595,0.005783121387499998,0.0041941565,0.07248973385916666,0.0627607814,0.38335527326583313,0.4715195961,1.8957043870541659,16.53617434033134,22.096667755925868,0.05856662490000001,0.3495504185833333,5.715481743179101,9.447943684640867
BAPDAA_clean,12.36039,11.75312100000001,11.54677,9.989024499999996,1.38142,0.9999247083333339,1132.67,1862.371049999999,0.6892,0.6667516666666665,0.0012101186,0.002102954546458334,0.0122652976,0.02172467958166667,0.1875012404,0.2630134369619444,1.4271947688,1.6775201960249992,17.91304158517489,18.241063516003198,0.1752359428,0.26353653443749997,6.753289788970715,6.846404242630693
BAQWIC_clean,8.02487,7.456330702564104,5.97028,6.120946833333331,1.63849,1.0456171291666665,877.793,1613.535041666666,0.5894,0.6184675,0.0006237647,0.0039788853437499995,0.0059514175,0.04320989533166665,0.0888999744,0.46089678640383347,0.5862902347,2.6616695072041665,17.44350070532983,20.93531750649036,0.0829485569,0.5034937965316664,5.982537110465641,8.967353770538327
BARZUR_clean,5.4946,6.016806010964912,5.30289,4.669210519675928,0.925783,1.308780792105263,1868.31,1205.184421428571,0.6062,0.5641461111111111,0.0207266334,0.009344210481666667,0.2046143371,0.07520516891666669,2.6102199634,1.0056571502807914,6.9336128852,2.649875526825834,26.4651073940374,24.502337717776538,2.4056056263,0.8537506442224998,20.11096136294148,13.281257438733606
BASJUB_clean,5.47244,5.9703670882085005,4.59142,4.876946082010584,1.03022,1.27916110745614,1512.66,1439.5974075000001,0.5602,0.5883219047619052,0.0094019121,0.010142203644166662,0.0885874112,0.06865802718583333,1.2337539666,1.0513328692066661,4.2569080767,5.0890451494825015,24.72624534744886,23.406585332913448,1.1451665554,1.0175757360408335,14.78276761380677,13.776681345794787
BAWROI_clean,13.54985,14.44769816666666,9.13066,10.201103750000007,0.629882,0.6331497166666668,3143.05,3667.3448583333334,0.7794,0.7914916666666668,0.001779752,0.005395240038333334,0.0170065189,0.04911786058166668,0.2580833301,0.47626389345083364,1.6385727942,2.5947244652258323,18.41556455348993,17.807198023183478,0.2410768112,0.4506050442391667,6.159663866649313,7.3096373996022
BAZFUF01_clean,20.14565,19.105130916666663,8.54605,9.140847916666667,0.342062,0.398609570833333,5353.8,4990.7970833333375,0.863,0.8521883333333338,0.0012129646,0.0032555345454166646,0.0120236589,0.030337065008333355,0.1683547775,0.3268508716024997,1.1483477488,2.061070445860834,12.6744963037897,12.973717936687262,0.1563311186,0.3444452673075002,3.327282037124037,3.6545911288730846
BAZFUF_clean,20.24597,19.341262416666666,8.58384,9.765076,0.340053,0.3963881249999996,5368.02,4941.491416666668,0.8648,0.841091666666666,0.0011187538,0.002076007517083333,0.011199314,0.024589132848333344,0.1652811487,0.2926831611962499,1.1392564024,1.9112281943841685,12.61844864100231,13.71108992020677,0.1540818347,0.2549148862400002,3.31749633584996,3.806806466931564
BAZGAM_clean,42.79818,24.012784083333326,24.24061,14.11983791666667,0.126526,0.39297615833333305,6405.57,4187.946241666667,0.9392,0.8613949999999996,0.0012269223,0.0024062886791666664,0.01184927,0.029023288113333323,0.1802752379,0.2293794739925,1.2139861163,1.5011749226866664,10.00442156395477,15.403768163331424,0.1684259679,0.22480479178666676,2.235850405861423,4.796628545309772
BAZGEQ_clean,27.24034,22.98322341666667,13.9632,10.937404333333337,0.334895,0.4883441166666666,4785.05,3859.849666666669,0.8624,0.8241033333333335,0.0019931702,0.003942797128333332,0.0194723704,0.032152384483333345,0.2876685919,0.4533274364675001,1.741222803,2.5805148438499987,17.22136384432461,17.908214949964496,0.2681962215,0.35753788986541657,5.248181845185366,6.122027486819109
BAZJET_clean,13.37019,12.530600583333335,12.10117,9.682641749999997,0.621294,0.7783239666666665,3450.5,2798.397491666666,0.742,0.746225,0.0046705241,0.003842519572499999,0.0466018821,0.05403400136791665,0.6677654353,0.5236599347520833,3.8058375954,2.3230028697908325,22.29078326944283,17.95218796762978,0.6211635531999999,0.47601205388000006,11.19540142637166,7.303890278705064
BAZJIX_clean,8.75902,10.143216166666672,7.46421,6.621104916666669,0.770453,0.7861715666666667,2718.57,3119.413824999999,0.676,0.7239949999999998,0.0050115836,0.0069702927633333335,0.0497631346,0.060608807509722244,0.7093327157,0.7300508522341665,3.5444643832,3.232410907173473,21.70539058062456,20.812451905456435,0.6595695811,0.7209343957275,10.89352346771014,10.140942530051676
BEDYEQ_clean,33.05863,29.61498875,31.49051,18.243372749999992,0.462445,0.5143630666666668,3062.18,3401.0381583333346,0.8292,0.8355316666666669,0.002355068,0.006108378561666668,0.024481035,0.03533991261083333,0.3447599863,0.4513916957641667,2.0205247694,1.6498094145524993,21.01873441890969,16.74300899774526,0.3202789513,0.35625786793749964,7.138673263764002,5.512241297997125
BELJIL_clean,7.21036,7.989827777777777,5.21436,6.658989833333334,1.28754,1.3827277416666666,674.07,803.2065379629634,0.459,0.5062875,0.0026008539,0.005104736412777778,0.0253200776,0.0410198039383333,0.4245107776,0.427865231036875,2.412661716,1.8430780857433329,22.61135901524661,20.93207093013659,0.3991907,0.34041976192249995,13.15941666521643,8.93393444853193
BELTUJ_clean,5.64744,6.9805772916666715,4.1969,4.887447483333333,1.08566,1.2136897791666668,1283.49,1775.5097749999998,0.5582,0.5896658333333332,0.0099151535,0.014400390217499998,0.0991475949,0.10177665257166664,1.3464915594,1.110084396781666,4.3486309299,3.9464828500099993,25.1496546998666,25.019336834698855,1.2473439645,1.03299948798,16.42026147194631,14.056646678269091
BELVEV_charged,6.99036,7.051913875000009,4.92473,5.173563104166666,0.885864,1.1172473631944448,2152.69,1523.3494500000008,0.6356,0.5697451666666663,0.0031729182,0.0104441926824132,0.0330631378,0.10737707154263886,0.4957155025,1.0715464083150001,3.5351420243,3.759438590012222,20.67184960781758,24.682946614476396,0.4626523647,0.8908346802137498,9.210216767212625,15.170213002612204
BEPBAB_clean,5.3188,6.299452037499999,3.97632,5.669845370436509,1.04154,1.3438912318181822,1089.78,1019.8739618897314,0.473,0.5534045833333334,0.0211753085,0.015062246240000006,0.1972101486,0.11805973845930558,1.6841218645,0.8050374083325,4.0454825954,3.4065595848486443,29.50368811510282,22.99284271441716,1.4869117159,0.8323252682694446,17.90848807962855,15.936644303382183
BEPLUF_clean,10.54661,10.303941249999996,10.45745,9.557840250000003,0.882268,1.078491541666667,1532.3,1488.2446333333344,0.655,0.6227958333333332,0.0013655808,0.002282629380277778,0.0138034384,0.02102303752583333,0.20228198,0.35445673333458316,1.4471778071,1.7895007020512494,18.73115602850333,20.471354380621314,0.1884785416,0.29013074233124997,6.491081028133785,8.414885575360392
BEPMAM_clean,10.35764,9.973425416666668,10.23297,9.945689750000005,0.893987,0.9820551061403516,1532.64,1485.89389861111,0.63,0.6358863888888887,0.001439396,0.0014761046408333339,0.0126365908,0.015992678259375035,0.2081786771,0.29051484911625025,1.4444807141,1.4458195330599983,18.71884666757781,19.58111067759686,0.1955420863,0.3129778878508333,6.603537400622784,7.257436062817644
BEPMIU_clean,10.07029,9.96303425,9.95473,9.504689416666668,1.02149,1.0517637811403509,1119.35,1354.835127777779,0.6036,0.6215949999999999,0.000652147,0.001514444575833334,0.0065313886,0.012755012011041674,0.0997239388,0.1636355728750001,0.7355127117,1.0162084846666668,16.66896032079575,18.468248395754483,0.0931925502,0.15589404400583326,5.52446495717392,7.0413355182989035
BEPNIV_clean,10.32219,10.344595416666674,10.19883,9.516177583333327,0.893387,1.1532045041666665,1494.71,1385.1128416666672,0.6494,0.6107183333333333,0.001456755,0.005156638030972221,0.0135213091,0.02049915706625001,0.2048123408,0.27420691008250014,1.4307044569,1.6721792913933329,18.67512044352693,19.225058431653007,0.1912910317,0.29723120421250016,6.433483772814997,7.6409165127039165
BEPNOB_clean,10.36311,10.250215833333323,10.23127,9.579803750000007,0.890303,0.952582530555555,1498.37,1558.5586722222238,0.6478,0.635773888888889,0.001086152,0.0018662845344444455,0.0120702557,0.017771188931361107,0.1811279562,0.26315304496425007,1.2837461003,1.5452857819483325,18.24749419241397,19.528833141266634,0.1690577005,0.23823626412916682,6.073374497478,8.20521681181201
BEPNUH_clean,10.32563,9.86176608333333,10.2098,9.862656333333332,1.16569,1.0876921729166658,946.742,1234.7276208333346,0.6056,0.6010808333333334,0.0007233162,0.0008592356025,0.0067645047,0.011343847531333332,0.1022636462,0.1384644099345279,0.7586816796,0.9973887412591668,16.99640068410705,18.008437215876896,0.0954991415,0.1640741050966667,5.87916143955834,6.967863347060903
BEPPAP_clean,9.9082,9.797243750000007,9.78954,9.49968125,1.03173,1.1072266874999999,1121.89,1044.0157277777778,0.5902,0.6103025000000002,0.0005182461,0.002089203724374997,0.0062487089,0.014055999622500011,0.0965822268,0.13434259532583354,0.7079291252,1.1342270197604167,16.64733352512646,17.77272138112291,0.09033351790000001,0.12406740146666664,5.638227033007103,6.545068732773114
BEPPIX_clean,9.77409,9.654880791666669,9.63706,9.723556666666667,0.990438,1.0550099347222213,1303.13,1208.788875,0.592,0.6105033333333334,0.0019484105,0.0031500127661111105,0.0196165458,0.017422544740000007,0.3080933634,0.3113507658749999,2.2301888481,1.9192112817083316,22.31472562413378,19.910130976525505,0.2884768176,0.30500049151208336,11.0835623935205,8.040164960263894
BEPPOD_clean,10.03622,9.179869833333337,9.89092,8.562154250000004,0.960732,1.0514294840277776,1335.81,1256.327568055556,0.613,0.6055355555555554,0.0021959408,0.0024912719999999997,0.020962415,0.022679197369444445,0.3158857,0.35663723448458334,2.1911475604,2.0209902022016664,22.62091330715395,19.597640516943898,0.294923285,0.3141251439358334,10.80168887191732,8.29416454674664
BEPRIZ_clean,10.21454,11.053648249999997,6.03558,6.1263792499999985,0.764371,0.9990119749999994,2730.76,2524.90575,0.673,0.6827683333333335,0.0040240295,0.007754197654999997,0.0425416902,0.03285300887333334,0.6510655828,0.48902445405486117,5.0870803268,2.5065314311999995,20.13205725709243,20.690440382614025,0.6085238926000001,0.5010386953133333,9.418392493981727,8.37693496020777
BEPROF_clean,8.00306,10.403343500000002,5.96794,6.121245333333331,0.730038,0.9834288083333331,3264.96,2188.8397666666656,0.687,0.6601266666666668,0.0056241041,0.0036528416462179502,0.0561069714,0.046519715796666646,0.8653394262,0.689792238665417,6.6745390345,3.2570739383283307,19.89394270331775,22.50540855227433,0.8092324548000001,0.7289356298333333,9.591756545311423,9.56366947969356
BEPVEZ_clean,5.76875,6.986331753968253,4.44638,5.28306606547619,1.26954,1.3271718416666674,746.277,1208.324591666667,0.5084,0.5595713888888891,0.0043992188,0.012182141121666663,0.0420880481,0.11409727812958338,0.5497562506,0.7536808369016667,1.9282054849,3.114768134674167,23.73678123915522,24.489840387422237,0.5076682025,0.6749295854575,13.01079989049951,13.63342202120344
BETDAH_clean,6.20265,6.353830996064814,4.35013,4.433164892217845,1.16306,1.1341976814814818,2011.54,1987.8685750000016,0.6178,0.6227219444444444,0.0072474532,0.009282663836666667,0.0707939317,0.07371419214556042,0.9707896616,1.0731516681420634,4.2621681573,4.439957418325744,23.85391201245046,24.290501469897738,0.8999957299,0.9539445276570416,12.80581669034778,13.14479147635398
BETDEL_clean,6.19335,7.093312072619046,4.27368,5.419684458333334,1.1646,1.1172457138888894,1933.07,2078.3730000000014,0.6174,0.6364392592592595,0.0072450525,0.008898981909583329,0.0708385509,0.07773463829916662,0.9913841955,1.037793662045971,4.5157500531,4.252140624163943,23.70547957199124,24.03714163326837,0.9205456446,0.9830897444683331,13.06206940837146,12.810237665294075
BETDIP_clean,6.11094,6.950373429365084,3.88458,5.322422447916667,1.1806,1.0941541027777781,1786.32,2099.743750000002,0.6132,0.6164599047619046,0.0083348648,0.012113644444999998,0.0831421634,0.08896061674416665,1.1223381667,1.0384769732283332,4.7392542931,3.991415849114028,24.28195937360294,24.88483072339592,1.0391960033,0.9124097965991661,14.89141450038949,13.574838326157435
BETDUB_clean,6.03659,6.621655105540297,3.7841,5.139395585015527,1.16905,1.1844611666666671,1663.8,1856.8237500000007,0.6102,0.5977890714285713,0.0081088142,0.014618592484583337,0.0829496988,0.0963657052616667,1.1204204178,1.0873528281688887,4.6444371565,3.9690090760336125,24.43244463461951,24.604254890669967,1.037470719,0.9542787254041667,15.31936201457378,13.970038549999423
BETFAJ_clean,6.19267,6.272216655869704,4.31969,4.379861484173586,1.11108,1.1078707472222225,2077.66,2304.221833333334,0.6196,0.63001,0.0078791337,0.007220397584368055,0.0757767318,0.0787438615919444,1.039113905,1.0141001178648996,4.5179346252,4.330451410889078,23.91461306328461,23.961576756102737,0.9633371732,1.0160411014904915,12.97910805378051,13.328241919625356
BETFEN_clean,6.20622,6.2334340539682485,4.32109,4.4767668293534095,1.07862,1.1162430000000003,2146.71,2082.72841666667,0.6288,0.6198549999999998,0.0076310278,0.008346393874928576,0.0748648853,0.07816690167208332,1.0172910489,1.0049577510231948,4.4973052628,4.262894512241377,23.93521255473026,23.813981386712506,0.9424261636,0.9582971346829161,12.71482413589415,13.113091353698678
BETFUD_clean,6.14614,6.224804932524419,4.2626,4.404339196296298,1.06295,1.1109113833333342,2191.42,2084.244683333333,0.6258,0.6261527777777772,0.0070083732,0.00864742143458333,0.071533979,0.09059028360805552,0.9958343132,1.0503241316106893,4.33375938,4.512598672289305,23.72951832195927,24.150653814914328,0.9243003342,0.9922431809490323,12.89865362749371,13.388106518330126
BETGAK_clean,6.1095,6.382953091666664,4.21478,4.5517472904645215,1.06153,1.0920450750000008,2196.8,2106.09324166667,0.6284,0.6248158333333333,0.0075247323,0.008504450265345237,0.0742871627,0.08847860389416667,1.0318241287,0.9869958013290289,4.4459444004,4.277085556837903,23.97326638782025,23.86506521951196,0.957536966,0.9540144494849998,13.15404333983212,13.24210027579419
BETGEO_clean,15.21578,14.095059916666672,5.06222,7.370835333333328,1.31768,1.138703925,977.304,1513.668172222223,0.6412,0.5954650000000001,0.0021830327,0.008020186383333334,0.0218118372,0.05748916137625,0.3202044259,0.6038569200650006,1.3835003632,2.4487786983266657,24.06172989096311,23.591997252701947,0.2983925887,0.5426435617491666,9.767403384226474,12.26317971887442
BETGIS_clean,14.00278,13.002958500000009,4.06192,6.793217333333334,1.35807,1.288348291666666,767.136,1453.7077736111119,0.6224,0.6133708333333333,0.0022837412,0.004609526017083332,0.0233229136,0.048428892056354166,0.3540046377,0.5256543045466667,1.696988248,2.141155780138334,22.62558151568889,22.42192008249214,0.3306817241,0.44191808616041656,12.00702649107772,10.593077027890766
BETGOY_clean,15.16495,14.170924083333329,5.42937,7.013969250000004,1.28137,1.1970507166666664,954.353,1310.1276166666676,0.472,0.6510916666666663,0.0024925843,0.004401936392916667,0.0257494575,0.04393670267499999,0.3852865217,0.6292682056460559,1.8579613555,2.592869235406668,22.43232910802355,23.11867709353379,0.3595370642,0.4982196828500001,11.37193395906715,11.379643616408638
BETGUE_clean,15.53135,14.756672999999994,9.65919,7.6459807500000005,0.735216,0.8591622583333334,1765.57,2423.9179000000004,0.7352,0.7163466666666668,0.0021486461,0.003360222408333335,0.0205385912,0.021485746712708333,0.317223896,0.3516936059699998,2.1285155341,2.2987626454266676,18.96303454375113,20.669742784586386,0.2966853048,0.32475079638541654,7.346994024781814,9.097654526739474
BETHEP_clean,15.93969,13.9991045,5.38602,7.4310658333333315,1.55026,0.9036214083333329,781.08,1906.2292666666676,0.6876,0.6705899999999996,0.0023160719,0.004438236265000001,0.0237087477,0.054430815880833316,0.3566210212,0.5498493602366665,1.9969750103,1.3683413637241668,22.26681329056818,22.724003297482906,0.3329122735,0.47807376549583297,11.36607217220347,9.57472717047897
BETHIT_clean,16.17666,14.397035999999993,10.50859,7.2323388333333325,0.819587,0.7927170249999999,1570.48,2846.571966666667,0.7656,0.7332583333333333,0.0017410804,0.003220304667500001,0.0174108037,0.02594823620027779,0.2685084382,0.3878148375108333,1.8061632835,2.442609754581667,18.74898700007519,21.34356548652182,0.2510976345,0.37032340468666664,7.215502610886666,8.965867624762215
BETZOR_clean,7.75357,9.006897166666668,4.72091,5.919093666666664,1.06732,1.0538311541666667,1461.22,1338.6776819444444,0.5544,0.5721876923076927,0.0104496915,0.011875941005833333,0.1038737322,0.12137141801750004,1.1019079601,0.9521353235679629,3.8134922381,3.175405751171666,27.21014515599836,25.57492719188315,0.9980342279,0.8891578267874996,14.37108720681576,14.542830171492067
BEWCUD_clean,11.43013,16.18115175000001,9.61646,10.906548500000001,0.476468,0.4952623666666668,4456.97,4372.392499999998,0.8196,0.8081699999999997,0.0015066732,0.005185806310000001,0.0164967942,0.052770244284166656,0.250969612,0.5667697419658331,1.7864866207,2.862217371304169,14.96102069074283,16.45587225700713,0.2344728178,0.5464777308458334,4.635731132090545,5.409698789663882
BEWVOQ_clean,10.23635,12.536924499999994,8.28637,8.879768833333337,0.717556,0.777251175,3363.78,3108.753025000001,0.7708,0.7393933333333333,0.0003116649,0.011345780784166667,0.0031671889,0.1019741409,0.0459270464,0.5704937513600001,0.3154834588,1.686966569018333,10.67602468961066,19.503987658157136,0.0427598575,0.48586762234999986,2.59231671201729,7.97460508306801
BEWWEH_clean,9.01955,11.45838008333333,7.89385,7.756010666666664,0.713962,0.8081615750000003,3323.78,2997.997458333334,0.7674,0.7387416666666661,0.0002484896,0.010802312668749998,0.0026112461,0.08331487829416663,0.040733334,0.4756166776558333,0.280997461,1.5566331854495832,9.653395102001515,18.699870423337526,0.0381220879,0.46895163703833337,2.389027494839965,7.115503402591926
BEXPAX_clean,6.17717,8.549680000000002,5.82599,6.628941416666666,0.749009,0.9441483083333335,4307.06,2629.8839916666666,0.7082,0.6927749999999998,0.0055806785,0.005305668864166665,0.0547299229,0.04471773841875001,0.8555224449,0.6031372952941668,6.1731108903,2.684354862338333,19.84546998514849,20.676036367024448,0.800792522,0.53774602459,9.413806562719351,9.15256388792443
BEXQIF_clean,8.04962,7.98355008333333,5.28644,5.321248999999996,0.683962,0.8078758749999999,3605.99,3355.677666666668,0.7172,0.7101433333333327,0.0007536573,0.001985051102500001,0.0070382359,0.02326626363416667,0.1071946708,0.24146404499333343,0.7379904122,1.809802125009999,14.54855983041308,15.765242680979096,0.1001564349,0.22851799493000008,4.285907557540348,5.745060590781651
BEXQOL_clean,8.04915,7.9725371111111105,5.31359,5.310254583333334,0.699237,1.0994650583333327,3534.09,3129.1339916666675,0.7174,0.6883116666666669,0.0008540147,0.002809175944374998,0.0075645641,0.02919540536500002,0.1108942602,0.3010905808502775,0.7527181928,1.2215555335950001,14.7162900614083,16.79447897221385,0.1033296961,0.23955084065500018,4.450407377746953,6.489899927729146
BEXQUR_clean,8.07729,8.140515083333337,5.36514,5.330328472222223,0.705667,0.8434453333333326,3511.67,3219.760616666665,0.72,0.6835350000000001,0.0006814162,0.002134510814583332,0.0076720158,0.02314615046569446,0.1143349387,0.3870048016749998,0.7915470017,1.0746332206625007,14.9018309364582,15.83439612074707,0.1066629229,0.32696365802416677,4.460598148980339,5.932520640553278
BEXRAY_clean,8.11263,8.066920833333338,5.64009,5.662678645833334,0.639388,0.8242382333333327,4051.63,3246.082841666666,0.7392,0.7031683333333327,0.0007285741,0.011998974586666662,0.0065942133,0.03187752110520836,0.0989965526,0.44711844454166644,0.6796701292,1.9034807385549988,13.87791203594656,17.830149657850498,0.0924023393,0.2810173225508335,3.983775186234354,7.139846063610678
BEXREC_clean,8.13134,8.224528333333327,5.54983,5.882119166666664,0.665352,0.8118971333333322,3933.67,3573.9278333333355,0.7388,0.718513333333333,0.0007202899,0.0025420654383333297,0.007348781,0.02126671205750002,0.1103897533,0.23268036628333327,0.7493386045,0.933539445495834,14.36733279503649,15.781189299482376,0.1030409723,0.18770149210611126,4.173119787019277,5.049616833904352
BEXRIG_clean,8.16514,8.15387025,5.60091,5.698612916666665,0.67222,0.9116400666666665,3894.19,3204.3467999999993,0.7394,0.7079049999999996,0.000751383,0.020022842533333318,0.0077085203,0.05934503493187501,0.1131607127,0.33667800149041666,0.783972331,1.2149285927799989,14.54906371987193,16.151541925734723,0.1054521924,0.26830404709083344,4.25598370860617,5.8500423021891
BEXRUT_clean,6.49399,6.380419391666663,4.71424,4.827027849999997,1.07075,1.1626384644841268,1328.47,1217.9448541666675,0.585,0.5698365811965814,0.0033231787,0.007760301248659947,0.0328865217,0.07450276785450002,0.471811964,0.9782164445518748,2.426833676,3.272704235919916,23.28237510872997,24.16335255630714,0.4389254423,0.8749127635566661,11.95963627064069,14.026411494115957
BEXSAA_clean,6.21678,6.803204645138895,4.72062,5.050076083333335,0.992771,1.2094634861111115,1467.57,1286.9545208333332,0.5884,0.5813252777777778,0.0031077476,0.007949324967397165,0.0319581504,0.05673450668208332,0.4531323609,0.7790855951091662,2.2137020153,2.920926213046805,23.17227850788586,23.455699868417806,0.4211742105,0.5693370538379164,11.32272261761492,12.22230052405138
BEXSEE_clean,6.49176,6.664626948391812,4.26641,4.947286420833333,1.04973,1.2311702597222218,1311.66,1362.8741388888886,0.5628,0.5793358333333335,0.0032253462,0.008191228771205358,0.0312341143,0.0791314050570833,0.4383866362,0.8173764879499998,2.2893420847,2.946330250139918,23.10576918082023,24.215589957631234,0.4071525219,0.6937321227720835,11.72615037986134,14.069882932594748
BEXSII_clean,6.27069,6.528466277777781,4.79422,5.144991665674604,0.943025,1.1622950641290724,2280.86,1772.690662500001,0.668,0.6255658333333335,0.0056821027,0.005518534936944446,0.0593721228,0.04911090437083332,0.8722943224,0.7123036448455555,4.7699598538,2.9557756900972496,22.3520717865035,21.35941596888419,0.8129221996,0.5800278240683328,12.08882042765791,10.872373687764359
BEXVEH_clean,9.97626,9.822312749999998,6.15688,6.838286499999997,0.782835,0.7896899416666664,3030.79,2950.7179166666665,0.7306,0.7157899999999996,0.0032587479,0.008497493544166661,0.0338845036,0.05924242723250003,0.4754124692,0.9923135823441666,2.9300977582,4.767130050763336,20.62545082879993,21.56531659650752,0.4415279656,0.920306836074166,8.302090871276382,12.005374950906383
BEYSEF_clean,5.61731,5.810293295833333,4.74798,4.5089767218019485,1.17978,1.3559923916666672,1194.41,1049.518414722222,0.5534,0.557348777777778,0.0028456466,0.011240985673750002,0.0289770593,0.08055077536583329,0.4376228777,1.1122519035208334,2.7231194438,3.474815677859622,22.98944291788901,24.231347175704506,0.4086458184,0.9827878647949999,11.21776734286251,13.839284900921426
BIBXIV_clean,18.4936,13.781744833333327,4.06846,7.83062775,0.9977,0.7896896000000004,1660.99,2763.505825000001,0.7322,0.7083683333333333,0.0016906437,0.0051468271949999984,0.0172612033,0.0482455602475,0.2553557091,0.5906528879466669,1.607085311,3.197761153676666,19.68273891107086,18.412736338954257,0.2380945058,0.5118018694575,7.584405200420349,7.60357293229092
BIBXOB_clean,19.69299,15.665347249999998,7.98654,9.19845925,0.409554,0.5718034916666669,4876.5,3343.656716666667,0.826,0.7813083333333329,0.0012623488,0.004295980094444443,0.0123627207,0.03327567345833335,0.1849726149,0.4941213838791666,1.1960665549,3.173830002194167,14.43396860625651,16.552620337605195,0.1726098942,0.4245513699524998,3.88128932746269,6.144294612438594
BIBXUH_clean,14.73899,12.987060416666662,5.12647,7.118219166666668,0.739806,0.7359962333333332,2796.6,3615.3889999999974,0.7088,0.7370883333333331,0.0025262151,0.0055513093645512815,0.0260172697,0.05059438550583332,0.3894078207,0.6687798307741668,2.8950390776,3.079672456094168,17.87314441846436,18.782978039500406,0.363390551,0.57280933195,7.062148297796269,7.786917905099525
BICPOT_clean,7.30922,7.339728450000001,6.53578,5.873956175925925,1.59286,1.5034627833333334,773.59,954.7711819444448,0.5162,0.5421016666666667,0.2401232317,0.005656757222499999,1.5271515052,0.05619878169499997,4.8646874608,0.44140161938833355,6.0274427284,2.404173170281666,43.12464176159939,20.98160690669654,3.3375359556,0.41270324637458333,22.19843503985339,10.354899381996624
BICPUA_clean,13.79678,15.122961583333332,9.90606,10.9439175,0.543859,0.5255688916666668,3871.6,4170.451900000002,0.815,0.8152516666666665,0.0013374785,0.006137390303749999,0.0126719059,0.055803635847500005,0.1916048395,0.6326579142474998,1.3711684929,2.476846041804168,14.3717596469168,17.08895793552509,0.1789329336,0.525687747593333,4.291484498758872,5.488090173649203
BIFGOO_clean,10.87246,8.96261691666667,9.01928,5.997823611111113,1.75205,1.2646332916666663,696.781,1076.657753472222,0.5534,0.569755,0.0008024662,0.006537354239166663,0.0082393081,0.11414057420916666,0.1164670327,0.5966923332600002,0.6796159576,1.7623212522233327,22.89139270817986,23.362092778957965,0.1082277246,0.5544110999216664,8.110553157411335,11.46358647123436
BIFKEI_clean,5.92703,6.307131886574074,4.3432,4.907491132098767,1.02128,1.3356619374999994,1982.84,1295.0278922784394,0.6088,0.5719931944444446,0.010199075,0.009734548405000005,0.0985023463,0.10000782074277786,1.3712896357,1.347371017316668,5.533346014,3.494380714891667,24.69189357789331,23.903012454564806,1.2727872894,1.230211869418834,16.50700541382373,13.703361826168832
BIGZUO_clean,21.72315,17.538868,20.98793,15.036291916666677,0.308304,0.47331089166666646,4539.4,4426.37706666667,0.9064,0.826773333333333,0.000634396,0.01774112383083333,0.0065678642,0.0968462793,0.097367909,0.7010264747700002,0.6419340953,2.5928617463849997,11.90692034653683,15.865873096745087,0.09080004480000001,0.5619837310425001,2.674886764449682,5.480189621607808
BIHBAX_clean,18.57439,18.99824116666666,17.55669,15.322710416666682,0.321672,0.45704091666666635,4541.16,4290.628583333334,0.8984,0.8563099999999998,0.0006717134,0.0092472786275,0.0064347089,0.05270448863000002,0.0923173367,0.3669653324375002,0.6062047951,1.9203021667624987,11.75170194499618,15.796575016401276,0.0858826278,0.353756704055,2.629374378773513,4.2292179943516235
BIHBEB_clean,18.34605,15.433076916666662,17.1599,13.279741499999997,0.724278,0.8747466749999998,2301.23,2403.608616666667,0.776,0.7222583333333329,0.0683449651,0.004105200935833334,0.4749033514,0.042813280802500006,2.195015658,0.47075900265666637,5.09969359,1.6452390031524997,32.25152960023858,18.590038587184335,1.7201123066,0.38863940274166675,13.13913240604597,8.892270106272617
BIJDUV_clean,8.61386,7.996278083333335,5.69718,6.1004619166666645,0.896671,1.2556041000000002,1900.85,1521.9085986111108,0.6122,0.5941500000000003,0.0095725648,0.006128823476666666,0.0938911242,0.06274504154833331,1.0325545745,0.5321023992475002,4.2415091457,2.4903323531875,28.79440410138913,21.816706436370396,0.9386634503,0.38612833923666656,16.18751320168903,10.55926378018902
BIJFAD_clean,8.3585,9.028307250000001,6.26342,6.633356000000001,0.855984,1.0696700083333337,2073.18,1589.724566666668,0.6172,0.6086854513888884,0.0094465732,0.007304575677499998,0.0900492121,0.07274773154750003,1.0826218685,0.8351026018830555,4.8742065835,3.730342921153334,27.60579546065631,24.216383404176206,0.9925726563999999,0.6912092058233335,15.47328941281354,13.980406531907914
BINROH_clean,21.31368,21.721108833333332,10.23686,10.04397075000001,0.503862,0.4833385583333334,3783.82,3793.1133333333396,0.7964,0.7955183333333333,0.0040800722,0.004273848185624999,0.0402545704,0.05701509150833338,0.590105107,0.5336853886549999,3.1716112908,2.904491877292501,20.58964339159403,19.514759187016626,0.5498505365999999,0.5019215950049998,8.653838386520077,7.349562531720999
BINRUN_clean,21.10286,21.703296416666674,10.09364,11.528024333333331,0.511736,0.5010688249999999,3727.96,3828.663833333338,0.7778,0.804838333333334,0.0044427707,0.009021677911666661,0.0438929288,0.06016100249166672,0.6415918493,0.5000473226241667,3.3438157003,2.779539074128333,20.86957355523295,19.34217677474055,0.5976989205000001,0.4726151539441662,8.874565341201148,7.348302971051264
BINSAU_clean,21.88013,21.938761000000007,9.52705,11.687876500000005,0.471575,0.51004015,3994.65,3805.117750000002,0.7874,0.7969250000000003,0.0032513636,0.004082165976666668,0.0316388092,0.04010619954833335,0.474703771,0.5202686152274998,2.7747511641,2.862291131759169,19.16842931286838,19.918459669817928,0.4430649618,0.5355952568849998,7.122871301581767,7.9624756307030236
BIPLIX_clean,7.36646,7.71811478125,5.75458,5.4280248305555565,1.07595,1.170522123611111,1516.94,1653.5845333333334,0.6014,0.6077509523809523,0.0018850017,0.008828565794166668,0.0179495388,0.10202441596583339,0.2794605113,0.8733198707308332,1.8839751846,3.3758277721116685,19.79698070809351,23.24397534550869,0.2615109725,0.7986775423916666,8.32653645359243,11.51770901072926
BIPSUQ_clean,18.61448,25.693450916666656,16.92881,18.099654166666678,0.43749,0.5061604249999999,4480.84,3748.0700166666697,0.8374,0.8266383333333333,0.00108695,0.004092385872499999,0.0126589909,0.03690633111499999,0.1899909072,0.47840726132500017,1.2538763612,1.8228018824075003,14.60960069846051,16.499601966555858,0.1773319163,0.45716299611166644,4.199039080386588,5.442904438414412
BIRGIU_clean,6.67557,6.388630965277776,4.28336,4.741991931047272,1.36929,1.1500127000000002,1071.8,1174.5001802083336,0.553,0.5599532222222227,0.0033617693,0.010586463625833337,0.0337477878,0.08679083576250007,0.5123475363,1.1732235002033338,2.9875869235,4.30751541758875,24.37889315763934,24.111874537924844,0.4785997485,1.1585400313025007,15.32560052508036,14.790256076417716
BIRSEC_clean,6.48832,6.707674076388888,4.86094,5.136664708333332,1.33798,1.2510517976190476,932.038,1338.779957291667,0.5134,0.5711552976190475,0.0042726947,0.008465657625833336,0.0438475138,0.06865847618458333,0.6617009836,0.8479251414425002,2.786767833,3.1345973217234726,22.86205974560857,23.378602851824045,0.6178534698,0.8242667992041669,13.24956323811804,13.729093358686963
BIRSIG_clean,6.37536,6.624670301388887,4.74657,5.6371913333333294,1.3786,1.3692410249999996,880.813,1073.736145277778,0.4994,0.542856840277778,0.0053438002,0.0054312901683333335,0.0544913469,0.06656502070958331,0.7895743073,0.7870471526591666,2.8809762662,2.8092821540000017,23.70741634914533,22.595912956815713,0.7350829604,0.8135790332672224,14.08665195046767,12.698180340134066
BIWSEG_ion_b,29.73511,20.006449,11.96997,10.39195008333334,0.466941,0.6873204416666667,3073.15,2685.111208333334,0.843,0.788738333333333,0.0027836864,0.003784673455416665,0.0269428865,0.030021503354583343,0.3651280788,0.49370890960333375,1.6419752358,2.096714176995001,23.660022958357,19.66312898480556,0.3381851923,0.4698340525574999,8.336707601505333,6.842597001384814
BIWSOQ_clean,15.33666,12.230228249999993,5.40917,6.631562,0.990293,1.0113414916666674,1959.67,2014.926625000001,0.6518,0.6833916666666664,0.0127248726,0.004514682665833331,0.1256161285,0.04186492743166665,1.6188797521,0.5780707519583338,5.9483415855,2.2924650956258334,24.20075883294738,21.789630917860727,1.4932636236,0.5387777022274997,14.37042309548398,10.859752742679161
BIWYAH10_clean,7.2461,11.415845166666665,5.52874,8.446838250000003,0.722295,0.8814125333333335,3981.85,2741.4297416666677,0.7574,0.7218116666666662,0.000295132,0.005344969224166666,0.0039645058,0.036670805388333325,0.0602890881,0.4918478563725001,0.409929288,2.1351022754841664,11.53480806785377,19.06295082997063,0.0563245823,0.4398672529408335,3.072759979519992,8.139093921823452
BOKQEZ_clean,7.07757,8.603245166666664,4.49353,6.1004907222222196,1.32957,1.269014708333334,1169.14,1380.784361111112,0.5416,0.5880933333333331,0.0012741498,0.00511734093125,0.0126461953,0.04473527386166663,0.1954400705,0.6461963761408335,1.3938597547,2.7119057681566674,18.13013481435092,22.67536147465804,0.1827938752,0.6532336566783332,7.591296087017117,11.487392241990506
BOPHIZ_clean,6.90751,6.8399876119228,5.24121,5.127875208333332,1.23618,1.2024845083333333,1230.9,1378.8891333333336,0.572,0.5515227777777779,0.0093177951,0.011852565073333337,0.0917347602,0.11145694370916667,1.1012568309,1.3241696995575,4.4784275387,4.251464365219168,27.75374723912365,25.260835041778897,1.0095220707,1.1479937493474994,15.90308845665329,15.136614714521935
BUKMUQ01_clean,5.90111,7.504473161111111,4.73838,6.301797833333335,0.853512,1.198798680555556,3436.94,1834.420702083333,0.7038,0.6410849999999998,0.0025305983,0.016050643418035714,0.0249414562,0.07803567534854168,0.3880190447,0.7842591222329165,2.9482042384,3.2980423829462495,17.87410190045893,22.6931349587223,0.3630775885,0.6443657380335414,7.375564055167561,12.191160892105048
BUPVEP_clean,8.00881,7.324737361111113,3.79594,4.8062037990740745,1.70124,1.3265014083333326,932.564,1454.927708333333,0.582,0.6074916666666663,0.0009455368,0.006383741102499999,0.0094287062,0.05945920923874997,0.136388683,0.6828987370133334,0.7754677633,2.7309121492091655,19.74541270380685,21.779871782345353,0.1269599768,0.5942813108908332,8.121371228488607,10.313045714339385
CAGSAG_clean,9.02799,8.118066375000003,5.29308,6.4016751250000015,0.961699,1.0125645829861112,2112.53,1652.3648666666675,0.6624,0.6217299999999999,0.0045508558,0.0051118580875,0.0451621495,0.06762817161500001,0.6241736446,0.7717891513313334,3.7286214288,3.564588778602917,23.06596832289541,23.871704115544933,0.5790114951,0.6827242754725001,10.83508722502584,11.912833955517812
CANROA_clean,6.93935,6.842764666666664,4.21694,4.771687019841272,0.944373,1.208868033333333,1916.88,1750.9134416666668,0.5966,0.6136366666666666,0.010756819,0.012632728789444443,0.1094581372,0.12765061102083333,1.193256514,1.3447040651311113,4.2645674165,4.38979490489979,27.10609377826483,24.266285468386638,1.0837983768,1.0926135076533336,15.09754826762823,14.344634672353559
CANRUG_clean,6.57321,6.911002749999998,4.9271,5.335663958333336,0.884567,1.3869764916666667,2031.65,1340.797513888889,0.588,0.569874888888889,0.0128847496,0.008124416455416669,0.1257844878,0.08681947130305555,1.7671929636,1.0898700300667128,6.8932313132,3.608509455908333,26.55260107184633,24.217934538054262,1.6414084758,1.1119871845579161,17.72866530428314,14.59568886825726
CAVPUM_manual,20.42812,19.65588641666666,7.78019,8.80903025000001,0.407456,0.44036424166666654,4767.53,4676.391416666669,0.8202,0.8216083333333329,0.0013255838,0.007794825149777766,0.01385139,0.026451559260833337,0.2030448557,0.24446248329583348,1.4305162312,1.8754850527658347,14.17806783937137,14.731433449751876,0.1891934657,0.24304895070333352,4.020771512677366,4.1255086301234645
CAVREY_clean,7.18071,7.226702083333334,5.30054,5.316085873263886,1.02665,1.1945796333333334,1915.49,1585.8452030555559,0.6398,0.6054425000000001,0.0078809362,0.006393245495,0.0803215959,0.08669433030954167,0.9129761489,0.7907426017816666,4.0521362425,3.5116706141278238,26.22645325342189,24.184300262548682,0.832654553,0.7271000515604167,11.82776952943548,13.432074565298192
CAVSUP_clean,6.03054,6.913863783333334,5.46806,5.15746627916667,1.37834,1.2718363166666669,803.663,1327.4455854166665,0.5324,0.5670662564102565,0.0008873569,0.010732709428333329,0.0088486897,0.0878403041804167,0.1307400121,1.1161352532975004,0.8231209544,3.707328833791251,18.76216763324532,25.908457775808184,0.1218913224,1.075343182862708,7.554991130750968,16.20756050741794
CAWDOU02_clean,6.97816,6.361607731588468,4.93144,4.811174691071431,0.905214,1.0795027444444452,2198.39,1708.5950729497345,0.6108,0.611909087301587,0.0100436647,0.012735497035,0.0981904799,0.08598860295875005,1.3133518387,1.059941947766667,5.9670629895,4.1286380432061955,25.67678093560199,23.608711812326707,1.2151613588,1.034530339019166,18.28174650311193,13.639101512919883
CAXTEC_clean,10.87616,10.848090250000002,5.2726,5.763629750000001,0.837152,1.1979971083333332,2303.05,1792.1190791666663,0.6672,0.6366108333333335,0.0032930002,0.006712141233333334,0.0332883857,0.07207055269916664,0.4818043977,0.8341510161749999,2.716910942,2.4953576847374994,21.03617187047015,23.237911052938816,0.448516012,0.8311185097158333,9.228151256265201,11.065832102942316
CAXXEG_clean,6.07325,7.096387333333335,3.85926,5.348626791666666,1.21319,1.438074466666667,1172.97,1215.3325270833336,0.5422,0.5727691666666669,0.006366594,0.007390029842499997,0.0639111469,0.07916472622250001,0.830082898,0.6257113519391665,3.4599106426,2.3890889077483317,25.81390663234058,23.76105484039098,0.7661717511,0.5914746763250002,15.30653376186699,13.7036308121175
CAYQAV_clean,5.97925,6.811260666666666,4.27197,5.174774044444444,1.3965,1.1735299388888885,1124.85,1319.1175106060605,0.5832,0.5680728333333335,0.0011003565,0.006106012477152778,0.0116805461,0.05757884636916663,0.1707040657,0.6927204807566666,1.1245475628,2.587140257843335,18.74015709088945,22.383847480699174,0.1590235196,0.6984498714225003,7.861734787128101,11.504441701571373
CEJBEA_clean,7.33038,6.768159379861111,5.85474,6.07294372941176,1.57516,1.3043934388888894,492.799,924.6948200000002,0.4492,0.5158800000000003,0.002374877,0.009452811468749996,0.0224211768,0.10181993007166663,0.2737156074,1.3303017109875002,1.1859021645,3.541062984216667,25.8894992631196,25.981007899572194,0.2512944306,0.9763253236741664,14.2345293036467,14.71207041217899
CEJZAU_clean,7.19009,6.995283102777776,4.36372,4.777285855303031,1.03983,1.1159761750000001,1427.0,1543.3487680555552,0.5552,0.5765638888888894,0.0139959034,0.012304404069166662,0.1394048012,0.09938297981616667,1.9095698778,1.2030651451999999,5.8542829739,3.7038336451970837,26.66593239351041,25.866928819062526,1.7701650766,1.0410414620424995,18.34680180174808,18.1270418749584
CIFDOM_clean,5.56405,6.265795833152961,4.03207,4.59388041130521,0.979977,1.1237052107894732,1834.33,1649.6459472222216,0.591,0.597138888888889,0.0063566369,0.011664120147222217,0.0624670747,0.11076055195166673,0.9193004348,1.2038793965349064,4.9251394395,4.106538330320611,23.13518889085525,24.27750238372518,0.8568333601,1.0222524659862502,13.47079583369164,16.362072284473026
CIRTUU_clean,15.60203,15.24201583333333,7.15132,8.376662999999999,0.583758,0.5659843833333333,4136.1,3842.255833333335,0.7788,0.7728816666666669,0.0047982134,0.004547036525000001,0.0473537581,0.044277118355833325,0.6359324526,0.4319276971416668,3.1528902301,2.5944794598241656,22.2045077449971,17.661057788964293,0.5885786945,0.4600957862416665,9.074668457753557,6.179295709928145
CITZIP_manual,6.91567,7.887043345238098,6.30981,5.879997509259258,1.43035,1.2835213750000003,997.402,1049.8601277777777,0.5266,0.5343144444444446,0.0029481382,0.007469726493,0.0302608143,0.08734213192833333,0.4689526865,0.9103597273400001,2.7439766338,3.5401989136508334,21.00644599096257,24.955222872883535,0.4386918722,0.8082332679041665,11.04126838149283,14.091561936772345
CIVTEH_clean,5.3881,6.584345682539681,4.01709,4.716744769444443,1.06088,1.2263663888888885,1173.37,1306.5914833333334,0.5492,0.570639814814815,0.0097802923,0.010325469958194444,0.0997166524,0.10665919191083335,1.3600299733,1.060639004208542,4.4066014446,3.950655780920001,27.05274442552015,26.128025896343903,1.2603133209,1.050045245358691,20.46083403644763,14.583328683195113
CIWROQ_clean,8.21788,8.19091325,7.67164,7.196436583333338,1.21042,1.1637731861111111,1714.31,1706.4003787037038,0.6722,0.6509966666666664,0.0044673595,0.005681670953750005,0.0454537043,0.05361183549958334,0.6311024166,0.5950407659016673,2.9872751156,3.0666208501485004,24.16096256433476,23.6658562957575,0.5856487123,0.6168424105016667,16.20446247403796,14.556297957967798
CIWYUD_clean,7.106,7.191598902777778,4.57125,5.669320404166664,1.41213,1.4339766083333336,944.617,1164.592191666667,0.5334,0.5625779166666668,0.0036401092,0.005616793712500002,0.0372325284,0.048403308059999976,0.553150588,0.6945075258608333,2.6370452738,3.142004307401668,22.59030938140231,21.745091573992205,0.5159180596,0.6094898918391666,11.83277722148941,11.113587751719102
COCMAJ_clean,8.89284,10.917505499999995,8.27815,6.603471833333332,0.8398,0.8186710166666669,2997.14,3103.206991666666,0.7562,0.7070766666666668,0.001327212,0.006515428821666665,0.0119783274,0.06978416111916667,0.1800329711,0.5535824798345834,1.1992745271,2.7807041871824993,17.03637603935834,18.966165902776762,0.1680546437,0.528471729395,5.664884026759946,8.25582375928466
COCNEP_clean,10.13832,12.660501583333327,6.56369,7.942599916666665,0.615207,0.6864204166666669,3852.42,3382.7607416666683,0.7534,0.7466250000000001,0.0029269238,0.004997484773750001,0.0298614557,0.055410936892499964,0.4393033546,0.7126457067991671,2.7262529607,3.3675467969236683,18.70612843390457,18.925241522311765,0.4094418989,0.6042053793333337,7.315654219544592,7.58123824817201
COGNAO_clean,5.98836,7.020488500000003,4.70156,5.1894844623015866,1.13574,1.1613018527777776,1543.53,1787.567019444444,0.578,0.6078049999999997,0.0083399071,0.016809186845,0.0828320302,0.09890392722083333,1.2247919751,1.327173842068333,4.5428968292,3.6244596355708323,23.45991772008827,24.625074392951355,1.1419599449,1.060628793280833,14.37945749710643,13.964597414762265
COKPOJ_clean,11.55541,11.983533833333338,10.79186,10.589654833333329,1.17423,1.1496712583333335,1327.14,1602.9815083333333,0.6464,0.6596416666666666,0.0013267175,0.0020319067144444446,0.0132360108,0.028142494665972247,0.2070013257,0.2335732232522222,1.5221802004,1.4087487662383333,17.62054334005126,19.016745403606173,0.1937653149,0.23532654199305572,6.580312349189028,7.316744307195466
COKRUR_clean,8.84098,8.025307972222226,5.5446,5.268360875000001,0.885689,1.0004667305555552,2141.9,2152.0847750000003,0.6258,0.6486249999999996,0.0149075961,0.009895443215833336,0.1424207416,0.12349146314749994,1.5684208128,1.2710263240325006,6.1636784148,3.7005338986000016,27.14480475126834,25.660647457783945,1.4260000712,1.0544890175866666,15.50427855055168,12.612554757306032
CUCSAU_clean,5.5757,6.009817325694447,4.21323,4.874944804395054,0.840322,1.401712850694445,1429.04,1024.1711451388894,0.5078,0.5494166666666666,0.0063852594,0.015595614855,0.0657180796,0.10565088794000008,0.9154124298,1.04237771747125,3.7977668667,3.250934609334167,24.51781278187305,23.224581312145883,0.8496943502000001,1.0146708331514582,13.59144454610069,13.050935226756168
CUKZOY_clean,4.8322,6.9994437013888895,4.10064,5.1476298571031744,1.27011,1.2819963000000005,923.5,867.0376283333334,0.5356,0.5264519444444447,0.0115914094,0.007343944227361111,0.1141273959,0.08457889101430557,1.406695338,1.1175222119862502,3.7367573194,2.9736338798641655,27.92217315967591,24.85815449278908,1.2925679421,0.9112708924199165,15.60107990627093,15.004381684651236
CUQSAK_clean,18.30047,13.544388916666666,4.50008,9.340801749999997,0.672661,0.7058542416666665,2754.14,3138.9394083333345,0.7088,0.7322433333333331,0.0034867621,0.008723182509166668,0.0349267715,0.07732195804833333,0.483178059,0.7166379578033341,2.3704938978,2.622355099944166,23.57968164444243,21.77508184663143,0.4482512875,0.5784580989575,9.826023093313191,8.99010693934907
CUTFUT_charged,6.47725,6.6609660173611145,4.49016,4.702133945608095,0.996719,1.2456175734848487,1367.51,1132.1945076388888,0.5428,0.5687990555555554,0.0111813412,0.011479540286388888,0.1080275669,0.08442786385124999,1.487102149,0.8169161017075001,4.9541131055,2.798138927994582,28.21910335667867,25.45169743443965,1.3790745821,0.6400804237599994,19.45515425888015,14.646212026147763
CUWVAT_clean,6.58776,6.302850771738371,4.88581,4.828151631944445,1.3301,1.3175728277777774,987.633,1342.5594125,0.5658,0.5775983333333329,0.0067388003,0.011645645637051285,0.066274418,0.09974612536166667,0.8644910419,1.0760493635754165,3.0657602615,3.5544222013402225,23.46327456538645,23.686194625843708,0.7982166239,1.0548472832808333,13.85343447405295,15.069351617097874
CUXFIL_clean,5.39541,7.113271927240143,4.09689,5.850141590277776,1.23338,1.2225267708333332,1122.99,1306.0285034090914,0.496,0.5796797619047622,0.0188686314,0.010302544331145838,0.1804648343,0.11293117425777781,1.7739893978,1.2145065293219446,4.0182856265,3.7890277159813217,28.48335190508924,26.021424591000887,1.5935245635,1.0010931720908327,18.93169313158167,14.58909126675354
CUYYAX_clean,5.04944,5.614336341865079,3.83367,4.775038884722221,1.16048,1.1695041516666664,1191.75,1298.6325296717173,0.5718,0.5635327777777779,0.0284203551,0.011499908387499999,0.2798908323,0.11026763013666671,2.6963892343,1.2895077191261906,5.5364988539,3.7336239281470864,29.44034011025042,25.598451149533187,2.416498402,1.1161524097166662,24.3013003419072,15.389047029046598
DACZUF_clean,5.17797,6.145322394318185,3.83142,4.307413024042509,1.30054,1.2421921353174599,885.425,1062.5005311574073,0.514,0.5444511111111114,0.0402601495,0.010153261862500002,0.3490131312,0.11961545533916663,2.0016644816,1.303249392074166,3.727865031,4.404241309006251,34.73092846462659,25.94831902512086,1.6526513504,1.139016811168583,31.33675592200035,16.23051226002468
DADLEC_clean,6.0526,6.342289744444444,4.95704,4.9850680535714265,1.09523,1.1493390097222225,852.004,1138.303157638889,0.4902,0.5458752777777781,0.0047048789,0.016361843687499995,0.0438932221,0.17437522896874982,0.585483386,1.3837475954397227,2.1616059519,3.7279312348729174,25.49766391016318,25.820526949258,0.5415901639,1.2993978490001388,14.31368909551651,17.214926508868462
DAPHOU_clean,10.96282,10.600346416666666,6.06241,7.673698333333336,0.785626,0.7736163916666662,3056.76,3000.361150000001,0.737,0.7187649999999998,0.0026944779,0.007125155906666667,0.0278496198,0.05851279577333334,0.4051452501,0.6693947407008332,2.5933677041,3.5915225639374997,19.60022906675836,20.02397478441034,0.3772956303,0.6016325687566665,7.49187219973108,8.127328219799601
DEBWAK_clean,9.51714,7.822631166666668,7.06696,5.645308083333333,1.05415,1.146966333333333,1078.89,1157.2168538888893,0.5474,0.5624483333333334,0.0021201546,0.014259020857499999,0.0216411712,0.09956946978208339,0.340069149,0.9579346109383331,2.6454536001,3.4030322517330545,20.26480624154718,26.60749422256448,0.3184279778,0.900821577304167,9.70481573995822,15.663777516784894
DEGPEL_charged,7.7396,7.601932666666669,4.21765,5.061239869444445,1.4277,1.3139885249999996,1141.22,1370.7964154040403,0.6116,0.6007929166666665,0.0019720952,0.0065596102933333355,0.0204816443,0.06496067129416667,0.3178268151,0.6712239124874999,2.0380700383,2.8188827869500006,20.24164839357413,23.39357672047868,0.2973451708,0.5364141006699998,8.782647536179141,12.238433255491325
DEJRUH_clean,4.98345,5.846777077546295,3.78027,4.490366756466452,1.03045,1.2867824990740746,1331.87,1220.5741597222218,0.5442,0.5674672500000003,0.0112603628,0.02950311527666667,0.1101675807,0.14487612902979163,1.4665050901,0.6808299624927082,4.9831912761,2.768561787710209,26.2744136025723,22.56079997672026,1.3563375094,0.6500373018933334,17.31608938368204,12.40867547536431
DIYTEM_clean,5.54342,5.918391668434341,3.85621,4.624711033311687,1.27196,1.160971491666667,1177.39,1035.823666666667,0.5676,0.5416343055555557,0.0121323386,0.013568426854583331,0.1194650081,0.12257471271577382,1.4518503721,1.1590350840758332,4.2063426147,3.629765927787223,27.04187492532315,27.408794350134524,1.332385364,1.066275914229166,20.05399934052782,16.28038202362682
DOPHOH_clean,12.12577,11.969025833333328,5.64086,6.548612416666665,0.985409,0.9552307666666668,1430.31,2046.5862500000003,0.664,0.6635649999999998,0.0015604014,0.005542254337499998,0.0156546905,0.07292689833291663,0.2459712106,0.6563748947416668,1.6937724816,2.5520635631225006,18.78170619487095,23.518096524728193,0.2303165201,0.4862403645124999,7.037030327234799,10.734246836320867
DOTFID_clean,9.22988,7.845091666666671,5.76129,5.449171958333334,0.797235,0.9888956250000002,2238.66,2277.2760333333345,0.64,0.6518366666666668,0.0057968682,0.009812981425833334,0.057605367,0.12486754199833335,0.7566538424,1.1697569463230555,4.1796140821,3.958715150286667,24.72908112805987,23.66560985749347,0.6990484754,0.9677414924666669,11.4718895643495,13.363681449300437
DUFGOB_clean,8.44616,9.765708166666668,7.81761,6.765341583333333,1.12069,1.0818541569444449,1300.59,1693.1948208333336,0.5722,0.6207216666666665,0.0007764732,0.004416379059583335,0.0075698587,0.04542953120166664,0.1118423579,0.3857500596708334,0.6819746237,2.125661676563334,20.95402085315401,23.054993828883713,0.1042724992,0.4336842147925,7.617656145305625,10.274891192897766
DUJRAD_clean,6.16228,6.69980773611111,5.32315,5.583697548611115,1.37535,1.1895055166666666,1158.79,1777.4614374999994,0.5806,0.6319983333333333,0.0042212691,0.006244219821666665,0.041231001,0.055565723479166655,0.6190097563,0.7961380386768333,3.146941711,3.088369432110091,21.83511379486166,21.175961122324434,0.5777787553,0.6707907245036111,12.38935291443635,12.75854341422101
DUNXUH21_clean,5.07683,5.777114082142855,3.95879,4.492313082347283,1.20337,1.267788643849206,1545.75,1318.7197250000004,0.6076,0.5775014285714283,0.0092898937,0.012241997208229168,0.0917407012,0.10467097450069446,1.286659283,0.9856262144910405,4.896731189,3.9099122310759733,24.93212117140363,25.402399875955673,1.1949185818,0.9243283144079163,17.57408963168944,15.967496272642377
DUWGEJ_clean,6.48283,6.771149465909093,5.44672,5.310053696969695,1.23973,1.4188270250000001,1540.8,1539.6916449999994,0.6142,0.5758333333333334,0.0040061109,0.007684291396388886,0.0406409408,0.08657136529770834,0.5521475053,1.0902019878575002,2.5965607767,3.4591486332408357,24.31180457248586,23.762880693914983,0.5115065645,0.8334090474250001,12.2204506400053,12.970731542705586
DUWSAR_clean,5.89224,6.564306700396823,4.25071,5.389648444444445,0.915526,1.4130385020562763,2379.46,1172.3238722222222,0.6566,0.5793469444444443,0.0007667254,0.004669444691944442,0.0080571144,0.05242688674054485,0.1229273084,0.6011597811908332,0.8539891541,2.3867889261391673,15.9967037641799,21.269331441810657,0.114870194,0.5804919627491665,5.435565431923536,10.98079583921109
ECODIK_clean,4.79857,6.8847062182870395,4.01377,5.2764546041666645,1.19981,1.5075211777777768,1584.41,1030.8541263888887,0.5936,0.5306155000000004,0.0118539454,0.017607919691666665,0.1192351631,0.11677812659833335,1.6066605612,0.906640110632083,5.1882321818,2.0334659203516665,25.9975240798167,24.105720645306597,1.4874253981,0.6968680617441666,20.66326906804508,13.0628249854705
ECOLEP_clean,11.63969,18.431653999999998,10.91793,11.15758008333334,0.407232,0.593185775,4465.52,4065.9458166666673,0.8666,0.796303333333333,0.0004761473,0.009272808661944446,0.0053989592,0.056034867546666665,0.0778008905,0.5999998152000002,0.5220344917,2.5884945140116664,9.853147216563977,17.525420206918476,0.0724019313,0.6512697998825,2.432814883609483,6.680960421072957
EJOQUR_clean,11.95194,11.482799999999997,5.10518,7.809100666666667,0.926552,0.7490873666666665,2044.86,2890.0763249999995,0.6978,0.721563333333333,0.0032580291,0.005989648495833335,0.0312420896,0.04609500735333328,0.4506377538,0.7126138925858332,2.2502852406,3.506945978032708,21.31817579419373,22.270816618560552,0.4193956642,0.5833630592175,9.260620012014936,9.88095165793308
ELIKIU_clean,4.97124,5.663363909604977,3.7531,4.268149873000842,1.54816,1.4114270666666662,725.337,1189.9268833333333,0.505,0.5673241056166055,0.0134323255,0.008682705789166667,0.13183533,0.07793181340166666,1.4823977902,0.9252828627116664,3.123044522,3.377271199765793,28.20937626136832,24.93459908957412,1.3505624602,0.8888020873175003,22.88780136996146,14.024651124906715
EMIYUW_clean,10.6209,10.842220750000001,7.98188,8.392493270833336,0.698012,0.7314636250000001,3324.4,3553.311966666667,0.7472,0.7541333333333331,0.0035556731,0.0066691710891666695,0.0365100861,0.05799409189416664,0.5249912511,0.658534379650208,3.0689123195,3.364600376342223,20.02165611395692,20.073037786312803,0.488481165,0.6733803416275002,8.240139596117238,8.874484648582067
EMIZAD_clean,35.58882,27.156809,34.51057,19.54845333333335,0.382184,0.46234955833333335,3737.01,3880.469916666668,0.8516,0.8333483333333332,0.0017711423,0.0033407808216666655,0.0153680656,0.03918157989041667,0.2392015284,0.4090729953691667,1.6960575611,2.018453380593334,15.07541360459584,18.78148146332399,0.2238334628,0.34582618365416634,4.501501722430477,6.375195686416063
ENCDBZ01_clean,4.96088,5.953999614709596,3.91158,4.658382803257277,1.33226,1.3025064333333338,1329.44,1237.6078045833333,0.6226,0.5541002777777781,0.0158099631,0.013283309086666664,0.1580353027,0.10774886945388899,2.1233669949,0.9805375673399997,5.577165723,3.0225835931058325,27.98632650864685,25.226105243487442,1.9653316922,0.8614702846366666,26.86937167188605,16.213425557555876
ENESUN_clean,8.35126,8.19889881666667,5.49783,6.328701472222223,0.626692,0.9127840499999996,3869.29,2437.849100000001,0.7316,0.6755549999999996,0.0025712252,0.007319550273333334,0.0247693577,0.07460447132041664,0.3820191948,0.6911203893624996,2.6974559441,3.357279113027085,17.8332540550992,23.149127583590495,0.3572498371,0.7227529675691666,6.586156010120168,9.805631730453294
ENITEB_clean,7.9765,8.416758708333331,5.25239,6.141428499999999,0.909449,0.9541179750000004,2352.02,2203.1534666666657,0.6632,0.6539350000000003,0.004919692,0.0070450823033333335,0.0487700236,0.0910262877816667,0.6919597553,0.8715152067816668,4.1788468358,4.26011041741,22.54706634166873,23.077408434322844,0.6431897316999999,0.8267596178279167,10.91143293853983,11.524801704654006
ENOVAG_clean,10.23983,10.110745833333336,9.51593,6.877420416666666,1.29505,1.0356583638888892,1140.64,1963.922241666666,0.5948,0.6435857142857144,0.001007435,0.004505321896809523,0.0100146206,0.039678239401666655,0.1583564365,0.5977001939625001,1.0920575391,2.288500978694583,18.79872758799491,21.588518301734045,0.1483418159,0.47971078399875006,7.089870213020633,10.982255103677108
EQERIC_clean,5.65308,6.5174069,5.10575,5.172734257575758,1.08357,1.092565254166667,1330.51,1884.6111361111114,0.5522,0.6280658333333332,0.023318452,0.0067056805077777785,0.2375179263,0.07345886803750004,2.7766308193,0.8000532968104166,5.8013904534,4.516750446318336,26.46885590527177,21.19370720490997,2.539112893,0.7965178602175002,18.99456879257837,11.519479602154792
EREFEN01_SL,5.00416,6.146640949242423,3.86566,4.903677884860387,1.13683,1.1643893916666668,1104.07,1403.2731166666667,0.5352,0.5583541666666669,0.0362662818,0.01846804673583332,0.3551654988,0.14632931967847218,2.9596603721,1.281324399446666,5.4072606747,4.076576305833223,29.96809084889492,25.780898176869645,2.6044948733,1.1439291219325,22.97889538407085,17.167101661504965
EREGOY_clean,7.33047,7.556468000000003,5.25494,5.553850105555554,0.879553,1.0296901833333332,2730.16,2250.657879166666,0.685,0.6264333333333333,0.0041032938,0.014696577853333328,0.0415722069,0.20401136224166663,0.6199145831,1.4148965651725,4.4438821306,4.535914395025,20.39286065877553,25.76998273913562,0.5783423762000001,1.2641457882825,9.430270514717815,15.53471697113099
ESANET_clean,7.69209,7.925846827777776,6.08736,5.4433110000000005,1.80232,1.3593184500000004,637.106,1127.4198165277776,0.5264,0.5609389814814817,0.0011452863,0.007154421820166661,0.0116310593,0.08888112056499999,0.1883615464,0.7617750078146666,1.3711868137,2.940537974296667,22.90616604957522,22.66217782899273,0.1767304871,0.6701044589579166,11.18316011255686,11.484417789479426
ESUSOC_clean,7.05543,7.08489728125,5.76553,5.621619416666669,1.36444,1.1035169069444446,1053.75,1478.6692249999994,0.5426,0.5787068333333333,0.0049835497,0.012573005024999995,0.0503374998,0.08784726019833335,0.7565024979,0.9534763001629165,3.6766003331,3.717856038599444,22.64865085244797,22.219956203842262,0.7061649981,0.934587022939889,13.36194835670678,14.42596402798701
ESUTAP_clean,7.12445,6.9003651249999995,6.33134,5.281683666666668,1.37347,1.1149182499999999,1051.64,1425.1182347222223,0.5478,0.5776416666666665,0.0051707151,0.00587220484138889,0.0523813371,0.05903684992791663,0.8076496725,0.8832220870525002,3.8469729416,3.7297835213822235,22.59025797439972,22.78402973338329,0.7552683353999999,0.7390526195514167,13.68252213243935,14.060830952148756
ETEJOD_clean,6.80678,7.3276682805555575,5.11467,5.9235122083333325,1.12771,1.033507191666666,1978.7,1993.2927250000002,0.6388,0.652051111111111,0.0034884726,0.006490063532722222,0.0335704362,0.06339841385249999,0.5113444759,0.9074001983258332,3.3579605618,3.4768650520457336,20.17415417741376,21.67294358738859,0.4777740397,0.74752471613875,9.75931024828215,9.41535225242056
ETEPID_clean,6.17672,6.8336274999999995,3.95395,4.761690759854499,1.10537,1.1916103972222225,1156.47,1350.7602383333333,0.5518,0.572552222222222,0.0612800417,0.010867088701666668,0.4572264679,0.10368621148624997,2.3974447735,1.2651312117599998,5.6909325199,3.420510352971666,31.94855074358406,24.654924015247445,1.9402183056,1.1010749112624993,15.2745340708904,14.299609342442768
EVAKOB_charged,13.10841,11.148639250000004,3.92348,7.666743333333329,0.806398,1.0087146416666668,2137.62,1918.6508083333333,0.6526,0.6615605555555557,0.013311449,0.01372941892250001,0.1329413329,0.05842700117916667,1.3597512334,0.4265831986441668,4.7721436442,1.9365547385391653,29.29444674601127,21.537410870583958,1.2268099005,0.40126805536083326,15.93773784114558,9.034449792332147
EWUKAK_clean,8.06678,7.746369374999999,6.82094,5.875399041666667,1.11278,1.4838564083333319,1780.62,1515.3093527777767,0.6252,0.5916050000000003,0.0024206781,0.008894540064166666,0.0240253251,0.10105901700083338,0.3721417766,0.6138268036804165,2.8781245704,2.3234679180399245,19.44490585664652,22.135405591634857,0.3481164515,0.4602441569274998,8.595094236676987,10.961871061729292
EXALAR_clean,8.27068,7.315734611111114,4.14256,5.245455250000002,0.819136,1.0807541277777786,1894.68,1474.6621949999997,0.6382,0.5800294444444444,0.0032204174,0.009445613744999998,0.0320396269,0.07262316401833331,0.4965225406,0.6557639765893335,3.8671524064,3.1197533426288877,21.74431026964507,22.53515051972837,0.4644829137,0.6575728592208332,10.22262445106783,10.828883705528966
EYACOX_clean,8.14361,8.314865083333334,5.87215,5.523116466666667,0.961963,0.9622803749999999,2567.06,2367.058058333334,0.6732,0.6664033333333335,0.0028385612,0.007123376988333335,0.0287774491,0.07870577685999999,0.4334927167,0.9079887360768057,2.8760674136,4.114971953784793,19.11173156739163,22.410347269955473,0.4047152676,0.7873021452141664,8.20832905838204,10.866492434545469
EYOCIG_clean,8.27418,8.599515916666668,5.89212,5.9234070833333385,0.922433,0.8305660944444446,2635.51,2931.609083333332,0.694,0.6930633333333335,0.0023564392,0.005425631750833337,0.0233946559,0.051594551644166646,0.3475467894,0.7626999704266669,2.4473561919,3.927342322939167,18.14593094807104,21.39856677715046,0.3241521335,0.7063534482375,7.143885799678733,10.453633252514605
EZABEN_clean,5.22809,5.919713625,3.75233,4.945933283730159,1.80933,1.257114652777778,804.973,1166.6400444444455,0.5686,0.5615556111111112,0.0054369568,0.009682434925555554,0.0539221168,0.09790997973249996,0.7455951679,1.1032632111891665,2.6255689226,3.339978583579167,25.3897669957511,22.619253728951264,0.6916730511,1.0113377980416662,16.81846376509982,13.60442366385137
EZIPEK_clean,8.58626,7.824468916666669,4.2007,4.66514083565922,1.51602,1.4817434083333323,1102.68,1241.2797166666674,0.5836,0.5798616666666667,0.0043442097,0.008552555533333329,0.043539066,0.09766900265333336,0.6003388844,0.9484883496441667,2.5926084333,2.617096649263333,23.05112269132992,25.049315953648808,0.5567998184,0.9705616792908327,13.70565172614131,13.787527841273862
EZUCIM_clean,5.27092,6.4014336691468285,4.42324,4.818349267361114,1.00292,1.089916763888889,1776.11,1768.6085666666659,0.602,0.6153180555555554,0.0131887441,0.008148635596249997,0.1355721254,0.08332575221777773,1.8405717002,1.023720094144445,6.1134875936,3.6199250548677857,25.67164361991727,23.1878945878375,1.7049995748,1.0203859662362498,17.43969937179941,13.66372841739847
FAFMAC_clean,6.81612,6.826185946338887,5.39086,5.054082609722223,1.26269,1.265596291666667,922.651,971.0975388934679,0.5508,0.5281341666666669,0.0029924017,0.00604147120875,0.0292690371,0.0519727836525,0.4848988221,0.6898175261594796,2.9731917745,2.634922592467709,21.80559207751143,22.607340906000495,0.455629785,0.5953614496849997,13.01604242372793,11.807766130167073
FAFQEJ01_clean,6.37389,6.5074363583333374,4.22376,4.977527141203705,1.46265,1.3308321076923078,1521.44,1284.1691561616158,0.6474,0.5548188888888891,0.0009730479,0.005677653046666666,0.0099165814,0.053161491090833304,0.1509606772,0.7717492170691665,1.0651458587,3.106750974152797,18.73624626416021,23.27044260161956,0.1410440958,0.6665447233741669,7.395126529626024,13.295325680622264
FAKMAH_clean,8.51474,7.680278000000001,7.6757,5.914392749999999,0.756909,1.087281275,2281.31,2126.638475,0.6586,0.6208056349206348,0.0035027981,0.006057690338333332,0.0358565795,0.053561926238333335,0.5432086266,0.8947845475083334,3.8349929602,3.0877751528033324,19.80127836435798,21.766002922024608,0.5073520471,0.6542743218979166,8.705831968258016,10.60086303678304
FALVOF_clean,6.65756,6.776179708333335,4.5203,5.326193212301586,1.39374,1.2378469249999993,1211.03,1381.2695611111112,0.5882,0.5777833333333332,0.0006305174,0.005451649480694447,0.0064492057,0.06452546980791664,0.0967844176,0.7808654459833337,0.6378549492,3.3920802882923624,18.7244593146402,23.29702085821731,0.0903352119,0.6273077398116667,6.524906968666981,10.858478405860307
FAPXOM_clean,7.22558,7.439889558114035,7.07954,5.662834791666668,1.12985,1.1887381333333333,1414.39,1578.4515416666666,0.5978,0.5968016666666668,0.0061264335,0.007819074813055552,0.0632498787,0.07979047713958337,1.0666084433,1.2321386706966668,6.2423330859,4.452637513739252,22.13407602447029,23.214865635097524,1.0033585646,1.1120092721495825,14.42980709576746,15.305163276592923
FARFUA_clean,8.43305,7.6400315833333305,5.99885,5.58606642361111,1.37514,1.1643982416666667,1205.84,1451.086171111111,0.6292,0.5956616666666666,0.0013449478,0.008916784153958334,0.0129399379,0.07862644080274997,0.2005216383,0.672298555308333,1.407704086,3.1707119796991665,19.0784092506426,24.410763627280154,0.1875817004,0.5734707472674998,8.166725649857097,10.854985884022605
FAYPOM_clean,8.33734,8.853610583333332,7.34032,6.17922175,0.888945,1.0386845416666666,1992.16,1967.6512416666671,0.637,0.6376666666666666,0.0030006223,0.015007746895833332,0.0309145386,0.1184141859158334,0.4605531111,1.232278323627083,2.9469486221,4.075704040138167,21.10769685530736,25.422530330361397,0.4296385725,1.0746706222691664,9.450250201701923,14.186937178038768
FAYQAZ_clean,13.25092,11.110573666666665,5.37829,7.760449,0.797039,0.9200947833333333,1986.41,2396.1949750000003,0.6806,0.6749033333333334,0.0022549349,0.013356329648333335,0.024980532,0.12165509354583334,0.3666679712,0.8246834639008329,2.2824364983,3.4742515447550013,20.53785543612407,22.878949862997395,0.3416874392,0.7107464732400003,8.656712766740466,10.547430800424472
FECJUT_clean,8.20883,6.6127377314814835,4.88885,4.935634802350425,0.902793,1.0985019999999996,2013.68,1896.338875000001,0.618,0.5877133333333332,0.0041481285,0.016900464833333337,0.0400170754,0.15439254761500004,0.5624213982,1.335803992358056,2.9729660772,4.055327986530837,22.99320640310878,22.27535023220365,0.5224043228,1.14409180131125,11.42627631865713,15.144314503397416
FEWXIQ_clean,17.35042,18.301885083333335,7.46306,8.33805258333334,0.482905,0.7027456999999997,4678.25,3303.3035000000013,0.7942,0.7652383333333336,0.0019398492,0.005733972009166666,0.0188750407,0.06252109625416666,0.2936131122,0.4826581984008334,2.1733023575,2.055397605444999,15.70194833143805,17.354798880290996,0.2747380715,0.3706276307475,5.252153606471386,6.735053075912151
FEYJID_clean,11.05011,10.932153166666668,4.28201,6.216087583333331,1.28763,1.023877533333334,1308.07,1971.3550749999995,0.6268,0.6507950000000002,0.0022634409,0.011274446288333332,0.0242850051,0.07100948730916663,0.3745272923,0.6914343307358334,2.6485200388,3.4288388688850007,19.9107791682769,23.147024914974867,0.3502422872,0.7420622814950001,9.15570233663016,9.951967209791556
FIBKEI_clean,12.33456,10.93269266666666,6.95883,7.049681916666663,0.708252,0.7721263916666669,3211.97,3184.8995833333333,0.7362,0.7197049999999999,0.0056361297,0.004769543301666666,0.0535892105,0.04527921107416666,0.6594693263,0.5044118383066665,2.9022121734,2.6739762729991656,24.25120897176688,20.340887197593382,0.6058801158,0.4733292328938887,10.04405852009695,9.053271201377207
FIHFAF_clean,6.24558,6.640747171626982,4.36754,4.718579630934346,1.21214,1.0842522041666671,1247.65,1758.330773333334,0.5622,0.6044568055555554,0.0057702973,0.011151903093055549,0.0562465939,0.10494013911458336,0.807406776,1.0397270384500004,3.4694418552,4.106113264742431,23.08691350448496,25.132884097569825,0.7511601821,1.0493392362283338,13.1686367213537,13.46298798383514
FIJDIM09_clean,6.04424,6.130343403881765,5.23566,4.543723456216928,1.22037,1.2756217666666665,1095.1,1529.887220833334,0.5392,0.5709513888888887,0.0075112781,0.011394503977499994,0.074337137,0.1005504744227778,1.0420408383,0.9713515907233335,3.9480347175,3.8068204070111933,23.61751275213859,24.52666148890091,0.9677037012999999,0.8671842609783333,14.982496761556,15.088940303469286
FIJFOU_clean,6.85299,6.753405494642855,4.5996,5.760043624206346,1.41253,1.2789954333333329,805.384,1128.5359556746032,0.4974,0.5465055952380953,0.0107939178,0.009172142994166669,0.1042895436,0.09384121341333332,1.1580438908,1.0962128787800003,3.3940347033,3.5213280348892524,27.95615978996113,24.509432589789995,1.0537543472,1.0388602579479171,16.85871495246508,14.041697250347855
FIJXUR_clean,7.39108,6.76544289583333,4.72102,4.899849915575397,1.5002,1.456958162373738,728.749,963.1474125000001,0.506,0.5500020833333331,0.0005373394,0.018837761515208332,0.005267414,0.11783732951708335,0.0780518079,0.6648567671225002,0.4910176222,2.143662326354999,21.0406843266899,26.019464812671252,0.07278439390000001,0.5835086990258332,7.718856296783282,13.37957879444483
FIVYEP_clean,5.69894,8.308218583333337,4.7333,5.990422416666665,2.0333,1.498007891666667,614.092,1033.4683208333333,0.458,0.5376100000000005,0.0005411311,0.020765253152916663,0.0052238134,0.18564520144944438,0.0787820369,0.704656725790833,0.4738848456,1.2474304798974993,18.35602539497063,24.16768175113706,0.0735582235,0.4351691552083335,6.793696278239315,12.071115591444215
FIXVUE_clean,10.80219,11.176504750000012,6.73703,6.242977500000004,1.60539,1.044047575,1084.34,1841.9950916666676,0.6236,0.6629833333333336,0.0001310502,0.009104508062499999,0.0011544199,0.06188878975333334,0.0173310228,0.7173865359983337,0.1184384726,2.3337478130349996,11.60657725283587,25.206912342245843,0.0161766029,0.6465829833274997,2.918423005706825,11.007194670247399
FOKYEL_clean,8.8968,7.089858343750005,8.56106,5.2425215000000005,1.19075,1.1187977055555558,825.606,1566.9373166666671,0.581,0.6102664087301586,0.019216464,0.00931359776166667,0.1675276273,0.0719788512683333,1.1757721721,0.8065827484083335,3.5004391609,3.352339359966502,32.14635894663181,22.301984286197314,1.0082445448,0.7526258276683335,15.79541944891604,11.490243466746524
FOQNOQ02_clean,5.77332,6.587594177777775,4.6821,5.239597899715098,1.37197,1.266228267929293,786.062,1120.2827438961042,0.5392,0.5517027222222224,0.0076829973,0.012819957649166668,0.0733091304,0.10203783363194452,0.7616700157,1.0865723286058333,2.3142704174,4.089798459929298,29.75908440958884,25.707442932436077,0.6883608853000001,1.0973346956274999,15.25354676536697,16.7414817094575
FURQOZ01_ion_b,9.28425,8.804947749999998,8.43309,5.986868583333334,1.37609,1.4245335187500001,796.865,906.2913122222222,0.5274,0.5420983333333335,0.0006805958,0.014025959098333343,0.0072208302,0.08611724299444438,0.1040797301,0.43180719928291655,0.6742081631,1.2778527486541664,22.00609361561321,23.97079157899224,0.0968588999,0.3759074365700002,8.135586397696375,10.638773436237734
FUSNAJ_clean,10.8347,10.410198999999999,9.87565,8.227412750000001,1.0024,1.4073100069444435,1659.45,1448.3607125000003,0.6588,0.6034433333333331,0.0013862136,0.02645244470999999,0.0140143099,0.07405545155333332,0.2081626723,0.48147974578625,1.2369637682,1.4752253602183338,21.70036952231968,24.409187866786233,0.1941483624,0.4953880174391667,7.63229473346892,10.436598818760304
FUTDII_clean,10.10622,10.486681666666666,8.60837,9.069264083333332,0.871632,0.9933194166666666,1745.28,2138.0029375000004,0.6404,0.6452566666666666,0.0025239417,0.009499209424166667,0.0237196243,0.08285804785916667,0.355546719,0.7016822753449998,2.2048225277,2.1399097039177093,20.38176911373215,21.753378681258585,0.3318270947,0.5927292654425,8.407832878725463,9.399756755119862
FUTYOK_clean,6.0154,6.395862007407406,4.82285,5.372715516666667,1.02626,1.0830927881944443,1820.05,2028.4114550000006,0.6442,0.630408333333333,0.004191757,0.00684255507480556,0.0441395837,0.04049346109666666,0.6922540208,0.7179403101341667,4.1619127354,3.3578683585275,20.8330831825534,21.872726233819783,0.6481144370999999,0.6443487554522916,10.98368211497428,12.743858987637788
GAHSEQ_clean,9.12806,7.986102738888888,8.89551,5.823999228174605,1.04861,1.1097342083333332,1114.83,1235.683327777778,0.5662,0.5769401388888888,0.0012206149,0.014684964691666665,0.0121049478,0.08944209286999999,0.1897818712,0.969905602848333,1.2537470933,3.6380874956799993,21.21805614393031,24.374195951687888,0.1776769234,0.9490119695774999,8.357648296866309,15.116575523598831
GAJZAU_clean,4.80108,5.433132815532397,4.30234,4.620641274305554,1.51624,1.4379554749999992,754.324,867.01556375,0.5456,0.5344947777777783,0.0016877966,0.0078814218,0.0167412117,0.04944122021074604,0.2534187719,0.7440890564016662,1.4485155541,2.7600684676671525,22.37920500719338,23.669861749594077,0.2366775602,0.7312136767366666,11.06463705787809,13.766039991346892
GAJZOI_clean,4.76043,5.150158824768517,4.22431,4.471864439800899,1.6231,1.368265330555556,702.673,983.9814947222218,0.5414,0.5516300473484848,0.0020237572,0.005486667393655303,0.0197506778,0.06585044540326392,0.2985373081,0.8993299644083338,1.6059821653,2.9707000977625952,23.2501056620597,23.856837264927382,0.2787866303,0.8799252769297913,12.48407157731499,14.5358902359247
GATQIE_clean,8.12277,10.291773416666661,6.57853,6.633149166666665,0.814422,0.8880874916666671,3305.6,2595.348116666668,0.7176,0.7014816666666667,0.0036305847,0.005019722350416667,0.0366119973,0.05330258484083331,0.547184578,0.5288710615658333,3.265485806,3.4873410027075002,20.7316052532543,20.341072075924846,0.5105725807,0.5418893291691662,9.234589362059024,8.672700080236213
GAXKOH_clean,9.78617,9.320183499999995,8.86105,7.173946083333335,0.959935,1.2097577250000005,1763.0,1725.5677500000006,0.6186,0.6079709999999996,0.0033515218,0.00642569794375,0.0347328644,0.03376061323333333,0.5137030566,0.5149258076208334,2.8803525286,1.590841604881667,20.65972891997015,21.424850110220753,0.4789701922,0.4054520718124998,9.816597750292717,10.25331728226235
GAZZIS03_charged,11.21713,9.907033666666674,7.9594,6.827306083333334,0.708632,1.036009730555556,2646.0,2405.2174416666667,0.6888,0.666588333333333,0.0034941162,0.0065486742083333315,0.0352293776,0.05390230403499998,0.5148984956,0.6145336233066664,3.2489832517,3.4781641072591696,20.41350631645562,21.525747065818802,0.479669118,0.4785214809500001,8.512839595039708,9.222753218084167
GEDDEA_clean,10.13591,7.84140111111111,3.81582,5.917291222222224,1.29721,1.3611775416666665,1234.26,1317.1276708333326,0.591,0.549801666666667,0.0037197867,0.0073605417033333325,0.0359619379,0.05854316277312501,0.4461370843,0.8105868288309998,1.7852256318,3.4006201490108325,26.5849267011265,22.836601638040047,0.4101751464,0.6700813727508332,12.69103569312514,12.014935784455925
GERNOI_clean,6.93892,6.865770000000003,3.80818,4.570897197916666,1.05982,1.1093291170634925,1202.05,1219.7436374999997,0.5412,0.5555595833333337,0.0095035188,0.011543667753333337,0.093363923,0.11185413872833336,1.4015069897,1.2128134667875001,4.9632114503,4.612174800594682,26.38520433102226,25.841335473106124,1.3081430667,1.0539934310050005,20.87931607493796,14.223644423832672
GIJXAA_clean,10.59462,9.96773766666667,7.92596,8.715895333333334,0.990408,1.037051758333333,1778.16,1798.3485416666672,0.6526,0.6308363888888889,0.0213085821,0.004963188741944444,0.2157126094,0.05928521668999999,2.8246553856,0.6714611204116668,9.2063996954,2.9339366734150008,27.02207753367954,23.28422114315382,2.6089427762,0.6007682408891665,19.94340488417835,11.708925003155919
GIQXUA_clean,4.89316,5.5885356631944445,3.86869,4.61614909375,1.79298,1.3548374583333325,913.522,1213.0018180555555,0.5838,0.5635949999999998,0.0016301872,0.016633237435000003,0.0169295664,0.12517865676854167,0.2547076463,0.903434721893472,1.5495693082,3.2713042948791653,22.13331019732999,23.09571509692574,0.2377780799,1.0045314991174998,10.86867070910136,14.499278450438274
GIQYEL_clean,5.04966,5.602540958796298,3.95603,4.706419570833332,1.69109,1.3407595666666667,974.192,1228.8739902777775,0.5932,0.5560888888888889,0.0013217242,0.014357542059166666,0.013914456,0.11513032498770834,0.2049399519,0.8895153427741663,1.2712954615,3.318745153475415,21.20098508789057,22.68175491311935,0.1910254959,0.8941615504483332,9.159945341028077,13.814200119280681
GIQYUB_clean,4.85877,5.552877510416666,3.85756,4.648987440972221,1.80735,1.364450916666666,905.654,1166.3121847222221,0.586,0.5646133333333332,0.0017373628,0.014108850614166668,0.0176876967,0.10960546648020839,0.2628918563,0.9596583778251385,1.5892203935,3.4518379516341664,22.32941195083268,23.58005379630142,0.2452041596,1.0010513356916666,11.34110239363197,14.471015064336818
GIVHIC_clean,5.68256,6.093917475522138,4.14915,4.821284336111111,1.01525,1.4700329166666657,1295.41,975.661470486111,0.5352,0.551903388888889,0.037473294,0.009055657789999998,0.3609234423,0.11795127176277781,3.3044172471,0.932701489669167,6.0251732967,3.5322482974358342,30.9786554671799,22.088709438570394,2.9434938048,0.8479893401716666,17.91531882919604,12.755932679152473
GIWCOF_ion_b,6.18603,7.386837587500006,4.18536,5.238737915945167,1.09485,1.328961546969697,1710.03,1123.8409241666668,0.5864,0.5610336666666668,0.0072537175,0.003434925564285713,0.0719807554,0.04333141196249997,1.0403270619,0.5228752973841667,5.1882569209,2.3680350676866664,26.25818557975904,22.08760160771922,0.9683463065,0.4575109816158333,16.19886779221858,10.752132600525153
GOGWEF_clean,4.59875,6.218062616203702,4.17002,4.814285621584898,0.999501,1.2962316125000006,2127.44,1589.230389351852,0.617,0.6017177904040404,0.0067695158,0.004965308553525641,0.0683644892,0.05995024954748925,0.9912984806,0.8600010915451661,5.151105169,2.712529921868259,22.44705985425282,22.122469971358818,0.9229339914,0.7008575723675,12.67335439687013,12.203402133323518
GOSKEG_clean,7.10002,7.180865916666665,5.21425,5.710355791666666,0.943193,1.07427345,1860.4,2123.8699138888896,0.6182,0.616257666666667,0.0142492585,0.014074539079305556,0.1410706558,0.1322121235815833,1.7432913767,1.1850449798645835,5.957532044,4.813910134724908,25.81912802564913,24.729079435739145,1.6022207209,1.1244791366441664,16.11555085069984,12.985828979669769
GOZNEQ_clean,6.09971,7.139423271296297,4.27883,5.479561680253623,0.947205,1.0744473416666667,2399.59,1961.4722638888888,0.644,0.6235367063492062,0.0027308395,0.004484098591805553,0.0279550268,0.06012281101124999,0.4213485548,0.74311711183,2.6115234713,4.292610782203749,21.52245323081279,21.271461509173655,0.393393528,0.670224231635833,11.54801022305123,11.515544374308833
GUNZIA_clean,5.83475,6.008937818981482,4.30482,4.660429006944443,1.2153,1.182907908333334,688.601,1237.4696333333331,0.5296,0.56141,0.0365630943,0.009526117793125004,0.3026833777,0.12444907975500007,2.0953008378,1.165935701242917,4.4843284832,3.761557621460419,32.66376167787013,25.816310470421122,1.7926174601,1.1299387646291668,22.15058862624864,14.099839833280225
GUPBOJ03_clean,20.79847,16.578983166666657,8.00163,7.919317083333338,0.806562,0.7760854750000001,2078.13,2403.5361833333327,0.7324,0.7482833333333336,0.002659833,0.011459229414166671,0.0278362169,0.08035245896916665,0.4188244485,0.5083567279550002,2.4115662726,2.053403878931666,21.74123519812076,18.620103928149998,0.3909882316,0.48784980790500004,9.131899087929249,7.719100606548674
HABQUY_clean,25.71531,22.55564266666666,12.0883,12.977870166666678,0.289452,0.39150725833333333,5688.62,4448.577833333334,0.8738,0.8597216666666669,0.0017794333,0.0021158926024999994,0.0167355422,0.025382856530833334,0.2375515704,0.30477111185583344,1.4757544153,2.041968473971666,16.49515014697118,17.519669061738412,0.2208160282,0.3204217528366665,4.226884457749591,5.274612835703349
HAFVUH_SL,7.26111,7.472206125,7.14037,6.595873249999996,0.948615,1.1644279805555562,1751.34,1519.527161111112,0.5896,0.5860591666666666,0.0076136896,0.007162688359166664,0.0772271016,0.07613586015833333,1.281343653,1.0428666187883338,7.5718460319,4.3011440152362495,22.90594487210186,23.148339610148316,1.2041165514,0.9338318145135412,14.58512019821061,13.942228807562374
HAHPIQ_charged,9.53782,7.2287113750000005,8.62412,6.014725416666664,1.59282,1.4470592638888895,387.91,823.8757358333331,0.455,0.5169863333333334,0.0002469634,0.007902486346163194,0.0026146485,0.10175206648541661,0.0396196144,0.6965070366286107,0.2974722909,1.9417383402833335,16.69363985405292,22.206538614221017,0.03700496590000001,0.5992586811566665,5.648556536677461,12.15852598509921
HALQUJ_clean,5.83271,5.9938024533730205,4.11171,4.732431221741454,0.775057,1.0792582166666669,2905.8,1599.8076395833345,0.6658,0.5789849999999999,0.0081455482,0.010413678294305553,0.081723544,0.11661910379083332,1.1560432075,1.245229607044999,6.1799775921,4.1594072763775,23.82434569198676,24.35153552301086,1.0743196635,1.1190431275934165,14.75809679809445,15.11957906679957
HAQKES_clean,7.18365,8.276417166666668,5.84135,5.258185599999999,1.26274,1.1620350458333333,1518.71,1653.9361333333336,0.6256,0.6201833333333334,0.0019593996,0.009600201633333333,0.0203858777,0.07526701836208333,0.2987458335,0.6325835236366668,1.7833209841,2.241913211105,22.33138993237944,24.060438734736632,0.2783599558,0.5911108263291668,10.06969475685918,10.630902642853885
HATZOS02_clean,4.8576,6.053128102380954,4.0805,4.634241562456707,1.31729,1.396807841666667,842.374,1052.2260352182536,0.544,0.5431383333333336,0.0055591206,0.01444026621916666,0.0566730704,0.11126956379937504,0.7699429533,1.0069688438825,2.6277425532,3.2950978368800015,25.89141143236096,25.92199339350018,0.7132698828999999,0.9770239334766667,17.57800625180579,14.498974723799755
HAXNOJ_clean,6.09414,6.986706822222223,4.53148,5.370997583333333,1.2268,1.3788223833333337,1841.57,1392.1516099999992,0.705,0.6046900000000001,0.0006638977,0.007710785248333333,0.0070354716,0.06447638513916665,0.1052385451,0.5182934118108334,0.7080392266,1.6602524858383345,16.41299909523758,19.002877141935105,0.0982030735,0.37906339645249987,5.203017916107184,9.01177070561538
HEDBOJ_clean,6.12669,6.630828753950215,4.55303,5.4893645898692816,2.25914,1.1627899105555555,693.232,1386.9506713888884,0.5588,0.5903258333333335,0.0002961069,0.010095959205,0.0030062518,0.10444539250416669,0.0439190311,1.1820532959929169,0.2896240403,4.363960693575717,16.97871881148708,24.557033092442317,0.0409127793,1.110480730339166,5.663836518036666,15.216070945133643
HEHCOO_clean,9.66574,11.572661083333333,7.84648,8.628764499999997,0.868335,1.2064657500000002,2177.92,2286.1969083333342,0.6642,0.6622533333333337,0.0009074635,0.012280429125416666,0.0094732753,0.12944240622166667,0.1418663838,0.7133403719875001,0.946774143,1.7963565803716675,18.22289047478553,21.659053954326737,0.1323931085,0.5638304779316665,5.882063074526871,10.508669764260866
HIFGEK_clean,6.30554,6.966940150297619,5.14447,5.563205666666668,1.31758,1.2652702624999994,1286.57,1162.1001736111111,0.5682,0.559234166666667,0.0047144764,0.006627521842499998,0.0479031721,0.06613308199916663,0.5622976932,0.6585846235175001,2.4738994913,2.336610653305001,25.6472660487066,22.346095851592843,0.5143945211000001,0.5106048084308333,13.00886098302758,10.950734509477241
HIFTOG_clean,7.95891,7.179388494841266,4.14066,5.28186582986111,1.16582,1.1916075666666672,1627.97,1608.8429245370378,0.6126,0.6125499999999996,0.0068285042,0.007634844864861112,0.0679765921,0.07504497607333332,0.874906915,0.9202638564208337,4.2788441995,3.525113375617324,25.55175546949112,23.744828596801792,0.8069303229,0.8553860355824998,16.09198877417757,13.017809707508574
HIHGAI_clean,10.55614,7.78335763333333,5.67197,5.684943067592595,1.00791,1.0332912694444443,1701.54,1866.9684083333332,0.6458,0.6223883333333332,0.0054666705,0.015205645009166668,0.0553654189,0.12857327078500008,0.7345508842,1.4257644715675,3.7756822166,4.345363618660833,23.87591820796446,24.031349408604317,0.6791854653,1.333024258465416,12.45529194319998,13.08738802577376
HIQWOV_clean,6.76103,6.8869622589285715,5.10334,4.788393407242061,1.07696,1.0975658620370372,1802.66,1838.3976749999997,0.6212,0.6238016666666666,0.0054439969,0.009583704417500005,0.0520960575,0.10509330855749997,0.7135382529,1.0751177892833332,3.5511947886,4.101382080182639,23.61435903478273,23.28154207672651,0.6614421953999999,1.0076779314979165,12.6736485871891,14.2241246426754
HOWPOZ_clean,7.21513,7.746076083333335,5.98736,6.2445669583333325,1.27988,1.2578494166666663,1175.5,1476.290225,0.585,0.5983972222222225,0.0038409813,0.004761480625416665,0.0370635594,0.04331050902499999,0.5984379266,0.5120156941699998,3.9387319441,2.0101458175741667,21.72282072864945,19.345282821568155,0.5613743672,0.4516595934466666,11.82257348435561,9.214520889886774
HOWSAP_clean,6.71751,6.517855941287881,4.61596,4.8957556555555515,1.15559,1.195609335714286,1445.9,1648.6733958333343,0.5844,0.5667091666666668,0.0039119402,0.007700107911666663,0.0378002142,0.08219628593666668,0.5544996038,1.0755416305704164,3.0867385336,3.742678262530835,22.48455438606832,24.090241297769783,0.5166993896,0.8405003125099999,10.96329400144176,13.91539665106996
HOXJIO_charged,6.55469,6.446311716666668,4.73411,5.291887786038013,1.16621,1.3293932042200853,1387.32,1053.7067350462964,0.5634,0.542681666666667,0.0138440288,0.008302555441597224,0.1328402221,0.10639804222124999,1.2686751258,0.9553222532099999,3.438906195,3.1456770970562955,28.84168335277415,24.25649006231264,1.1358349037,0.9208418276458333,20.42044859853362,14.538867385192136
HOXSUK_clean,6.8634,6.5232896555555575,6.5073,5.052783916666669,1.07828,1.116300205555556,1179.6,1536.922249166667,0.553,0.5780861375661377,0.0200213885,0.01190896255083333,0.1908579121,0.0894141862025,1.6146156295,1.3018782271466667,4.6014622064,4.274363326020624,29.07814183734956,25.659450340502367,1.4237577174,1.271824012829445,18.19865821818604,16.425334311340016
HURFEH_clean,7.40163,6.715123346428573,5.27423,4.999373724537038,1.02718,1.1402643863095234,1803.42,2002.9791749999995,0.6308,0.6057283333333331,0.0089280156,0.010377625656249998,0.0875063074,0.08478382711333335,0.9938080854,0.7813099813743754,4.2461249514,3.563346255365835,26.6117763358416,23.46769084591971,0.906301778,0.6857277572404169,12.16456735054781,12.93690893985316
HURGEH_clean,7.76009,7.8986274166666695,5.17265,5.743683833333337,1.0195,1.311508458333333,1981.85,2029.7231591666666,0.6252,0.6242916666666666,0.0018245313,0.006688564343333334,0.0188110738,0.05928957543020831,0.2860481301,0.6170305606875001,1.9618879141,2.386980765691666,18.69323558253643,20.6750391774677,0.2672370563,0.5635402645491668,7.625882009000572,10.340792556714383
HUVNAP_clean,8.75886,6.564746083333328,7.98277,5.3096439,1.18409,1.371396754166667,996.114,1084.7560743055558,0.5472,0.5504985648148153,0.002192492,0.007609729347777774,0.020749029,0.0691757846170833,0.3261412727,0.7620524308649999,2.3206018663,3.2204599094433344,23.63725373360149,22.923104156285987,0.3053922437,0.7648607038466663,11.65386394739872,12.98857682956685
HUWPIA_clean,6.29862,6.015222213354704,4.63989,5.005101948148151,1.01225,1.2691887847222223,1214.75,1078.0554340277781,0.5338,0.5430968333333335,0.0361093137,0.009814835776250003,0.3435355026,0.08871995550833336,2.8401283517,1.2204476897866667,5.650324935,3.3258608313175007,28.98051729892574,23.688339535870035,2.4965928491,1.077625649465,19.1136440540159,13.991595821995132
HUWSUN_clean,6.32885,7.653191916666665,4.07784,5.262977986111113,0.837909,1.3099989666666663,2359.4,1699.449704166667,0.6126,0.6055983333333333,0.0129275387,0.006792533533333333,0.127722319,0.05444373671,1.9756509541,0.9922567868958334,8.399232921,3.0984980127558344,24.40666568804083,22.61754676964175,1.8479286351,0.747427260635,16.81495050344402,12.224731268768886
HUXWAY_clean,8.32795,8.553733124999999,7.15006,6.922032666666666,1.52785,1.4969707666666652,694.117,754.8862531250014,0.5724,0.5569933333333341,0.0004302513,0.008180731317083335,0.0044872118,0.03988553961916668,0.0705847066,0.47555527764500033,0.4954851239,1.5940727545050002,16.78025046728488,22.274954505806768,0.0660974948,0.30383504576666637,6.27374694194118,9.391261075082582
HUYKER_clean,10.78123,9.716990583333331,7.93542,6.4597024166666674,0.823199,1.3109767166666666,1727.54,1659.004983333333,0.6292,0.6201750000000001,0.0020518691,0.008261366296666668,0.017916428,0.08038056150916675,0.2620272095,0.655413465715,1.5406807159,2.013442553004166,24.10006109209869,25.246973112426613,0.2441107815,0.59612037727,7.532403420540406,11.312422730353436
HUZXAD_clean,11.46912,10.792061833333324,7.77199,6.925516583333332,0.64457,0.8870813583333335,3180.18,2856.079691666667,0.7146,0.6987849999999997,0.0031778011,0.006572834003333334,0.033193078,0.07567754091916669,0.504331065,0.6559037216875001,3.2954651438,2.626235106555417,19.97668283188342,22.804693149294632,0.471137987,0.7394024047489584,8.57532513491768,10.20839910919483
HUZYEI_clean,8.53699,9.028863374999997,6.27993,5.7621715000000036,0.711095,0.9691148916666669,3133.48,2370.2347999999993,0.6894,0.6531133333333332,0.0043969371,0.009035645568333334,0.0449127542,0.11754448807999997,0.6701632813,1.1995374457733337,3.8808817962,3.774250011145,22.56576220975463,23.992283758028005,0.6252505271000001,0.9597272172358335,10.93664469889619,11.65328929272382
ICAROV_clean,20.33339,19.331106416666668,7.92146,8.248911944444437,0.406521,0.4620572000000005,4743.67,4661.865750000007,0.8236,0.8126500000000002,0.0014049687,0.0018508934714583335,0.0147619283,0.020149910815833335,0.2296538456,0.2741186381656943,1.6055865465,1.7427762172680545,14.20469427567592,14.606580190819637,0.2148919173,0.2622937588019446,4.13687651645329,4.348588229891495
ICISAP_clean,8.79152,8.344826749999998,6.71431,6.394425833333332,0.851648,1.1103342416666666,2574.44,2011.0094250000009,0.6926,0.6344016666666666,0.0031462638,0.007090296566874996,0.0314210644,0.08100037658083334,0.4568468116,0.8048315878783326,2.8011043322,2.980948190986665,20.76460519675345,20.3713167359898,0.4254257472,0.7236991975199998,8.830161993520717,8.914173965864812
IDORAW_clean,10.66058,16.220975999999997,7.94571,12.074126000000005,0.758358,0.7643189,2623.65,3196.645891666668,0.7566,0.7362066666666662,0.0011985788,0.029882748295000008,0.0112647382,0.16583721558416664,0.1667679709,0.4108804490900001,0.9584273641,1.4543938876008335,19.72463226435345,19.409153608602818,0.1555032327,0.42654671224499985,6.300094874002363,7.955579856201969
IFAHEC_clean,8.64157,8.533572916666666,7.39543,6.766644083333329,1.95986,1.3470706750000008,583.31,1462.8516741666672,0.5464,0.6102283333333334,0.0120898439,0.008437839278333331,0.1191145309,0.05227437364499999,1.2929828378,0.6484667928333329,4.2326927305,2.083148949038333,35.13188226932917,22.27326884076312,1.1738683069,0.5480420437901666,20.3164805100776,11.498141019066841
IFEYIB_clean,5.67304,6.384762041666667,3.77404,4.850366472222224,1.56953,1.4210168749999996,1191.66,1379.280182638889,0.6516,0.5749268055555556,0.0005902285,0.010789376562500003,0.0061830735,0.07001480920666664,0.0948849652,0.82403093686375,0.6035673994,3.121993288983333,18.03515840214951,23.990342971096847,0.08870189170000001,0.7491004254958339,7.013978612801657,12.78771164047492
IJASOC_clean,6.30976,6.8054628472222225,5.8805,5.188272888103321,1.0194,1.2494642277777777,1945.99,1690.8553750000005,0.653,0.6180937499999999,0.006768258,0.007242392272613634,0.0686506662,0.06866617346708331,0.8982004139,0.8537717180638329,3.8812106765,3.5289909042788876,25.23919413510244,22.578186006142737,0.8295497477,0.7548484405020838,13.05559823688317,12.440993795440148
IKOVEL_clean,15.9244,13.991485249999995,15.48384,11.073005083333337,0.975432,0.8622096000000004,1571.53,2409.593283333334,0.643,0.715825,0.0045421526,0.005787692880833336,0.0460731493,0.05052421477291664,0.6181105949,0.3844364675541666,2.3160110935,1.9837075201016678,24.67822824630258,20.87658368711232,0.5720374456,0.4008030433920832,13.43387244648299,7.924551800575442
IMAGAG_clean,5.63215,7.064201041666665,4.41962,5.4415863111111085,0.709614,1.0805855666666666,4008.23,2188.974441666667,0.7052,0.6222899999999999,0.0075113493,0.022387171936666676,0.0781363118,0.22401331755,1.2060370018,1.1712264190625001,8.4979323621,2.391971375956665,21.41413330966425,22.71966958762762,1.12790069,0.9294405865783333,12.66311958285871,13.211435813022792
IPIDUH_clean,5.17469,6.229700291666668,3.85894,4.7476869364899,1.5676,1.4046211013888898,740.859,988.4016569444445,0.5352,0.5537615476190478,0.0057411309,0.011864866070694447,0.0563049591,0.09123387755583336,0.7262233374,0.6258562755324999,2.4658130109,2.9756949387247227,25.59252268714959,24.419796434502743,0.6699183783,0.7309182623608337,15.37308694981915,14.236457411564635
IQOKIK_clean,6.46497,6.536670377777778,4.73774,4.586182178938905,0.941841,1.1626974749999996,1967.19,1681.540370833333,0.5902,0.5733541666666666,0.0088598404,0.009706291757777782,0.0859171825,0.08272211106749998,1.1657071412,1.0920804831958337,5.5068878924,4.243214485308055,26.11610441677647,24.22124604674887,1.0797899587,0.9705861229200001,16.26815551876673,15.202327740858289
IRAJER_clean,5.44662,6.448889204545458,5.0231,4.943663542002442,2.01995,1.387626725,491.236,1084.7215331944444,0.4872,0.5587193333333335,0.1610181758,0.00891364781416667,0.6381840525,0.10060626119416666,1.9036575367,0.9311519431649995,3.1480787864,2.9526627308550006,42.13703119852778,25.121947744805713,1.2654734842,0.7984044577433335,16.07250437175918,13.917982348087845
ISUCUV_clean,5.63872,5.78528969107143,3.87203,4.244742985660369,1.06793,1.246201991666667,1294.62,1389.1291148148155,0.5686,0.5723316666666668,0.0079109589,0.017492840089583333,0.0809012993,0.14522582827875,1.1397010191,1.3420255853483332,4.4955644128,3.9856962185294447,24.68011060586157,26.636897133154513,1.0587997198,1.2050081446937495,16.20140584748203,18.351702808716475
ITIWAK_clean,5.0332,5.865513554960315,4.12661,4.714385798842594,1.10257,1.249277483333333,861.818,1145.296708333333,0.5042,0.5523448333333338,0.0349409362,0.01389904379347222,0.33976807,0.1252543395033334,2.9287662,1.2418496812523612,5.1859723649,3.7553897386312514,30.89408369824726,25.60582941940949,2.58899813,1.0108228060083337,21.82080954950395,15.678416904712828
ITOSEQ_clean,5.53585,6.194590322420632,3.92423,4.771401921891536,1.23909,1.2358591972222226,1516.67,1514.752629166666,0.6304,0.6044075256410257,0.0050633014,0.008543232391794865,0.0525328222,0.07987028720291663,0.8045029743,0.8388101117382637,3.9261752212,3.2644685365274997,22.12236920972778,23.420718750607026,0.7519701521,0.8453758198858333,12.13357655490551,13.07163221498167
IVOGUX_clean,5.27459,6.123932136634195,4.52668,4.578766495089284,1.48634,1.3432560875,823.275,1046.0868516388896,0.5418,0.5453178888888888,0.0064414393,0.006439944855416667,0.0665795011,0.06457033567416665,0.7931578235,0.8441040400262502,2.4939865647,3.4550359070831194,28.55568508922558,24.21341928570305,0.7265783224,0.8079551420587499,20.85676188033892,14.888678980546697
IWAYAG_clean,7.52525,8.328950083333332,4.29732,5.843857761904762,1.3181,1.376685758333333,1050.9,1423.4583750000006,0.4828,0.6016125000000002,0.0004041902,0.023139878540000002,0.0039063656,0.08264548191833335,0.0614078741,0.799984554475,0.4046283223,2.936900726765833,17.99712490962301,22.54257528504551,0.0575015085,0.6669669281833331,5.046141606524879,12.7860342957534
IXEJIG_clean,11.25458,16.141105916666667,10.39011,9.667766416666664,0.837465,0.7615616541666665,2346.92,2618.300591666666,0.6976,0.7457316666666667,0.0022163173,0.010597061621500004,0.0210955278,0.06064272867541668,0.3091500499,0.6286698994958333,1.9723555845,2.207343063139167,19.4280915411503,19.673328038133107,0.2880545221,0.5491234781466666,7.615234694413466,7.442224397184083
IXUQUO_clean,6.17038,5.97409662026515,3.88626,4.515771159722222,1.0897,1.2448492555555564,966.424,1083.8698499206346,0.5652,0.5548516666666669,0.0319414737,0.015582987079583336,0.2823567897,0.1571940288255556,1.8325065319,1.387596552039167,4.1048213032,3.7521391834366677,31.91713326883845,27.00974359084355,1.5501497422,1.231837682825834,15.44788894878306,18.625218150563647
IYITOB_clean,9.11454,8.803029583333336,7.50033,6.8825729166666685,1.16801,1.0686903257575757,1483.56,2098.4767499999994,0.654,0.6553249999999996,0.0011321906,0.005576457650833335,0.0109002774,0.07144607268041665,0.1696167069,0.6948974274791667,1.1591705611,2.6065342632808335,18.14250199799079,22.649044129550923,0.1587164295,0.5938491531491666,6.832218351278122,9.937602181945698
IYODAD_clean,9.11936,7.868327055555558,6.31963,5.908344916666668,1.11347,1.042678158333333,1556.5,1941.3260374999995,0.6578,0.6391033333333335,0.0013073857,0.003470936669166667,0.0138645371,0.04005821178666667,0.2073720426,0.6165955568866666,1.5176825521,2.500419869519168,18.15677617026814,21.9340984260567,0.1935075055,0.5391885309183331,7.124209448312262,9.080329158324552
IYOTAT_clean,6.12724,7.683782404761902,4.05651,5.6294722083333335,0.946965,1.0331308375000001,2609.08,2045.5104500000002,0.6612,0.6256836111111107,0.0087512615,0.0059798679045833325,0.0871777724,0.05561215612999999,1.3436587218,0.8218747917302083,7.2517089855,3.023532107530835,22.33985337472613,22.695708943510418,1.2564809494,0.8067747708449996,14.17231382567893,13.03926812120346
IYOWID_manual,20.51668,19.50185225,7.7477,9.583338999999997,0.405068,0.4576775499999998,4763.89,4724.172083333337,0.822,0.8152999999999999,0.0014024292,0.005017549287976189,0.0139954752,0.04466116750500002,0.2043320168,0.5811908176216665,1.4428979522,2.6647415577758324,14.01823519492023,15.528557340595246,0.1903365416,0.5425978148108334,3.9321231845163,5.208280076388933
IZENUY_clean,10.28405,10.458184749999992,5.66029,5.731709916666659,0.907624,0.9041548583333345,1640.12,1690.750808333337,0.6758,0.6777066666666657,0.0030818241,0.0032223446249999925,0.0315963472,0.03508267124666673,0.4766172158,0.5137256189574989,3.5450955171,3.4914117851472293,19.34208934799471,19.316995794046314,0.4450208686,0.4544059844333325,8.458296646693302,8.520156295250116
IZIHOQ_clean,7.0561,6.906412023232324,5.32108,4.882364048824786,1.40869,1.274260552430555,1000.55,1394.436345833334,0.555,0.5771082777777778,0.0026759588,0.006561749780000003,0.0270096557,0.06645787914291666,0.4114234056,0.635027085772917,2.5304146775,3.152197835725835,21.40858275393167,23.421564904898275,0.3844137499,0.5713647891233332,10.95493975920451,12.690515779775613
IZOWAW_clean,18.94727,19.722508833333343,10.51321,10.101041416666673,1.00603,0.6435416833333334,1780.51,3446.828233333333,0.7888,0.794498333333333,0.0001366761,0.009562531049166673,0.0014270593,0.043765955726666673,0.0217063764,0.45776851088666654,0.1472172495,2.412083719548334,9.476995708510195,19.598865388064514,0.0202793171,0.39798020270249995,2.179207779927212,8.230125771835926
JALLEQ_clean,20.72686,18.510898333333337,7.8738,9.538361416666666,0.987929,0.7503525083333334,1858.6,1993.138566666667,0.7646,0.7715266666666668,0.0002761134,0.0036760369841666667,0.0026646929,0.03494874872208333,0.0399611464,0.3761212531574997,0.2722729618,1.9201411907691661,12.13087262671304,17.460788706706328,0.0372964535,0.3753567680641668,2.949010431925491,7.4265829675958726
JALLOA_clean,21.13684,21.783266499999986,18.33831,14.15561041666667,0.755302,0.544232891666667,1480.46,3400.9206166666686,0.8308,0.8007450000000002,0.0001861098,0.003927912573958332,0.0015365403,0.03223566106500002,0.0223967203,0.3981530475016666,0.1492736416,1.9235778702250006,11.47768140281523,17.886134025870614,0.02086018,0.3223452762366667,1.856632173474642,5.894433390085406
JIZJOT_clean,10.25508,7.785637270833333,9.65715,5.989999104166667,1.06872,1.060541591666667,1040.98,1723.6031975694448,0.5712,0.6237508333333331,0.001837083,0.010888548436666664,0.0182874213,0.09313212982166669,0.2791573826,1.0766716739874993,1.8141726693,3.275161125667501,23.04057171043309,25.059130343964707,0.2608699613,0.9778033143808332,10.05679172094606,13.838682101317138
JOQSOZ_clean,6.10079,7.348446916666669,4.1274,5.149977939814814,1.15948,1.5203049083333329,1536.94,1414.3808013194443,0.5942,0.6117674999999996,0.0042694258,0.009739992702499999,0.0439067181,0.08565104626333339,0.6265248849,0.6125550531216665,3.5044704038,1.8669464979024988,23.83020829804078,21.38524674635895,0.5826181668,0.5852191670441669,13.39904047552822,10.210891587219324
JUGQIN_clean,6.60597,7.777714479166665,5.16054,5.8994243333333305,1.12408,0.974831641666667,2157.56,2538.3670083333327,0.675,0.6557733333333327,0.0019105201,0.004666401524444443,0.0196050067,0.0476431726770833,0.2871579948,0.6801234207666665,1.7586013446,3.408944720207499,19.04789528252477,21.219732919520613,0.2675529881,0.5431349643629169,7.968229323471923,9.216950609510432
JUMCUR_clean,6.66565,6.4940470130050505,6.12054,5.78283513095238,1.03261,1.2550022166666668,1618.12,1465.0895027777776,0.6176,0.5994538888888887,0.0041588918,0.005803913617430555,0.0408416701,0.05674970707124996,0.6666872646,0.6495871483178471,4.4377877805,3.6564453504258347,20.40140794216618,21.47102734846406,0.6258455945000001,0.5650328016575,11.04492493648094,12.407847916422421
JUTCUW_SL,6.94384,6.927054582673457,5.61196,5.378704978888889,1.08226,1.202387428125,2542.38,1457.1912249999998,0.7548,0.6195325000000002,0.0007254783,0.008861883691666668,0.0077319429,0.05327409045166666,0.1138100122,0.5722055849387501,0.8096897425,2.356761675988749,14.44511960759302,20.019309358813057,0.1060780693,0.5062448056916665,4.481307516257717,9.310817520395664
KABXES_clean,5.52619,6.078735812499997,4.96961,4.773712722053872,1.18279,1.263929695138889,1649.71,1530.4486222222226,0.6294,0.588498611111111,0.0047185674,0.006935668596666666,0.0442674358,0.05777522122863888,0.6182625342,0.8324321496964163,2.7724988376,3.3907136227829175,22.31303353220076,21.628226795780904,0.5739950984,0.6653083572941665,10.93318301730748,11.457342437819616
KANDIO_clean,6.34814,6.57939483580055,4.18035,4.688093740862314,1.16715,1.3744708972222226,1078.45,1055.658542888889,0.5426,0.5558193055555559,0.021809838,0.012327083265833339,0.2017863553,0.10229505277166671,1.8413491873,0.9796936737620834,4.7169976222,3.517500656182498,30.99435071376911,26.506473583554527,1.639562832,0.9349518853539583,23.79056811300682,16.257344471041314
KARNAU_clean,15.53234,16.206424999999996,10.48172,12.408022833333339,0.459782,0.6375603583333335,4299.13,3035.916350000002,0.8028,0.7845016666666667,0.0037372137,0.00787919889166667,0.0353807497,0.09862420327416667,0.5026634325,0.6717632447191672,2.97255361,2.631251410903333,21.08531228759232,17.63046695264171,0.4672826828,0.5124942920950002,7.484365098929016,6.664956212009058
KAVXAI_clean,9.40882,7.686431916666671,5.41413,5.729339624999999,1.00634,0.9186670916666666,2094.0,2410.546875,0.6462,0.6673533333333331,0.027656277,0.008005419389166666,0.2717685541,0.07418897263416668,4.4991167266,0.926056504285,11.1542323562,4.021325980934169,26.30054410730859,21.0583815741828,4.227348172499999,0.7472375537258334,24.65218364230944,11.80492436120455
KAYCIY_clean,5.92381,7.254972777777777,4.85823,5.544890185185187,0.977102,1.048775993055555,1938.27,2135.5675083333344,0.5954,0.6590963333333335,0.006245605,0.0036704845241666683,0.0644461601,0.04700522014333334,0.9335758033,0.6562981422850005,4.9644256691,3.25028321707125,21.85331362383855,21.1182968183142,0.8691296432,0.5152332261899999,11.49256426014059,9.382726658020564
KEDJAG10_clean,5.6275,6.797721196428572,4.42824,5.2384056906130265,1.06272,1.439223652777778,2852.86,2021.6751916666663,0.692,0.6112449999999999,0.0005632439,0.016957693776666668,0.0056004822,0.08094518041416662,0.0834899276,0.7543866651066664,0.5827038098,3.539175851237498,14.87503992474148,23.329230283966485,0.0778894454,0.7116251817166664,4.748279073791156,12.540695751184192
KEVWUF_clean,9.52723,8.583757083333335,4.19884,5.771814166666669,1.04193,1.1810368333333336,2100.07,2010.5536222222217,0.7092,0.6631658333333333,0.0006912836,0.0056851403095833355,0.0072212148,0.04637695176416664,0.1070847055,0.4135774402341668,0.7652380471,2.1011158531375007,15.57510065576819,19.861725817072422,0.0998634907,0.4473848899983332,5.028357672119581,9.205187018648452
KIGCEK_clean,10.39364,10.492270166666664,10.27787,9.738858333333338,0.990795,1.0824246074999997,1305.96,1544.4240916666665,0.603,0.6257946296296296,0.0016587918,0.002070030924999999,0.0166384912,0.02589087623958334,0.2500957404,0.25120003730874996,1.8138838058,1.7441321191749992,20.17778236209239,20.59334537612548,0.2334572492,0.25136616543416657,7.934616929726107,9.30272730812979
KIPJIE_clean,6.98996,6.187775678571424,5.50834,4.693434521288976,1.65051,1.1701626861111114,633.782,1119.0915530787033,0.4498,0.543181347680098,0.0013426606,0.009555941145833333,0.0139264659,0.122722485295,0.1924927379,1.1934864419318336,1.0524371381,3.4847426132281956,24.11842864221602,25.181459923749443,0.178566272,1.0137110003874998,12.80813727573862,14.651963789127977
KIYQOA_clean,4.76031,5.91085058611111,3.94678,4.646407010101011,1.3892,1.3277964611111106,751.292,1146.3194625000003,0.5312,0.548189,0.0139378726,0.010031173563402782,0.1353418188,0.09485324837666669,1.3996739099,0.8878623741324998,3.4847031247,3.1452185223233338,28.1117800599082,24.115334893142805,1.2643320911,0.7135730433844442,16.76024328552142,15.589995101763726
KOFVOS_clean,5.23992,6.167431495833331,4.30833,4.8408685805555525,1.25499,1.2730591361111112,1149.6,1087.5190622685186,0.543,0.5504829166666667,0.0054139976,0.00547915757264083,0.0559101614,0.05735924578333331,0.7853683402,0.628327878160833,3.2405603617,2.9850162305561665,23.71049391654325,23.444552932714256,0.7294581788,0.6208958855974998,13.4903048682359,13.207509293640635
KOGSOQ_clean,6.70555,7.179662458333332,5.36137,5.551688727777776,1.02667,1.1434350083333338,1438.07,1613.972041666667,0.596,0.6158102777777779,0.0080624867,0.007786732259375001,0.082587209,0.08614364215499999,1.1895890484,0.8398148699508338,5.4619956719,3.34336022261125,24.14908941858752,22.83806600776738,1.1070018394,0.7956021725954164,14.43305685079831,11.783920766285826
KOHKIC_clean,9.61717,13.358944916666667,7.1473,7.624454999999999,0.879264,0.8995416333333328,1781.09,2138.965069444445,0.6478,0.6850466666666669,0.0039977752,0.007204725231666669,0.0401750104,0.07715905418541665,0.6127811588,0.5677502192649999,3.5431203073,2.736867465150835,22.28796633505856,21.966069206113833,0.5726061483999999,0.4955171908108333,11.18851446878891,9.39307777209858
KOJZEP_manual,15.61444,12.955896166666664,13.71841,9.364442000000006,0.514247,0.6089812249999997,4945.62,3637.6111499999984,0.7936,0.769245,0.0026931631,0.005902696234166665,0.0269316311,0.06333266173166667,0.3983938085,0.7008189686458334,2.4101827256,2.6601034899,18.42428682261049,18.838890490751403,0.3714621774,0.6610085101799998,6.910397756732356,8.191869255853291
KOJZOZ_clean,9.94395,10.45048458333333,7.51619,7.343028666666667,1.17869,0.9423155916666669,1794.59,2306.7250166666663,0.694,0.6717016666666668,0.0012036363,0.010633840225833337,0.0119477836,0.09943411268583335,0.1763574668,0.7135760806574996,1.0036932849,2.4413830858908327,20.88308392122572,22.267419510234234,0.1644096832,0.7515274415500001,7.991653284314473,10.371635033774997
KOMCOG_clean,8.14869,8.248814124999999,7.69355,6.250718337500001,0.987789,1.1250180333333335,1290.95,1906.7652583333336,0.5856,0.6321983333333332,0.0064333342,0.013140209497916668,0.0588452983,0.07192614985458337,0.8060879707,0.9237678876325004,4.7123388328,3.2831316644877075,25.9799008265835,25.703160089158686,0.7472426724000001,0.7415429364374998,14.11917306987377,13.827287892979315
KOSLAH_clean,11.4975,13.600598833333335,10.81891,10.917585333333337,1.16812,0.9838034083333337,1342.37,1817.3468416666672,0.638,0.670035,0.0011887033,0.003974342839374999,0.0123411443,0.035423266300000006,0.191738509,0.40302542834624994,1.3987064284,1.6782776357200002,17.40122279997435,18.984969082517402,0.1793973647,0.32931343799583335,6.486275839191905,7.818476099654047
KOXGIP_clean,6.17141,5.793330736070312,3.90334,4.419567215696803,1.0195,1.1956451537037036,1397.97,1298.4999065972227,0.5534,0.5509833333333335,0.0067069283,0.012258438059583326,0.0640009311,0.10319239102250002,0.982448837,0.9928378418195833,4.3916169913,3.7294558546992507,23.95401791063042,25.185908586145267,0.9184479058999999,0.9721772367740003,15.7059277450929,16.58306681386136
KOZNIY_clean,6.57194,7.284015416666666,5.24744,5.85308225,1.04618,1.2472896166666665,1984.58,1734.2232666666673,0.6344,0.6078572222222222,0.0021993074,0.005309388350416667,0.0218326311,0.06002032779083333,0.3099739948,0.7358447178199999,1.8784800756,2.872734755417499,21.8433421578191,21.521400502818143,0.2881413637,0.6102392111066668,9.000272347280657,11.16356048103211
KUKPUD_clean,9.04322,7.821616250000001,8.10629,6.035211750000002,1.11678,1.0099945833333337,1446.26,1849.7755249999998,0.65,0.6340408333333333,0.0092289815,0.008952748774940475,0.0928557773,0.07386506566416667,1.7331794305,0.9326363584108335,7.6381866837,3.5753534173691692,23.75709862507679,22.319998542709353,1.6403236532,0.7761849320183332,19.56003199122053,12.702587966914924
KULRIT_clean,5.77631,6.0057160416666635,3.79148,5.245539013888886,1.4748,1.3833868319444436,1304.31,1035.77597875,0.5954,0.5360456481481486,0.0051696435,0.009492122406527775,0.0516119228,0.09479749539319444,0.7613185664,1.0998172837133338,3.8062493878,3.421609043621944,24.32211429335752,23.889555342064217,0.7097066435999999,1.059932167436805,15.5309744276798,14.64471769172272
KUTDAG_clean,8.09572,7.554150583333336,7.27616,5.540020833333331,1.05444,1.241605966666667,1315.9,1231.6431377777774,0.5816,0.5703033333333335,0.0095455751,0.00435517802125,0.0953357233,0.042156288354166654,1.1139697428,0.5908587542533336,4.3231581108,2.373887632774168,28.05036696177772,21.666389425763214,1.0186340195,0.4990552529341666,15.13855462547645,9.996398698996716
KUVMIZ_clean,15.75075,21.33542566666667,11.00764,13.101586000000006,0.361001,0.47950286666666664,4915.74,3906.6465000000026,0.8214,0.8257066666666666,0.0016802272,0.00837060798020833,0.0145464112,0.056546889148333314,0.213723341,0.5560666240241666,1.4897080834,2.495239810244998,14.77763699817924,15.903109493072508,0.1991769298,0.5208936186366665,4.061105034389108,5.209637602758755
LACYEW_clean,9.98958,10.1834955,7.17562,6.858584083333332,0.965678,0.968974266666667,2207.96,2570.119350000001,0.6886,0.6763450000000002,0.0035758441,0.0086146801475,0.0337700606,0.08258630467500003,0.5234339151,0.947492097715833,3.2424684753,2.340089161041666,22.81751220970542,22.069458786836357,0.4896638545000001,0.7066297162708329,11.20984527859508,11.90078665845873
LACYOG_clean,9.45292,9.535659583333336,5.8367,6.269520583333331,1.00526,1.014180016666667,2153.37,2195.9369666666666,0.6652,0.6509250000000002,0.0102885153,0.008062665303333334,0.1008291063,0.07898430761666671,1.3977753958,0.7768858098679168,6.5689272702,3.7161861120019437,25.17010532138861,22.92805358447278,1.2969462895,0.7100790633258333,15.69180148996047,10.759178990658022
LACZAT_clean,8.2988,7.605406999999999,5.7298,5.376040566666665,0.945764,1.0345108055555552,2110.17,1981.260008333332,0.662,0.6314774999999997,0.0050384578,0.010139369222499998,0.0526960132,0.09396711148866672,0.7459619672,1.1223911110333338,4.7831794092,4.585000742325001,22.01336786545045,22.949715749563737,0.6932659539999999,1.0814846838333332,10.8533140753018,13.767529940786199
LAFQUG_clean,12.86913,10.35043175,4.98724,6.28975763333333,0.728838,0.9404866833333336,2381.17,1988.414258333334,0.6744,0.6712116666666667,0.0100744082,0.003563419350000001,0.1043152933,0.031173167063333333,1.3378852836,0.3803211342254166,4.4319295717,2.2293800403375017,24.84218343674874,21.931483330256125,1.2335699903,0.3254561104097222,14.79652012127424,8.89481839979077
LAGVOG_clean,7.38705,7.304283944444447,6.71212,6.204927333333336,0.935187,1.2048216027777772,2480.9,1937.9621750000001,0.6728,0.6314829166666669,0.0019253063,0.0069031056658796315,0.0191969518,0.05180243857805552,0.3037740519,0.7144595385743748,2.4187913759,3.1092025284084723,17.66350579179689,21.06016273546958,0.2845771001,0.6064381244566667,7.281278368101267,10.444164774528494
LAHTUM_clean,7.00326,6.797716355555555,4.86289,5.2455933420138905,1.1818,1.2002299930555551,1390.19,1594.134970833334,0.5612,0.6000577777777778,0.0093086901,0.010473017569583331,0.094294371,0.09791576117749999,1.4094779693,1.2563294169608334,5.3884456319,4.48858984351236,24.81648420492427,24.31305264870786,1.3151835983,1.190679070806667,17.33103213886413,15.126593981456748
LAVDOE_clean,6.06535,6.248431119444444,4.45301,5.072664491666666,1.35673,1.2772051323863645,893.908,1139.8660893518525,0.533,0.5372236111111113,0.0070330214,0.012635060218055553,0.0718911765,0.10699436998583338,0.8980687843,1.0344593299808331,3.0394949906,3.41600598774625,27.64383309321726,25.844188835341324,0.8261776078,0.9117746428341664,19.13406251762628,14.035894050585778
LAWGEW_clean,15.06244,17.00991475,7.93691,10.036612333333334,0.591684,0.7335313249999996,3769.3,3582.295758333333,0.803,0.7738383333333333,0.000832002,0.003497639196666668,0.0084052494,0.03317402239750001,0.1229293091,0.48482589497416656,0.8534757612,2.6010332615674994,13.08454468225668,16.561827100583795,0.1145240597,0.37581733661083333,3.684524245441161,5.980950528771595
LECFAC_clean,9.81867,12.300448499999995,4.43769,7.860232833333334,0.838672,0.9667354833333336,2599.3,2170.8276666666666,0.7164,0.677365,0.0061554864,0.0033512596141666673,0.0607124887,0.033818815345833336,0.7277832885,0.31188264900833323,2.953680951,1.568716566544167,23.5705695246395,21.344591386668117,0.6670707998,0.2980166580433333,10.55019509211189,10.372092715855889
LEJBUX_clean,6.30676,7.905798000000002,4.81909,6.084792698830412,1.04776,1.0756742416666667,2546.63,2136.5621333333324,0.7428,0.6661883333333332,0.0006556895,0.005359599312500001,0.0061998367,0.05230631070958331,0.0928936784,0.5299813479883337,0.6436555738,2.9804525994375006,14.18879094881303,19.560799624489942,0.0866938417,0.6381537768633332,4.264384486741871,8.976154241798367
LELDUD_clean,16.5482,21.00133333333333,9.24625,10.568503333333332,0.458126,0.5301653500000001,4349.15,4054.6045000000017,0.829,0.8073450000000001,0.0016605596,0.0064710584041666646,0.0161256823,0.04415875426416669,0.2463075051,0.5616050321883336,1.6625292874,2.349477530158333,15.16432814742081,17.813986455295097,0.2301818228,0.4685212999749995,4.777669902282872,6.284733294114019
LETDUK_clean,7.09435,7.8444281666666695,6.39708,6.895280749999997,1.10433,1.3101579156250003,2152.25,1578.325130555556,0.6948,0.6136704545454545,0.0008746284,0.007316977622916666,0.0085246591,0.09296378235048613,0.1301949738,0.5298620841333331,0.9349916574,2.824275310644166,15.702692420843,19.809957365943365,0.1216703147,0.4436429837949999,5.037130606675599,9.877836795588886
LETPUX01_clean,17.65528,15.561779249999995,16.43472,12.820879666666675,1.06966,0.7770361666666663,1388.55,2095.586058333334,0.7452,0.74171,0.0009014549,0.0028039260333333335,0.0092100851,0.06591087531208333,0.1321393683,0.3899056641891665,0.7425767851,1.3881461811758329,21.20111376152023,19.516718760932708,0.1229292832,0.32916108427666674,7.653664534408321,7.0396615579624005
LETQAE_clean,18.31927,17.910520749999996,17.55519,13.903215583333338,0.940384,0.8083491500000001,1454.47,2173.2317749999993,0.7778,0.7654033333333331,0.0008563382,0.0044518531683333295,0.0088473113,0.030582902305416656,0.1296073778,0.30058381539500006,0.726989269,1.1647140274833332,20.38350214306039,19.849361310357065,0.1207600665,0.2322289034925,6.905528451916541,8.143319244094517
LIFWOO_clean,4.98366,5.987018196560843,4.55513,4.56056824566545,1.07707,1.344629629166667,1028.34,970.5978393518515,0.5242,0.5353189166666668,0.0326881983,0.01176582003,0.314619356,0.09575775490527778,2.7135919453,1.0510817160910415,4.6335935958,2.9367845432911794,29.13668723970106,24.50848399218478,2.3989725893,1.0398970669804166,17.04529855103842,13.883984448016905
LIQJEC_clean,8.59986,7.615679041666666,6.07561,6.1253437500000025,1.33584,1.1197110208333332,1288.03,1659.0255583333335,0.6236,0.6226733333333331,0.0012797741,0.0089466489625,0.0123435,0.08070249586583336,0.1882176375,0.7093118552458331,1.3531319914,3.0092531580550004,18.70306616569916,23.402686159976486,0.1758741375,0.7019248242291667,7.678338353337472,10.089175138886132
LIRVAK_charged,5.32501,6.2125344611111135,4.24984,4.966728325757575,0.914869,1.2079538416666662,1634.38,1297.7742958333336,0.582,0.5615041203703702,0.0146581947,0.010081577319930559,0.1460407994,0.10131447414533336,1.9390183895,1.1174170634299008,5.785345382,3.6688248849597236,25.84660167275981,23.984696175054346,1.7929775901,1.0711822763933336,18.45483518741476,15.159423722648453
LIVTIT_clean,5.03218,6.055296739583334,4.49412,4.791698417825509,0.873833,1.1855371458333321,2117.34,1408.3221874999995,0.6576,0.583011666666667,0.003607237,0.009212938079583328,0.0382758271,0.0933830509541666,0.5550494726,1.3795311995600001,2.9161425641,4.191612922736666,22.07358330600528,23.791957353032487,0.5167736455,1.110438714421666,9.827025031459835,13.479490094700681
LOBHAM_clean,7.0104,7.14551781439394,5.91491,5.671129750000001,1.01758,1.170012812499999,1739.45,1544.7935208333338,0.6232,0.6055799999999999,0.0037938077,0.011782325655833332,0.0391884952,0.07883944785791669,0.618868566,0.9095608488854172,4.3984470469,3.50797616729051,21.33920749168464,23.24025101978108,0.5796800708,0.8620293784783332,11.55966836792224,13.759394264328872
LOJFUL_clean,11.50657,13.405676499999995,8.6404,8.002866250000004,0.609882,0.8354993499999998,3197.13,3041.449625,0.7292,0.7235599999999998,0.0466249091,0.004856886992500001,0.2974861876,0.05035329746999998,1.2850817357,0.6913058390925008,4.1140873556,2.688212269266667,35.93453911970568,19.530511874249406,0.9875955480999999,0.5747282296558335,13.69356573695616,8.139046634120492
LOJLAZ_clean,6.04161,6.4771016513708535,4.90341,5.015008580902778,1.78682,1.1426597097222222,779.539,1169.2419641666668,0.5636,0.5641174444444446,0.0027225597,0.010006424790416666,0.027203184,0.07976256557166665,0.4123919892,0.9052461661333332,2.1760371763,3.474936123180278,21.23088477395676,24.038495932857284,0.3851888052,0.8382314921454169,11.52386636289418,13.817088029403587
LOMLOQ_clean,6.7486,6.651866495299148,3.80235,5.042729387499998,1.47019,1.4803970916666669,1498.78,1329.4487090277785,0.646,0.6121866666666664,0.0037349092,0.005930164531249998,0.0381260417,0.08161471845541672,0.6049461449,0.7304256918108329,4.3167096215,2.150311606575833,22.87650538915667,21.45962837949924,0.5668201032,0.5798809970137497,14.61681148909088,10.58656712706671
LOSBOM_clean,6.43284,7.2628948430555536,5.09662,5.717993666666668,0.76383,1.072758752777778,3066.64,2224.0755958333325,0.6748,0.6376733333333331,0.008978474,0.007711467021666667,0.0924837772,0.08076508615262816,1.406308166,1.1202709674299995,8.5450016438,4.270019021449999,21.43919993340734,22.963707752650933,1.3138243888,1.0565675059424995,11.540839663964,13.161028433690621
LOSXIC_clean,6.03462,8.876623750000004,5.83771,5.744800875000002,1.10745,1.386884625,1953.42,1840.1455500000004,0.6146,0.59663,0.0262981585,0.012170028317500001,0.2377421573,0.0756984642608333,1.6009099208,0.9376582385358333,3.7563839732,3.434136565205833,30.09585875903207,22.284425238002502,1.3631677635,0.9063230675908329,15.80357903585557,11.457450809901434
LOXKAM_clean,14.55985,11.314039999999999,13.78223,7.265588833333334,0.784824,0.867966766666667,1908.83,2400.1981166666674,0.661,0.6932083333333325,0.0102079011,0.00880363707583333,0.1027121058,0.07028954496333331,1.1894978337,0.7647946759941665,3.8861805069,3.2845034156008324,25.7467674262807,22.615222980198425,1.0867857279,0.7023834933358333,14.02335086647889,12.137101608299249
LUFNAC05_clean,7.61946,6.992552269841269,5.80686,5.373118125,1.03101,1.2351605386111113,1429.95,1416.891112500001,0.564,0.5835827129629628,0.0087857653,0.006767420372222223,0.0912211871,0.06215302977416664,1.2844259206,0.6440584808550004,5.8513089938,3.533297762889792,24.28520896466208,22.704588942748845,1.1932047335,0.7180360183683333,14.39014819722193,11.236376538655712
LUMYEZ_clean,6.00702,6.127882817328039,4.53801,4.746709201388886,1.30429,1.172756320833334,1527.99,1369.5043916666664,0.6142,0.5789227314814815,0.0032074639,0.007072264818350425,0.0322821905,0.07152662761666667,0.4847868598,0.8509504511487502,2.9930124807,3.9653062911856973,21.14127549731644,23.99354681665084,0.4525046693,0.7606278810904169,10.13027870632813,14.198629414461971
LURLOB_clean,7.37662,7.591269152777776,6.99185,6.720396895833332,1.00469,1.1904680659722224,1739.02,1444.965107222222,0.6396,0.5964090000000002,0.0033826785,0.0068487047453333295,0.0340051755,0.063382368065,0.5432918329,0.8442890632041666,4.5015979252,3.229017245825278,19.84295367415196,22.452507113554386,0.5092866574,0.7332966746175,9.63832328356117,12.60010008189613
LUSHUD_clean,5.21289,6.473436005555558,4.69215,4.90472676666667,1.27198,1.275851293055556,845.64,1085.1727361111116,0.4926,0.5537600000000004,0.0135675579,0.010677511483333329,0.1363379164,0.11853291851249996,1.5374495873,1.1071819641291663,3.4497271723,3.486261934441946,26.85217336244972,24.625159804772643,1.4011116709,1.033049579900714,17.50282759681615,14.455436423797137
LUZBOY_clean,6.14636,6.752538690873015,4.66385,5.700554388095239,0.864953,1.2010947800000005,2154.67,1802.7840541666656,0.6302,0.626416111111111,0.0025865134,0.010533243353333334,0.0256437939,0.07759728621111114,0.3801067956,0.940120603439167,2.4255139806,3.4157397532849996,19.50067102059112,23.300914074618028,0.3544630017,0.7500424139779168,8.492476157006298,12.93376463576791
MAGBON_clean,6.77313,7.721206166666663,5.2032,5.981487166666669,1.14435,1.2920396624999997,1918.86,1847.484152777778,0.6464,0.6343066666666668,0.004657291,0.01184127432916667,0.0471481821,0.06151308888833331,0.7186730539,0.6017149784141665,4.8191422208,3.6806795956817266,20.70540163319168,22.85218620502352,0.6715248718,0.6248929481908333,10.72620614534545,11.721530240831983
MALRUP_clean,16.92414,17.0037603333333,16.84411,16.876327166666638,0.675419,0.668299091666666,1975.96,2029.9106666666632,0.764,0.7675283333333331,0.0014184038,0.0013905001110416655,0.0137639723,0.013343978386638868,0.2007423264,0.22167901070166687,1.3903521438,1.3755299480591654,16.26112838096697,16.47195155083983,0.1869783541,0.1972370404200003,5.210268461429646,5.388724946964043
MALSEA_clean,16.90358,17.999933916666684,16.82254,16.28414733333334,0.671459,0.671430716666667,2011.93,2150.313424999998,0.767,0.7616833333333334,0.0014456808,0.0014850113464583321,0.0138976296,0.016895266109444463,0.2138434678,0.21672821036833353,1.4476829345,1.407651037736387,16.35361027786076,16.569136532909585,0.1999458382,0.2188627382920833,5.401623306775038,5.582627332023575
MALSIE_clean,16.8944,17.372690666666692,16.81333,16.54863558333334,0.672143,0.6847397416666673,2007.15,2249.8539333333324,0.767,0.7583866666666668,0.0013283897,0.001773565501458332,0.0136194042,0.020456504092777796,0.2133361156,0.27194414811750006,1.4448406715,1.4026676718822209,16.38310462124043,17.030777546593484,0.1997167114,0.22529278566166672,5.396318322487558,5.736017791561355
MALYIJ_charged,5.55641,6.108534019444445,4.36813,4.416477094354453,0.905977,1.2177675444444442,1519.02,1102.9248888888892,0.5874,0.5420321944444448,0.0174216849,0.011097636557916657,0.1694716003,0.08505301663041669,1.6128158121,1.3014012127170829,4.6547620712,3.880306684086806,29.33432805465806,26.952587977711946,1.4433442118,1.1581621829685835,17.6104755656012,16.6553731322284
MAPCIP_clean,9.53742,8.818767083333336,5.44759,6.866794111111111,1.58248,1.0087786416666666,1155.58,2291.5018500000006,0.6098,0.6715066666666669,0.0016370493,0.00979204643166667,0.0156201788,0.07246422895541668,0.2394496432,0.6934594072766668,1.8519022852,2.7766296328441675,19.54756436198011,21.593119008924113,0.2238294644,0.5729910841775003,8.342680989450116,10.416965362782047
MEQHUL_clean,6.03972,6.440148407638891,4.19838,4.8295722297008545,2.27118,1.2858044611111117,516.843,1317.567313888889,0.5134,0.5836766666666668,0.0001495564,0.0076563941428124975,0.0016391039,0.05959561598583333,0.0251065679,0.8090748452314583,0.1707590425,2.678096342595832,14.77276621160491,22.336806553097023,0.023467464,0.6840210990616666,4.313349084632885,12.179556212859628
MILROQ_clean,19.71713,18.766036666666658,10.83562,14.168895250000007,0.59986,0.6153396499999998,2683.42,3379.2623000000003,0.7756,0.7753999999999994,0.0013395136,0.008337904416666665,0.0122751091,0.06438561917749998,0.1797046274,0.6157008221666668,1.1219055916,2.085432963745833,17.51984831327046,18.576107338677936,0.1674295183,0.5581437939241667,5.23330137346942,8.063575642939629
MIQLII_clean,6.49396,6.379281375000002,4.19114,4.6324317652958165,1.29248,1.213028989861111,1530.32,1682.5819125,0.6424,0.5953948333333331,0.0025067003,0.008437382067651517,0.0250742062,0.0822582538645834,0.3782788432,0.7974964771763889,2.4696088195,3.603571574054166,20.5943424673455,22.508049845672044,0.353204637,0.6578259881458332,9.464101210818914,13.82343220899343
MITSIS_charged,7.96604,7.500901416666669,6.5203,5.5987354375,1.06349,1.0678214083333335,1711.79,1884.9948416666653,0.642,0.628995333333333,0.0031669443,0.005323165826429487,0.0315868782,0.053416654702500004,0.4341603435,0.7518555094972919,2.5643461481,3.198811226546667,22.23234385163125,22.12509610220475,0.4025734653,0.5698070599058329,9.642847784055476,10.428589603764358
MOTMAK_clean,5.72133,8.092018,5.32598,6.144208611111113,0.997473,1.2693836979797983,1375.6,1466.5084527777778,0.5098,0.5958594444444444,0.0135498238,0.0069043171325000015,0.1341171153,0.06311613851052085,1.7994189352,0.9393320245100001,5.5412926936,3.8652368577016674,23.91318137638954,22.99960478651496,1.6653018199,0.8217475608795833,15.85399808871765,13.940114757377017
MOYYIJ_clean,12.42053,11.304624666666665,9.37645,8.667030750000002,0.730593,0.8119160083333338,3020.84,2805.2144299999995,0.7162,0.703366666666666,0.006826535,0.01589036252291666,0.0670148089,0.12751096784083332,0.8646128877,0.7044833286050001,3.5688397761,3.0664935657258354,24.18305876663493,21.261559399233402,0.7975980788,0.5699333981974999,12.71503785691383,8.968533131773254
MUBZOA_auto,18.72717,17.322242249999995,7.12,10.09472075,0.441638,0.6638500416666665,4506.52,3386.9364999999993,0.8132,0.7825466666666667,0.0004655657,0.008725881505000003,0.0047234152,0.04905392684500003,0.0717299016,0.4174897875016668,0.4770933526,2.3430333443816664,11.19884494868895,17.639106380994136,0.06700648640000001,0.4518368655999997,2.691594762350686,6.843115472481262
MUVLUM_clean,8.4023,9.131028333333331,7.67137,6.723438999999998,1.09338,1.1081474666666666,1437.62,1784.0583666666673,0.597,0.6162833333333332,0.0026400169,0.0063779530008333295,0.0266153793,0.051350261875,0.391721345,0.734453653316667,2.560685015,2.818639192925835,21.97618814709018,22.144028043245328,0.3651059657,0.6984886262608334,10.47773891110745,10.523163643941059
NANYUX03_clean,5.54429,5.867284903425236,4.75767,5.209809080092592,1.04137,1.2205899432957394,1836.9,1475.8821347222229,0.6486,0.5993490277777779,0.0047650977,0.00770497347680556,0.0446772498,0.07709788743583333,0.6898281529,0.7849598843245829,4.11743934,3.5323674715658346,21.06779888487331,23.249491221871022,0.6451509031,0.7862598892850005,11.09347211337181,13.770238633902647
NAWWUG_clean,5.71546,6.013317631798246,4.10727,4.347103978422621,1.11201,1.2374714075132272,1485.94,1160.6304507638888,0.5826,0.5528634999999998,0.0320428158,0.013603219664166664,0.3063246541,0.11153892172124999,1.9372763267,1.1782901655006246,4.0687321551,3.984307728694236,33.79075926386724,25.244553965496287,1.6309516726,1.1031267648899998,28.56947072609138,16.4031494470208
NAYZUK_SL,9.49894,7.697799625000002,7.59757,6.576369270833336,1.33539,1.2866382486111119,726.992,1263.0682158653844,0.563,0.5861965555555556,0.017167202,0.005524890584895834,0.1536546991,0.05990780613347224,1.2214126636,0.71520494727875,4.2375701519,3.2334304529716658,32.74967278582561,23.293172878900318,1.0677579645,0.7543848276183331,24.17613039765989,13.299227234124725
NEHZIK_clean,7.34019,7.6914623333333365,4.77821,5.717968727678572,1.20148,1.1881693369444442,1031.85,1173.7127948412701,0.5382,0.5486825000000001,0.002235814,0.008245450611666665,0.021541562,0.05932744158833332,0.3321747963,0.7363428966641663,2.1862879748,2.9138141768816657,20.68837910757371,23.430658568468676,0.3106332343,0.6661722424141666,9.820202104308876,12.84763712143833
NEVQAH_charged,6.33826,7.419270416666668,5.17201,5.548754708333333,1.7631,1.6083921916666661,581.65,894.4434284722225,0.477,0.507346111111111,0.0027932529,0.009249451223333332,0.0278141597,0.09630976093263886,0.4169851801,0.5121214058441668,1.909269339,1.8984228860874997,23.66675331934643,21.58711144051333,0.3891710204,0.5511762512625002,13.81925906762048,11.65873321209344
NIBHUC_clean,18.86769,22.264319999999998,11.8721,11.27311491666667,0.449382,0.4219847999999997,4288.89,4809.246583333335,0.8286,0.8446583333333328,0.0012784708,0.004092015154999998,0.0131792362,0.03739790046083334,0.2025377422,0.38670634519166647,1.3856725806,2.3892578000775013,14.96746189066096,18.240789544012095,0.189358506,0.4132147528033333,4.415363845492982,5.4646691329552946
NIZZAY_clean,8.39896,8.154485722222216,7.78516,7.34076250000001,1.2112,1.1643305499999996,1711.74,1864.8573416666668,0.6754,0.657363333333334,0.00444366,0.0054187416795833405,0.0420054242,0.04471949178874999,0.5978223657,0.5619880355341675,2.9945014943,2.973599886914999,24.15768474613737,23.712282006075203,0.5558169415,0.5535029805191669,15.55663480276325,14.592428857730527
NUDLIJ_clean,6.93743,7.197132208333333,5.78938,5.996320749999999,1.14165,1.3196153250000002,1243.17,1076.6031914351852,0.5428,0.551091666666667,0.0057428675,0.005753918630984845,0.0580148768,0.045821394030833344,0.8549128103,0.5622281396249998,4.0764470362,2.945625833446667,22.05587001629246,21.760274241314765,0.7968979335,0.4977820825533333,12.89556734386127,10.805161769155484
NUNPAP_clean,6.01151,6.5998168333333345,4.33549,5.199669659722223,0.794607,1.1145568354166666,2762.41,1985.0902083333333,0.6796,0.634698333333333,0.0024257908,0.005884766077222219,0.0235060893,0.05271989366527776,0.365504417,0.7002958861691666,2.5625807559,3.562065872635655,18.26464646778918,22.95778301839851,0.3419983277,0.6346438247341666,7.637272950150374,10.795234516580168
OCUMOR_clean,5.32208,6.382025427777776,3.84167,4.693193081944443,1.29298,1.2514252868055558,997.724,1115.2219454629626,0.525,0.5463925000000004,0.0025687433,0.013354476678888887,0.0257721482,0.1030063905383334,0.3663266273,1.2304091488663198,1.9223417938,3.819063092108405,23.0984180086029,26.388407917743532,0.3405544791,0.9342448864020277,11.50313359353781,15.015893095863273
OFESIC_clean,7.36476,7.379005138888889,5.0904,5.286340991666665,1.82236,1.611620566666666,481.855,896.5614555555561,0.4554,0.5535727777777778,0.0032812268,0.01816201124333333,0.0331589758,0.08654912847500006,0.4669330271,0.7473289491349999,1.9205980086,2.146837666949999,23.93651777977242,22.692402438178416,0.4337740513,0.4064331488099999,14.26768112899787,10.83133177980732
OFODET_clean,6.29959,6.611912777777776,4.57313,4.666925201041667,1.15382,1.1868709250000002,1161.73,1480.9438714484131,0.519,0.5833216666666664,0.0039672214,0.010095017614791665,0.0399475045,0.09031389481433331,0.5785945005,0.9175238731800003,2.9458316323,4.326178640916252,22.08482666127492,24.59672995500245,0.5386469960000001,0.9916343042816664,10.93953966462811,14.737495961574956
OHAKIS_clean,5.22451,5.937069372751322,4.43244,4.64293985074956,1.2284,1.193721000416667,893.932,1214.8550567129635,0.5162,0.5637684999999999,0.0407347537,0.011049904025833331,0.3747902286,0.11239590286261897,2.5282061777,1.3523228663158335,3.9597759699,3.5446168652277783,29.52824519621292,25.506302543625207,2.1534159491,1.0566889837716664,15.96545034833573,15.526278796564267
OKIJUO_charged,4.87708,6.1736398720997565,4.03642,4.590586285702618,1.10443,1.212250157638889,1291.38,1608.592181746032,0.5616,0.5687815912698413,0.0105551385,0.013214632084166662,0.1039953518,0.12775738606999998,1.3990223948,1.0446113097358334,4.4673639485,3.624970596660001,26.11197965572401,26.44238957138782,1.295027043,1.06148376013,19.36172277378709,15.255294246775403
OMUSAS_clean,18.71438,24.686889749999988,16.17316,13.052267333333338,0.318003,0.49044077499999994,3824.31,3807.9618333333337,0.8696,0.8431333333333327,0.0005368852,0.017108096045833337,0.0055687561,0.045474042496666645,0.0804242608,0.7510052083650002,0.54512696,2.327100000985834,11.09013095502047,16.9405666307859,0.07485550469999999,0.64963335983,2.479136589192241,4.649405868577257
ONEJUN_clean,5.6787,7.66440225,4.73551,5.397052063888887,3.33073,1.2829729874999996,542.898,1677.8371041666662,0.5352,0.622585,9.69849e-05,0.007844097275833335,0.0009757961,0.09475338681749994,0.0144109481,0.7898650668174997,0.099013795,3.441814229865334,14.23657601563989,24.023017004873623,0.013435152,0.7284588211708335,3.968379941592595,11.485418221361622
ORIVOC_clean,11.63735,11.585809833333336,10.86073,9.38498183333333,1.22977,1.1229510416666673,1291.67,1557.0629833333335,0.669,0.663211666666667,0.001615804,0.0029667731631944447,0.0155959279,0.021826749578750016,0.2440376928,0.3461151931724998,1.8601387351,1.8300155790891652,18.53693548310722,18.27086150352676,0.2284417649,0.3140661930462501,7.291746495223453,7.012302305768189
OTALUS_clean,12.67704,13.011867416666655,9.31362,9.989248749999998,0.655199,0.7666260916666665,2471.76,3078.5779666666663,0.7266,0.7598266666666665,0.0021689904,0.005392509645833333,0.0211419083,0.0505117410133333,0.3009876571,0.7233999601766674,1.5383238765,2.4567334186358343,23.16044302340131,19.917057689346244,0.2798457488,0.611744426001667,8.865698935925105,7.436023244704974
OTIPAK_clean,5.73499,6.305279757638889,5.10341,4.676385583017677,1.20537,1.2833891083333326,1031.31,1154.7031993253966,0.5414,0.5797833333333333,0.0324283359,0.011093546400000005,0.305215814,0.11960376805916664,2.5507181413,0.8428342308233332,4.3003623342,2.484948533604167,27.4704358823366,24.186080225422636,2.2455023273,0.648422405009167,15.51402651497664,16.133277506355913
OWAVIS_clean,9.58182,9.117358249999997,5.9765,6.929794916666666,0.840674,0.8918452416666669,2788.91,2556.4485416666676,0.7226,0.6907516666666665,0.0018176592,0.004623118302499997,0.0188085456,0.042125660038095245,0.2842818994,0.6064230511250002,2.1567562091,2.868907916946667,17.01687915043805,20.177998261000983,0.2654733538,0.4850312763374998,6.141679071401473,9.021042500568733
OWIHIN_clean,7.33344,7.806901166666658,7.17038,7.099601083333336,1.33826,1.2928578229166658,1220.41,1342.5773983333336,0.6104,0.608213111111111,0.011014163,0.00908268992000001,0.1151251106,0.09736904135666671,2.2443515982,1.749973013250834,6.6467515783,6.013161374872686,24.67175030511326,24.2384924328868,2.1292264876,1.5289619872583329,22.99251017539736,19.314424620177366
OWIJEL_clean,7.46814,7.624663,7.33893,7.014619916666672,1.32685,1.2610406097222226,1236.26,1360.6443583333353,0.612,0.6068949999999996,0.0105885716,0.008933925877500007,0.1097796125,0.0977770909516666,2.1122275566,1.7828930910616692,6.7372418366,5.842420149849173,24.4424776358611,23.90399580733005,2.0024479441,1.681353088437498,22.43984300734808,19.213692927219935
OZUKOL_clean,11.66314,12.358527833333332,11.04095,10.246686916666674,1.07501,1.2022845583333333,1461.09,1464.5208916666677,0.6578,0.6727966666666664,0.0011102913,0.001718353008388889,0.0112274207,0.01930974915050596,0.1714246321,0.25066265803083304,1.241515823,1.6506372274241683,16.79271892974068,18.204217107942807,0.1601972114,0.2190875927536047,5.82138590344906,7.059003195129774
PAVKIH_charged,8.78156,8.111556333333333,6.51511,5.489820374999998,1.29997,1.245346671527778,987.968,1256.7567250000002,0.5538,0.5854022222222224,0.0010896051,0.005349228154074078,0.0102307735,0.061304102726,0.1568839437,0.8551623204120832,1.0031499461,3.30259569756361,21.26255041034439,24.589112385375692,0.1466531702,0.7373212282641665,8.543807698605882,13.166543938216384
PEDRIA_clean,15.09269,17.340493083333328,7.93434,9.513022666666672,0.589901,0.653510566666667,3806.46,3755.70315,0.8114,0.780341666666667,0.0007792409,0.014518845824166673,0.0076950038,0.1239451854625,0.1157903261,0.7381296833683334,0.8088682788,2.419015582255001,13.00293722547847,15.3714547171951,0.1080953223,0.5487213861066668,3.550450494602056,5.365430091468027
PEWXUL_clean,5.34544,6.138897658333335,4.38509,5.326298010416667,1.05997,1.4182220888888888,1016.58,1186.1218201388895,0.5136,0.5558158333333334,0.0467061458,0.016088188082152774,0.4459592648,0.16629815160847222,3.0403568849,1.3307395686516668,5.0507518572,3.2426035985249997,34.91689014692929,23.910989232874307,2.5943976201,1.0531391097549996,23.98043987839275,13.519306736886696
PIBPAS_clean,10.02705,9.702654083333336,9.63343,7.224179472222217,0.905218,0.9816352416666668,1864.01,2208.2578083333315,0.6458,0.6422683333333333,0.0018450026,0.004570656336666668,0.0185510096,0.055506640009166684,0.2776647,0.48319825345333356,1.7953212432,2.938828320346667,19.78067648134284,20.936479262817713,0.2591136904,0.41435539302124985,7.9383719854612,8.952191199663806
PIZPOD_clean_h,4.95479,5.941459627314817,3.97477,4.639241477182541,1.78246,1.239856241666666,867.502,1128.3262989351854,0.5566,0.5638406547619048,0.0027196707,0.0112385009025,0.0268610756,0.10174501380472227,0.3844157502,1.0037253730324998,1.9794838211,3.989364898320831,22.63874244037154,24.09308242146057,0.3575546746,0.9026662242779167,12.28041580113914,13.895763043260393
POMMAH_clean,14.83525,12.640312916666666,11.96507,9.452585416666668,1.26278,0.9813819916666662,1162.95,2356.427649999999,0.7018,0.6812283333333331,0.0062604358,0.018756610429166667,0.0580868921,0.2076815709108332,0.5000437462,0.7415564485558336,1.5481852199,1.7608217295991664,26.70941772280507,22.79834686591868,0.4419568541,0.7454944154366668,11.38843438004894,9.79327758542029
PUBSAH_clean,11.33641,9.517265583333332,4.82375,6.087374416666669,0.84337,0.8928129416666669,2760.47,2573.9348166666655,0.7052,0.6865333333333337,0.0096434163,0.008851703662916665,0.0942852778,0.07850549569416664,0.8693783203,0.9244149985365744,3.2531959818,3.298161596629168,26.60214713689188,23.44645420231621,0.7750930425,0.6628372789349998,11.59642089635129,10.427170947093327
PUKSUL_clean,6.59798,6.6683502314814795,4.14111,4.934993913383838,1.5702,1.467773394444444,1785.8,1243.7421375000008,0.6962,0.5888647777777779,0.0002069309,0.014808561220833334,0.0020903256,0.08780202324166667,0.0296363881,0.4745949999858332,0.2026791388,1.6536177406858323,13.54884295360522,18.968691810858548,0.0275460625,0.43952161019749997,3.939823776633072,10.04605579765129
PUKVAU_clean,6.34308,6.009054853246752,4.86227,4.868713184523809,1.0986,1.2300710310185188,1226.86,1192.5373409632034,0.5706,0.562230946969697,0.0031457371,0.017851986219212967,0.0306652894,0.12186946283349998,0.4731016389,1.0628484117972916,2.8296936168,3.5272479477654186,23.6415590364646,24.806865307248085,0.4424363495,0.9874272505818329,14.55637419405595,14.193412023768133
PUMDIM_clean,7.80071,7.156281770833331,4.22996,4.753958718650792,1.22507,1.2140289833333333,321.387,1527.766002777778,0.564,0.5974206666666664,0.0107314093,0.00893747754333334,0.0989586497,0.06611647125916663,0.950880284,0.8889448907158332,3.6217244748,4.082248507700833,29.15724581796851,23.75816397973613,0.8519216343,0.8402361069591665,13.43255490964422,12.975153977401202
PUZLUS_clean,15.09144,15.252003000000002,8.39804,9.304621500000001,0.46153,0.636095158333333,5034.3,3644.5683333333354,0.8014,0.7866666666666668,0.0020356609,0.003471842758333332,0.0215188373,0.03492743985666667,0.3290163309,0.4558284424516665,2.4588177198,2.2167463704099997,16.36268894402577,17.22677102656485,0.3074974936,0.4478252641699999,5.622562474200448,5.827039952501699
QIWCOQ_clean,7.90536,6.7827618015873,6.37424,5.719371074074071,0.88756,1.1076333347222227,1921.9,1550.876521726191,0.6366,0.5990894444444445,0.0070009228,0.00703500007,0.0678581323,0.05629246341569445,1.0378699808,0.6935141920233339,6.9735085086,3.425113553313186,22.77836690591169,22.764989127609457,0.9700118485,0.6066360115049997,13.69938496115955,12.176677498803253
QIWQES_clean,6.44452,8.239979555555559,4.39633,5.797075437500003,0.848839,0.9930610624999996,3129.72,2471.4844444444457,0.6752,0.6505300000000002,0.0033940479,0.007433374840416667,0.0348241894,0.07168526190249999,0.5255666668,0.9975785741350001,4.0473571638,3.9713983167937497,19.56705664973244,23.785187854684196,0.4907424774,0.8181248072380553,8.600979498659559,12.385738268353066
QOFBIY02_clean,7.03275,6.747590266666668,3.83288,4.967449989926737,1.33192,1.20550149675926,763.856,1322.0487305555555,0.4894,0.5612827777777781,0.0067193201,0.00533124652770833,0.066068356,0.05288010092083332,0.8219704828,0.7231831319324998,2.6438944123,3.3659051480485416,26.11173109623465,23.55637387988364,0.7559021267999999,0.7364565845608334,14.7709838248961,13.586330739133528
QOZPOM_clean,4.94177,6.470043209722224,4.05577,4.76641019419643,1.11879,1.2020921833333331,717.419,1364.5337388888886,0.5788,0.5750224999999999,0.0118720632,0.010280188661666662,0.1184588675,0.11250485804750007,1.4639331094,1.249301701990834,4.6473255087,4.581728081934164,27.59483808829928,24.909825864612074,1.3454742419,1.2882748536050002,19.07720126614133,16.64974610049787
QUZVEO_clean,9.48553,7.756399486111116,8.8403,7.101729766666668,1.4036,1.1924839083333338,1139.94,1848.9230333333328,0.619,0.6219983333333337,0.0010400379,0.00458041165,0.0101860204,0.04582121500718749,0.1568472485,0.5966757830308335,1.0397256648,3.095260617151835,19.34199135488905,22.219192020339666,0.1466612281,0.6155409446308335,7.492225622695599,12.365626967152442
RABHIH_clean,6.97329,7.109009340277779,4.88825,5.642783973429953,0.93136,1.1963375568181824,2352.75,1665.62355,0.6512,0.6093504166666665,0.0044939501,0.0064071818281944415,0.0450512713,0.05154117201916665,0.6361059127,0.8053643631008337,3.3834934609,3.161525230621388,23.28769248905163,23.525341179980526,0.5910546414000001,0.7601856709154163,12.34527638621321,11.212896764648532
RAHBUZ_clean,6.80616,6.393353979166667,5.48586,5.101916416666665,1.14478,1.1483808750000004,1734.22,2032.6102750000005,0.6386,0.6349400000000001,0.0041850935,0.006184297880833334,0.0423325533,0.06710798470041662,0.6347059714,0.8631574581166668,3.9704603979,3.7217521059566665,22.00984579476322,21.40224828914344,0.5923734181,0.8204152526347225,11.08208646134226,11.364412990480632
RAKDAJ_clean,8.45824,8.151254333333336,7.8928,6.568475791666665,1.20511,1.014737825,1707.09,2029.4339583333335,0.6724,0.6626183333333333,0.0042145646,0.010195943681458331,0.0428842813,0.08520150077083333,0.5838416239,0.9045644893708331,2.9237722519,3.446701071746252,24.08792517810057,23.199997674279313,0.5409573426000001,0.8267290048658332,15.6622586771856,13.276663470655722
RAVWAO_clean,17.92516,17.10705983333333,17.51395,17.007508166666675,0.536552,0.7146337666666668,2738.65,2237.1351166666655,0.7562,0.7401466666666663,0.0032588264,0.006254522716666667,0.0318966997,0.048315462031666666,0.460477694,0.3850059136248609,2.6016310951,1.7231398423783335,20.5501079953227,19.806009129314873,0.4285809943,0.31245629177500006,7.912443207410447,7.742571335730503
RAXQEO_clean,8.85312,7.715592833333336,4.24768,5.25734338472222,0.848051,1.2482601097222215,1684.3,1613.547891666666,0.631,0.5789833333333331,0.0032525265,0.006063750080833332,0.0338539657,0.06509386028458332,0.5210551619,0.7980325844075,3.688422934,2.996318240527917,22.2927717542936,22.354599244432485,0.4872011962,0.6645701173049997,10.0359400141076,11.812118784276066
REFJET_clean,6.27741,7.1329710694444435,5.87074,6.177698249999997,1.48318,1.398320820833333,831.987,956.3689071759264,0.4452,0.5363866666666668,0.0040916044,0.006805256628416669,0.0401703704,0.06395542284500001,0.5674675756,0.592710406948125,2.5293630695,3.0375285205783347,23.15648311558582,23.552523281468925,0.5272972052,0.6482192239483332,12.93352718082548,13.20804801214639
REXGAE_clean,16.86752,11.773416583333336,8.38436,8.971633999999996,0.654639,0.7458385833333332,3401.91,3158.675416666667,0.7522,0.74809,0.0109406749,0.0035058595883333326,0.1098901796,0.03778382596916664,1.7433956867,0.5640461740458331,7.0047078804,2.739896544311665,23.37646091017394,19.53740539010419,1.6335055071,0.47218458813166664,15.28897253706348,7.507482050012833
REZXUQ_clean,15.26291,17.18394833333333,13.95995,14.750537333333334,0.361934,0.661368766666667,4846.42,4227.452316666666,0.8582,0.7292333333333332,0.0005145771,0.0198336831975,0.0063476504,0.06172524459833331,0.0957617189,0.49695995063708337,0.6435740232,2.7333094700125,10.95016713863172,16.232518912039467,0.0894140685,0.5240595789616668,2.638038025863117,7.1492963603806015
RUBTAK02_SL,8.49537,6.922860680555554,3.88559,5.167389432936507,1.23841,1.197626185984848,1336.08,1231.4887192929298,0.5866,0.5507654722222224,0.0054785668,0.010012669437499998,0.053918757,0.11341467159833336,0.6977577473,1.192071896416805,2.8169593111,4.181705134217162,23.37242213225258,26.070196236438093,0.6438389902999999,1.167349207966597,13.38839586729018,16.75477772668301
RUFZID_clean,10.67067,11.197246999999996,8.77989,7.456783416666666,0.799166,0.8945083083333336,2439.99,2177.7181916666655,0.71,0.6794066666666664,0.0024514409,0.005047500060000003,0.024494797,0.05627548547666668,0.354287836,0.5677537564508337,1.9928645245,2.708113017004167,20.79684114705933,22.2988133285599,0.329793039,0.5076541975099998,8.059719568610562,10.047288289558866
RUWZOA_clean,6.55761,6.308772813888892,6.38772,4.802563956234738,1.0684,1.1740710916666672,985.194,1255.045444097223,0.5174,0.5600733333333335,0.0022201134,0.014473718680277782,0.0209077501,0.12690486057250003,0.3486553603,1.3712377400141667,2.5503973604,3.9989519923415977,22.45743490809702,26.275117800359713,0.3277476102,1.2914707780920835,13.17248303368711,18.911013271640815
SACDOR_clean,8.1061,8.067129083333331,7.63768,7.039453416666672,1.2392,1.1854018222222225,1638.54,1881.605774999999,0.6692,0.6674649999999999,0.0044495849,0.005986609310208329,0.0454379046,0.046749334540000013,0.6180755804,0.571910412789791,3.05346195,2.9555320008873625,24.41786424316019,23.245734766451246,0.5726376758,0.5556274383711107,16.53070495399018,15.179723382735636
SANHUN_clean,6.50583,6.892633130555557,4.8025,5.04413375192308,1.599,1.340831926437621,799.196,1100.870336736112,0.517,0.5598320436507939,0.0143817801,0.007149676901666666,0.1455545715,0.0741662495141667,1.7351999664,0.9462779791175003,3.870330543,3.5527722078100012,27.08757861849157,24.342939819220824,1.5896453949,0.9292244337100004,18.66389820042677,14.748979602114334
SEFBOV_clean,5.65834,7.319642416666667,5.15011,5.894352361111112,1.02534,1.156289602777778,2419.17,1653.590679166667,0.6702,0.6125488888888887,0.0032746301,0.0092050798775,0.0333083915,0.08591020182250002,0.5202745363,1.034870433201428,3.8460004732,3.4119965643120826,20.35116983179597,23.2649447932528,0.4869661448,0.9071080410738886,10.58077791122381,13.157542737077845
SEHNID_clean,5.75155,6.843592152777775,4.35756,5.748344041666668,1.44623,1.327688304166667,1016.22,1119.562810833333,0.5848,0.5538520833333336,0.0004225139,0.01780541055041667,0.0043194501,0.07979187569333338,0.0652406731,0.8849743122049998,0.4189593132,2.638833185488107,17.16851859477593,21.389178711636852,0.060921223,0.6295757237491669,6.15631062633041,11.383132597966512
SEHSII_clean,5.51627,6.05264897910053,4.61799,4.757071577546296,1.32529,1.2449041396825398,1693.46,1722.730305555556,0.6396,0.6157069444444442,0.0036330812,0.005542213150694442,0.0350027927,0.0743563062077083,0.526965621,0.8301263445308327,3.3017992052,3.857524940481665,21.04405057465566,21.378607493095615,0.4919628283,0.7680768477933335,10.66469061383152,11.140122471030889
SETRAM_clean,8.05582,7.989098527777776,7.60574,6.832902833333335,0.990751,1.0132535791666664,1807.25,1681.4350733333333,0.6356,0.6372116666666663,0.0028507237,0.0059156615599999995,0.0300037841,0.057753011730833324,0.4888842136,0.7696498486079164,4.1722774745,3.025485962900001,19.19424016632679,22.855989464064933,0.4588804295,0.6226044945241663,9.23306361969108,11.363648547584962
SIVQAR_clean,8.43693,7.595399416666671,5.95196,5.290018180555557,1.35381,1.166644638888889,1164.9,1616.178733333333,0.616,0.6051129920634922,0.0031886166,0.004387607177083333,0.0312930116,0.054286375205624945,0.510078711,0.6978595033720834,3.3873939536,2.636743888909998,21.27734680053469,22.000855467751993,0.4787856994,0.5953938782166667,11.12179349584605,10.972993187780078
SOKKUZ_clean,6.70484,6.732694576388885,6.32665,6.285456222222221,1.05966,1.0546227305555578,2157.74,2153.710641666668,0.6502,0.6496466666666679,0.006203946,0.006791421480833319,0.0638350681,0.06702898170624992,1.0147623161,0.9917371834437525,6.305499143,5.963430950899168,21.95543675881714,21.93365816468296,0.950927248,0.8849360216145825,13.51838638721751,13.47203813051154
SOMFEG_clean,6.71551,6.701538180555548,6.34258,6.266237083333319,1.05531,1.0584595999999977,2164.44,2180.7701666666635,0.6512,0.6488016666666659,0.0063138111,0.006769512632499987,0.0620909593,0.06265430200500013,0.9830730955,1.0294809861241678,6.1540638079,6.157833176025012,21.85036655985033,22.007077431067703,0.9209821362,0.9279170774154163,13.30396885346931,13.366769202031751
SOPLAM_clean,7.99336,10.030135083333334,6.43639,7.590085416666668,0.786263,0.9685748464285715,2808.75,2216.933983333333,0.6702,0.6646716666666665,0.0041219413,0.006019864949166668,0.0416242813,0.08298549504166661,0.6377518529,0.6441898735122227,4.7364499101,3.356640737875834,20.41721173928171,22.381463085249997,0.5961275716000001,0.6372927220508333,9.698997245282609,9.910088243928097
SOZRUW_clean,8.81736,8.177248416666668,4.01112,5.792228599999999,0.978332,1.0748348347222223,1834.4,1965.4198583333334,0.6308,0.6486366666666666,0.0060389175,0.012268739902916666,0.0614874963,0.10323293130833333,0.922779631,1.1784313270808329,5.9307371847,4.14175294531213,22.09652106542446,23.525238815890795,0.8612921347,0.9624886105277776,11.84862883278255,13.546061384580671
SURHEU_clean,8.75392,7.750803666666672,3.85708,5.395870421296298,1.61914,1.3736715749999997,1029.58,1319.9196083333327,0.569,0.588388333333333,0.0181516265,0.00831280980722223,0.1768919938,0.08607716619666661,1.7361938299,0.7029293581991674,4.5143674237,2.280169737616666,27.38811751777722,24.068494190597033,1.5593018361,0.5828389581866665,19.33563799061345,13.937868282258108
TAQGEZ_clean,8.38886,7.863934645833336,8.25863,6.096919430555558,0.927218,1.049357025,2092.05,1886.4619083333337,0.7086,0.6391484722222223,0.0016626435,0.007081757072361108,0.0165087765,0.0551521881405357,0.2424759102,0.6751986389866664,1.6855925688,3.3785486121780073,18.47215183673165,21.308371587325137,0.2259671337,0.611628613923333,7.441221736250678,9.475420645671052
TAZYAV_clean,6.36917,8.834156833333335,5.18527,6.3754240000000015,0.882052,1.0817165833333329,3308.15,2345.720058333332,0.7278,0.6609525,0.0006085611,0.009314989876666669,0.0062525863,0.08875725457583333,0.0951963503,0.8263400391991665,0.6352909153,2.7544472473508343,14.47847594176728,22.545848821458875,0.088943764,0.8956371635433334,4.470893985167026,10.519026494667338
TIDMEA_clean,6.05011,7.038675611111115,4.95275,5.940916253527334,1.747,1.304162675,852.276,1343.1447375000002,0.5394,0.5986687499999999,0.000362546,0.004781824757499999,0.0035916405,0.03827080830916666,0.0533943695,0.4339696686891666,0.3712809343,2.2934543353766674,16.83109821469489,19.533024159933646,0.049802729,0.39365394601750003,5.928562839972868,8.763778589597317
TILWAM_clean,5.60602,6.805350041666665,4.41216,5.345936333333338,1.12946,1.08224675,2486.52,2053.7118416666663,0.7174,0.6345299999999997,0.0009204179,0.00626110644291667,0.0089358437,0.0692015779794444,0.1342425135,0.6720825682004166,0.9444381792,3.4440291886966663,16.04213485016018,20.72082700256102,0.1253066698,0.6044572727874998,5.437567203420678,12.222208654191423
TIVYAZ01_clean,8.9528,10.42038091666666,6.92043,7.4595388333333315,0.77854,0.8944397999999999,2748.28,3011.5758333333342,0.7276,0.7076800000000003,0.0011372495,0.005378699471666665,0.0118315678,0.05365740914750002,0.1755798403,0.5494670379926387,1.2145772099,2.7784924133041673,15.75355622061908,22.367094432214955,0.16374827250000001,0.5842364229074998,5.13706157055995,10.667454873869538
TOFTIT_clean,20.17115,20.363618,6.28286,9.72520641666667,0.598403,0.5257684416666668,3773.78,4624.261500000002,0.7822,0.7870033333333329,0.0026446348,0.003417294279999999,0.0268294925,0.03246537434499998,0.3794007353,0.4288283426541666,2.0931925885,1.9555512265325001,20.26835245588422,16.356290385314505,0.3525712428,0.3983028080086107,7.266663485378379,5.855579654907978
TOVHUJ_clean,8.92456,10.50016658333333,5.42795,6.494403666666668,0.747114,0.9734992083333334,3427.22,2403.654708333334,0.6974,0.6898866666666665,0.0024168263,0.011223589166666664,0.0244500111,0.0761521642375,0.3681640741,1.0204201536866668,2.5991868734,4.036874998693333,18.01741716908435,21.20826031161134,0.343714063,0.7230662598591662,6.902915631687176,9.730125247718844
TUNJET_clean,6.14578,5.683043805291008,4.61369,4.580060585933845,1.50948,1.4525091249999997,761.861,1151.9843111111106,0.5096,0.5590616666666666,0.0064477434,0.025934437012222235,0.0647519559,0.16399939495583327,0.7742269677,1.32189526725875,2.4075634541,4.0231096612199995,25.64160752480598,25.87838814322207,0.7094750117999999,1.2030620550441669,15.30266050077764,14.416200088337265
UKAQIH_clean,7.0082,6.926307173611108,4.78738,5.630879744047619,1.16844,1.3072883500000003,1466.3,1257.9496351190476,0.5844,0.5735298958333332,0.0082638209,0.008812392755124998,0.0822347355,0.06721070125029764,1.0499308666,0.9334879637524998,4.7261970041,3.967141027265555,24.6924130531166,23.987250698000526,0.9676961311,0.8163580554909998,13.98618312087079,14.631636919744341
UMELAB_clean,6.29398,6.162606881944441,5.39006,5.353654645833335,1.61584,1.372124905555556,807.638,1133.5118691666669,0.54,0.5322056349206351,0.0057668828,0.008212577664791672,0.0580580459,0.0842562564889167,0.799506151,0.8249777613129164,2.8670594097,3.280412726804724,23.70401803243622,23.929440056039404,0.7414481051,0.7800130628158332,15.57982558974066,13.78752636343781
UMODEH20_clean,9.81757,8.683720333333328,5.20485,6.135853833333333,0.582326,0.8446772999999992,5015.39,2942.8340833333336,0.7482,0.6876799999999997,0.0033466144,0.009709151111666665,0.0343528823,0.07493900528291664,0.5249291197,0.7521027658633336,3.997214026,3.870698726608582,17.68695380059809,21.50250201776093,0.4905762374,0.6630911610166664,6.756880151752124,9.401626537281794
UMOYOM04_clean,9.1769,9.915601166666667,5.34749,6.653624625,0.570426,0.7199973500000003,4967.52,3510.3647500000006,0.7508,0.7314749999999998,0.0023041515,0.005256822748055553,0.0243358791,0.05644210368916665,0.3723820961,0.635970429030833,2.7043639651,3.530395828814999,16.67752338034312,20.315914553422722,0.348046217,0.5613636228683333,5.896704106227218,8.77019583129146
UNADIX_clean,6.75931,7.564577338541668,3.87519,5.176417821851851,1.24165,1.243891116666667,1499.83,1665.055083333333,0.6188,0.6114953703703704,0.0061695655,0.01327163196,0.0614982291,0.09661501557333337,0.8955023397,1.0831982777358333,4.3954475031,2.8550171433974985,23.11256875325822,24.129721946312085,0.8340041106,0.9161234429849997,13.98552247952124,12.850119320152087
UTADIE_clean,5.9737,7.223378175925926,4.97659,5.8296264166666685,1.5664,1.4695930166666658,1261.66,1355.5053749999997,0.6122,0.6253666666666666,0.000644685,0.015562949500833334,0.0065897607,0.11047748306916676,0.0991766923,0.691091240615,0.6681779156,2.272626788541666,17.25539538020575,19.57432644536085,0.09258693159999999,0.5738527929966666,5.938539938186085,9.4787038261947
UZAROE_clean,19.54541,15.128588583333338,7.16489,8.500482166666671,0.922216,0.8876898833333339,1629.78,2637.5741666666677,0.6638,0.7049933333333335,0.0011113379,0.014197557605000006,0.0110250612,0.10417864343833334,0.1567207294,0.8330333383650002,0.9059280992,2.3175111636624997,18.21413569733634,22.550191698693535,0.1456956682,0.8680727273408331,6.231599893271865,9.287936761781095
VAKBIU_clean,5.76642,5.999380437893378,3.81153,4.494064774045014,1.03317,1.4431933416666665,1169.08,976.798922124288,0.5546,0.562610972222222,0.0205751081,0.007807719576666666,0.2087083956,0.05861407700749996,2.3833402944,0.8232849124008331,6.1254807866,3.5472064936926366,30.09849073782114,24.10872999779327,2.1746318988,0.8856123267941669,22.846364884968,14.19597768872125
VELBAQ_clean,8.45052,9.222075666666665,7.3406,6.921710166666666,0.767479,1.0429910194444443,2764.47,1766.3175166666674,0.657,0.6293586111111111,0.0060271293,0.005710473561666665,0.0613871616,0.07051465071749997,0.8204414738,0.63191143749,4.1615998551,3.3545592693434805,24.19398339664002,23.63262548317569,0.7590543122,0.5581569839541667,12.3189156148514,11.550825730211113
VEMMOQ_clean,8.8382,7.85809208333333,8.57859,6.4904365833333335,0.859762,1.0014381166666664,2145.04,2199.930825000001,0.7008,0.6615700000000001,0.0024254915,0.0061377337112499975,0.0237703832,0.05005768294124998,0.36374155,0.6394633911625002,2.6598177589,3.248193205270278,19.18722833078851,20.781597696987546,0.3399711668,0.5678026665516666,8.07811870743657,10.290187135896982
VILXOE_clean,5.3607,5.818732870734126,4.59016,4.572439276388889,1.2053,1.3515057190476185,1064.32,1238.7215376262627,0.529,0.571045388888889,0.009986416,0.01171107081375,0.0985624543,0.0908031278594444,1.3065761137,0.748560810023333,3.6266043364,3.452185551901349,25.32708151310793,23.62840590241363,1.2080136594,0.7234219512070834,15.98254190237387,15.037711988727942
VIXPUP01_clean,10.93877,10.81376908333333,6.90793,7.505917583333329,0.690693,0.7730208083333334,3408.24,3398.9870000000005,0.7722,0.7339199999999996,0.002634313,0.009154734821666668,0.0270924801,0.06794896686000002,0.3840882434,0.7904229937483339,1.9550889996,3.6116757922400002,20.96640965399451,20.440139213055733,0.3569957633,0.756192061006666,7.754702560440096,9.757573780259106
WACLEU_clean,6.11102,6.635111887865496,5.03298,4.760197781135531,1.15501,1.2723251583333322,1200.86,1478.2204626805567,0.5472,0.5753725000000003,0.0060607925,0.006044949169166665,0.0586906384,0.062542635205,0.8460363179,0.7694262695499996,3.5565896289,3.354755659492709,22.56213605092178,22.81694911995364,0.7873456795,0.679127064608333,12.64918479294284,10.914322457252734
WAVRES_clean,14.9385,10.005642916666664,4.22033,6.919878472222221,1.02521,0.8663484999999997,1909.57,2431.20585,0.681,0.6692116666666668,0.0156733973,0.008461426204166669,0.1556014003,0.06958572690833334,1.9130558206,0.9370231986849997,5.7119518342,3.701045909705835,26.48741844273818,24.87811052321524,1.7574544203,0.8725868630566669,18.1171718505538,12.991033166927503
WEVQUJ_clean,8.44067,8.06167008333333,7.27418,6.415291833333338,1.48575,1.4279917749999995,729.214,759.0893749999994,0.5778,0.5428025000000006,0.0004297795,0.003960253673333335,0.004339073,0.04634466073249997,0.0660306385,0.5490866957458335,0.4956231462,2.3196364079125007,16.63422409250277,20.358852192609735,0.0616915655,0.47432397569874973,6.082580300346897,9.730639322969212
WIJXIY_clean,14.24395,19.197559416666667,11.55698,13.040208499999999,0.475086,0.5092445833333332,3642.38,3966.776616666668,0.8226,0.8194566666666666,0.0008688774,0.009139326006666665,0.009375688,0.05482958984041667,0.1406262217,0.5962454694983329,0.9761360401,2.786619905395001,13.86348502535116,16.173334270659815,0.1312505337,0.4947686839799997,3.686966269469463,6.814664989073128
WIPZEC_clean,5.45688,6.268590544642854,4.84274,4.679823189285716,1.09301,1.1363935287500004,1311.34,1302.7947583333334,0.552,0.5692722478632475,0.0271921971,0.011013515403472214,0.2726289585,0.12295846763016668,2.8263063577,1.3236331989165795,5.6859678922,4.231519774288262,28.44094673904844,24.64984299520409,2.5536773992,1.130723873261329,19.43984063577083,14.81126639409428
WIYMOG_charged,12.0545,12.740334666666673,7.54941,10.66450533333333,0.408102,0.5867495416666667,7043.44,3933.356658333335,0.8306,0.7743066666666666,0.0009675106,0.00937080066916667,0.0102453116,0.11467765215583334,0.148209376,1.0678561754516667,1.009106168,3.316086727989999,14.33989408783672,18.525612540373128,0.1379640644,0.8186727522656245,3.758559567107143,7.429386472422704
WIZMAV02_auto,12.74499,11.279169333333334,5.77928,6.798336833333332,0.733163,0.8638879333333339,3075.61,2588.4261666666675,0.725,0.7045349999999995,0.0006896511,0.008516302120000001,0.0073032281,0.05997694569000001,0.1142934571,0.585870280833333,0.8110827225,2.774995602249169,14.31127984361393,21.114341239229184,0.106990229,0.4736832353224999,4.178519092457112,9.187638505166571
WUZQOZ_clean,6.97207,7.477613532738096,5.82661,6.287435749999998,0.933596,1.1863489291666662,1821.49,1952.5009249999991,0.6474,0.637149761904762,0.0023090384,0.0052642190141666675,0.022623791,0.06450732064791666,0.3545789717,0.8356128627776389,2.5760932769,3.249710769642467,19.23907902250692,22.22937874044828,0.3319551807,0.723223820140417,8.727815299520012,12.947770865448232
XAHPON_clean,17.29514,24.972568083333346,15.33221,16.852800250000005,0.284265,0.3825995583333329,5193.45,4950.504908333335,0.8856,0.8738166666666669,0.0016225412,0.007399408413333332,0.0158917726,0.043109417244999955,0.2377338944,0.5066250741241666,1.5354613142,2.5394835735416668,15.04207238545982,15.341267749972072,0.2218421218,0.4863956646158333,4.066269403277716,4.789564484351625
XAKZIT_clean,12.23219,10.101512229166664,8.02038,7.14269447222222,0.853098,1.1051533333333339,1920.72,1817.7834791666673,0.6458,0.637871666666667,0.0092136612,0.01713325345833333,0.0907748868,0.07526309215333335,1.0231279559,0.7790144645416668,3.0932530087,3.171918917191218,27.74338548077052,22.99299620614663,0.9323530690999999,0.585331162545,15.16234532055755,10.650905825227767
XAMGUQ_clean,8.47788,7.008126374999999,6.65907,5.505351222222223,0.938367,1.16931965,1877.06,1775.037855555555,0.63,0.6053783333333336,0.0035582273,0.012772575560833329,0.0351707552,0.10933371377791662,0.5124838972,0.8413404735416669,2.9134510901,3.359651512229583,21.33760247230189,24.637189351001314,0.477313142,0.8559111245233338,10.09880869412961,13.144064599204835
XANMUX01_clean,7.00841,6.944139106060608,6.87174,5.495369166666667,1.1901,1.2569257527777775,1168.73,1529.7711611111108,0.6142,0.5888680448717947,0.0026422621,0.006585498172083331,0.0257385839,0.06852893467,0.4322330806,0.9116976240724999,3.5184833881,3.735849964869166,21.17670759987112,23.204658446197424,0.4064944967,0.7249857289070831,11.08614029974493,14.44359519466472
XEGKAX_clean,7.81736,7.51314020833333,4.94122,5.817300694444446,1.03321,1.1169464375000002,2253.55,2130.1676333333335,0.6462,0.6392233333333329,0.001817334,0.006972613915416663,0.0170821462,0.045181182356249995,0.249450918,0.6725350834683337,1.5879967826,3.419901744952777,19.97150694643613,22.172505500663878,0.2323687718,0.6382214996129165,7.66527665818477,11.435621632144214
XESKEN_SL,9.9038,9.59339083333333,9.36477,7.727389583333335,1.10837,1.1242301166666666,1149.97,1590.6813500000012,0.5552,0.6460250000000002,0.0008697791,0.005223546669999997,0.0086027949,0.03900825585666663,0.1338788712,0.45448829859166656,1.0471974543,2.4239097316541676,17.84086968732507,20.825571528648275,0.1252760763,0.4366189753108332,5.773524059010627,8.921740920136434
XEXLOD_clean,7.18877,6.330511478439151,6.831,5.698807177083332,1.17716,1.2393077055555564,1164.39,1176.3749763888889,0.5458,0.5719261111111112,0.0043400527,0.007867920428333328,0.0422347621,0.07854692994458339,0.6230912105,1.0084404933863889,3.4751636166,4.545704944915002,24.75272225618239,24.33067473157536,0.5808564484000001,1.0098009149108333,12.69522088467238,15.842180870380615
XICYIT_SL,6.2924,6.650714025641021,4.02189,5.1612407916666685,1.33234,1.4119482277777782,1463.44,1471.2928013392852,0.6146,0.5964598484848487,0.0033270267,0.0084009519325,0.0333009025,0.06533629444666669,0.4737387814,0.8489828733983333,2.4220468339,3.397585245372501,22.17934985098511,24.19101511642118,0.4404378789,0.7968189318308332,11.56548230774545,12.815279299563905
XIHSAJ_clean,6.08478,6.197122221049782,4.0122,4.4762080652777785,1.01421,1.1925419384920637,1791.66,1617.4753249999997,0.6044,0.5972738333333335,0.0060161541,0.01246328265888889,0.0599242178,0.12577904234861118,0.893625196,1.1475226685003237,4.5894983726,3.7529697216808335,22.94571590675008,24.845026430106532,0.8337009782,0.9341472811487495,13.22382877803542,15.816534403661763
XINWUO_clean,6.28616,7.104150500000001,4.28799,5.729148708333333,1.09832,1.2694900999999998,2139.64,1547.5234416666665,0.6626,0.6273283333333334,0.001556887,0.0031586991091666675,0.0153287449,0.04473487037583333,0.2356329575,0.5481898997779169,1.7362679561,2.277356605048333,18.50783684199017,19.859199399147265,0.2203042126,0.44908013497499993,8.059110229840169,9.239114626865911
XIPGUA_clean,6.999,7.679533562500003,4.80417,5.694382326086958,2.95533,1.0916209980769225,451.159,1532.5856111111111,0.4992,0.6208953703703706,5.20853e-05,0.004816595597749999,0.0005102731,0.07218728192083332,0.0079934642,0.6232730271633335,0.0543379779,2.836979940592498,11.93019018777881,22.553322424221523,0.0074831911,0.6302073061508331,2.939486428400063,9.960600631577678
XOSPOK_clean,6.02139,8.012061500000002,4.57668,5.770401520833331,1.94823,1.5019833333333332,943.297,1934.1171833333333,0.586,0.5968366666666669,0.0013291427,0.0335546708825,0.0132295069,0.15709011257499997,0.20139234,0.7771930403608334,1.3198045223,2.2296494451625004,20.6405504260125,22.08014914003537,0.1881628331,0.5891333447024999,9.365932857229263,11.109172281659655
XOVPUU_clean,11.45503,15.12562458333333,9.77333,8.875149749999999,0.404958,0.5046637916666664,4968.9,4142.431366666667,0.8444,0.8037783333333329,0.0011389246,0.010660498839999996,0.0113510268,0.09160029035583331,0.169348147,0.7531813613658335,1.1619323776,2.5913806466683336,13.30883850760797,17.824252994278087,0.1579971202,0.6573293090416666,3.570737840186267,6.386454914708592
YARZEZ01_clean,5.61977,6.314127243650794,4.05885,4.772605049553572,1.02873,1.2896538874999999,1930.22,1642.5580733333331,0.6746,0.5947542929292929,0.0014543245,0.004340603820833332,0.0147647777,0.05633335483416661,0.217992774,0.7185256659133334,1.4785043907,3.3694492419432636,19.03045543290824,22.273802171155,0.2032279963,0.6599046233808329,7.452176592616344,12.960739819912245
YAVWAW_clean,4.87227,5.621212536167515,4.07548,4.294107445051405,1.46373,1.202071575,782.881,1263.9128104040408,0.5582,0.5527851111111112,0.0067537411,0.014027994780833324,0.0665409573,0.14276838982388887,0.8173552819,1.4224970330483329,2.6204694972,4.3770274007365435,27.10308857362243,25.72371027532758,0.7508143246,1.1977899642475005,17.43705632839833,17.631885118773468
YAVWUQ_clean,15.48597,13.730642333333332,6.62234,7.780095666666672,0.747785,0.7429904166666669,2927.8,3082.7135,0.7402,0.7280033333333331,0.0054052202,0.0033550297608333315,0.052125936,0.03607064524083334,0.6834315336,0.4241180309933333,3.0115248797,2.074619967134166,24.17931860468518,19.869969047196534,0.6313055975999999,0.3678002530574997,11.27167704235215,8.176882612056026
YEDLAV_clean,5.4499,6.288445829861109,3.81156,4.6395747347394725,1.25884,1.2125172916666664,783.002,1195.9889079040408,0.514,0.5458273611111114,0.0158071655,0.013873586378333328,0.1536294887,0.12422780906250001,1.4690882178,1.364380470105,4.314338462,3.843677082038497,27.87891674869659,25.15079233301941,1.3154587291,1.0967995391924998,19.76926458047922,17.688507479109155
YEFNEC_clean,7.0118,7.954842666666665,5.67657,6.688124833333336,1.03009,1.0500235000000002,2586.03,2180.718425,0.7454,0.6686316666666665,0.0006549682,0.009300832641666671,0.0069709391,0.06572980149000002,0.1079081753,0.7155971839975,0.7340159391,3.3024753126566675,14.0667754501425,20.313796903671925,0.1009372362,0.5759660172366665,4.335663526770055,9.602392938582396
YEFPAA_clean,6.99143,7.837959755952379,5.65004,6.57210266666667,1.03721,1.048452516666667,2564.66,2196.5041833333325,0.745,0.6650349999999999,0.0007747091,0.0069251611550000015,0.0074123934,0.06314613765333335,0.1097345844,0.6546913690391667,0.7416591583,3.1994665583058364,14.18166735866335,20.168335482857824,0.102322191,0.5342027848816664,4.441382211980056,9.336860267169564
YEQRIV_clean,5.99633,8.347225000000002,4.79932,6.450470333333331,0.74227,0.933059425,4273.71,2528.6269249999996,0.734,0.667095,0.0002177747,0.022617516258333338,0.0022705031,0.1254555089275,0.0319241607,0.8587349110633339,0.2165204983,3.027149812672501,10.12645422596126,22.616089806000673,0.0296536576,0.8789531223883332,2.54501028611384,9.926914681372377
YINCEF_clean,5.29805,6.305024140686272,4.38969,4.55391571225529,1.14172,1.1314137361111107,1212.11,1201.8951194444446,0.5194,0.5536977777777783,0.0083339471,0.010901929111249995,0.0804170923,0.10875947320583336,1.0455695284,1.0677753511733339,3.7782158136,4.307281693632082,26.66880915501716,25.879940750234823,0.9651524360999999,1.083485364341944,16.86361991929497,17.907746936838347
YIWBIR_clean,4.82964,6.403583811111114,4.23812,4.964935615833334,1.13369,1.1732419685185187,1284.82,1679.360020833334,0.5224,0.5816416666666665,0.0349896963,0.00807272243375,0.3445829946,0.08973208587583338,3.257771639,1.1405660144906942,5.4151922447,3.8371118026395847,30.80503273346305,24.19580183214834,2.9131886444,0.9608899436108334,25.81078816428543,15.264714201628472
YIWMEW_clean,5.71951,5.644060960270465,3.80264,4.415123166506409,1.30733,1.2537751750000001,1556.84,1445.4462159722223,0.6656,0.5997291666666665,0.0008375845,0.012470306598611104,0.0076134279,0.13712879831250005,0.1155007488,0.7390013319774998,0.7612810491,3.087417046140835,17.59572466916903,21.137356689724474,0.1078873209,0.7507094438508334,6.04032122042189,10.514540317741686
YIWPID_clean,5.93872,6.762582916666664,4.77854,4.780532301587301,1.27431,1.3291669277777776,1634.82,1517.3489649999997,0.6888,0.5988683333333336,0.0007489938,0.005641444106944444,0.0069127563,0.05777004579833332,0.0995759059,0.5308617702500001,0.6784353558,2.1401492111570835,16.73264556582988,20.768466142837777,0.0926631496,0.565377146745,5.296738445111556,9.969965704125494
YIXBIQ_clean,16.14545,13.153919416666668,8.60739,8.515170666666668,1.16801,0.8401877750000004,1492.28,2984.959716666667,0.7494,0.7315266666666661,0.0008297584,0.012687028272777779,0.008139031,0.062348218859444415,0.1236322336,0.5178544615424999,0.9434546316,2.4174225750541662,15.36389202283696,19.305996532768198,0.1154932026,0.44619893377666664,4.991819950724268,7.583645005011974
YIXYUB_clean,7.99703,6.4410857045255145,7.36677,5.105112947222223,1.64643,1.2444439587719305,573.867,1105.7490395833336,0.4756,0.5400741666666669,0.003233416,0.011415112708749998,0.0335218452,0.0950038402759167,0.5777571254,1.0126413565016668,2.9457344866,3.663718828566667,23.30366760113388,25.103450321453046,0.5442352802,0.9468978759633326,16.08003965617569,14.897106633659412
YOCCIE_clean,6.8059,7.361770833333335,5.18062,5.68535590972222,1.41637,1.2420666749999998,740.368,1467.1100875000009,0.5234,0.5776852380952383,0.0703498246,0.025469735188333325,0.4166596776,0.12947797664833327,1.9065719581,1.0854688075738883,3.810031878,4.2711507772358335,41.32198162086298,25.97665914442933,1.4899122805,0.8956814025408334,16.7706151123829,14.700757977893181
YORLEY_clean,14.11404,10.84501033333334,9.82464,8.170933833333331,1.50654,1.1689093416666667,708.545,1402.7112111111112,0.6006,0.5988833333333332,0.0041396642,0.006840551001666666,0.0417131296,0.055012651361666665,0.3662574188,0.5434465784591663,0.9583813067,2.531676509660835,30.20316202092071,23.38541414407568,0.3245442892,0.5519726821083328,13.55051930398549,10.560060565474373
YOZCAS_manual,8.46123,7.629369416666667,4.31249,5.398524291666666,1.29132,1.4479498583333337,987.221,1103.063558333334,0.5562,0.5427391666666669,0.0023113312,0.03926386221166666,0.0223826107,0.19501386108416657,0.3205603736,1.1401636807325,1.7829825121,2.337545870474166,23.20982191645028,25.200966096587784,0.2981777629,0.9351903388516668,9.973577914682155,13.888284523825265
YOZYUJ_clean,8.32775,8.496783812500002,7.35004,5.9810255833333335,1.04928,1.0067374250000005,1714.71,2037.9360333333332,0.648,0.6426886666666668,0.0036007442,0.012313516313333332,0.035376689,0.08779220611750001,0.5455984075,0.9520033001558331,4.1991592556,3.9234212850733337,21.36494394120494,22.22282572652164,0.5102217185,0.8986802617641665,10.31338502950563,10.560692661398509
YUDFOU_clean,7.64047,7.736274555555558,6.34458,5.894939312500002,1.05425,1.0497340916666669,1801.98,2053.988733333333,0.6516,0.626715,0.0006388445,0.006963369812500001,0.0067534989,0.0710515561048611,0.0994891176,0.6304924730699998,0.6991101444,3.8803273937808345,15.91099987503801,22.020454321856118,0.0927356187,0.6617977147683332,4.856002943729334,10.398572556210135
YURKEC_clean,7.90101,7.77307520277778,7.08763,6.037929750000002,1.07399,1.0096314833333333,1643.06,1977.645033333334,0.6344,0.6505083333333335,0.0033753813,0.006930305291666665,0.0334016334,0.06637988004708331,0.4847741314,0.7176063827099995,3.3208396489,3.4440961154570844,22.66660073690873,21.888665291426825,0.451372498,0.5897414181166667,11.05910425836893,10.438646881443555
ZARMAI_charged,10.69503,9.670356041666672,7.05231,6.57797,0.975433,1.1355418083333333,1685.83,1914.3297916666668,0.6456,0.6394383333333331,0.0040107627,0.005578530143333332,0.0399062583,0.05349613155666666,0.5675935029,0.5588191958,3.0407892094,2.398735347721666,23.46361191440758,21.27947454283797,0.5276872446,0.6961828970058336,10.53034562821102,10.545945265097975
ZIQVAY_clean,8.56153,10.003786416666669,4.50798,5.05818370833333,2.05613,1.424510458333333,663.603,1117.6931027777775,0.4994,0.5611534999999999,0.0169164124,0.007790299339166667,0.1522233952,0.06578341067916667,1.0380288134,0.5924885300658335,2.6988645806,1.8416589337799996,28.90341354272094,25.000798846099492,0.8858054181999999,0.5161456337649999,15.45612125373757,12.593892616088583
acs.chemmater.6b02817_cm6b02817_si_004_clean,10.39878,10.230545749999987,5.64581,5.75442175,0.897688,0.9005094333333328,1658.39,1815.9880833333316,0.6776,0.6778633333333333,0.0029648897,0.0038228063370833384,0.0307548563,0.04717083022333327,0.4624156894,0.5957287240233332,3.4714421061,3.562631821114161,19.13099221329939,20.16670871428921,0.4316608331,0.4748472684783324,8.362418230210432,8.707383011372743
acs.inorgchem.6b01211_ic6b01211_si_002_clean,11.28381,9.9023845,4.52903,5.2990946666666705,0.822811,0.8946673354166664,2743.3,2514.886825,0.6948,0.6715549999999999,0.0114821229,0.008996569514166667,0.1125212969,0.12671560148416666,0.9286092938,1.0134309238769443,3.2116442854,3.663478495409582,27.12452262857667,22.930733496161825,0.8160879969,0.9187503808291665,11.81235288107237,11.793633068990257
acs.inorgchem.6b02413_ic6b02413_si_002_clean,13.37732,12.425411749999997,6.88163,6.688155749999998,0.804279,0.8636428166666661,2730.07,2970.9774500000008,0.74,0.6969999999999998,0.001782977,0.005364308867500001,0.0163530106,0.04961178167500002,0.2487080049,0.5186040908008335,1.7315077378,2.2332745475241658,17.93120882480488,20.44302986190071,0.2323549943,0.4644567450766664,6.31993774914803,8.413312156010846
acs.jpcc.6b08594_UiO66_Ce2Zr4_opt_clean,8.49751,7.22853197222222,4.07254,5.937502499999996,1.27238,1.1572067340909091,1330.45,1557.1444458333342,0.6072,0.6077383333333335,0.0045229583,0.011185474165972221,0.0461927074,0.09897381172909726,0.6099164964,0.9923470465999998,2.6247401191,3.376255202663333,22.95093737178018,23.72232820795501,0.563723789,0.9500743499916663,12.69746024899647,14.14306692666664
acscombsci.5b00188_5040209_clean,7.3732,7.295260916666668,5.53143,5.633378097222222,1.04632,1.139640641666666,1767.06,1965.6561,0.6162,0.6236150000000001,0.0116803165,0.018946306380833337,0.1111522781,0.1165179382366667,1.1641069177,1.0984143321008333,3.5273405042,4.253758767366109,26.17193153170888,23.46948453446894,1.0529546396,1.0535469708349998,13.52458958811988,13.664641698276597
c4ce00408f_c4ce00408f2_clean,12.62762,13.067345749999985,5.23882,5.413933125000002,1.04827,1.0283208749999995,1725.39,1962.6571833333364,0.6818,0.6675233333333335,0.0143108077,0.029341002970833314,0.1199986443,0.19563100141166645,0.7231739771,0.8824661249199991,2.0342169826,3.2468106399699987,29.89128391154573,27.459521623309563,0.6031753328,0.7420765566683329,11.72677287366524,10.503275125623219
c5ce02194d_c5ce02194d2_clean,6.92785,6.841763500000003,5.95944,5.5200516527777745,0.95198,1.0975959833333333,1649.04,1628.361769444445,0.5884,0.6081109523809524,0.0088374509,0.012507310069444444,0.0894830701,0.07452985634583334,1.1122572679,0.8674104803866668,4.5835374683,3.5759803600308335,24.96507016240663,22.796325105006325,1.0227741978,0.735436605530833,13.10382927748946,12.846723484920918
c6ce00126b_c6ce00126b2_clean,5.67441,6.1499127577280275,4.44258,4.581696330908291,1.13028,1.2348035208333337,1007.16,1270.6072677083341,0.5446,0.5754432539682539,0.0305312362,0.006497388710416666,0.2887919267,0.06209686578964283,2.4295634013,1.1149636537383343,4.1860123506,3.5703757295568357,27.94782558203171,23.612789071505087,2.1407714746,0.9535508750808332,16.4512173214977,15.808167039155126
